Date,y_true,y_pred,fold,model
2021-02-02,5.122711181640625,-1.0878855842813726,1,ARIMA
2021-02-03,-1.26611328125,0.3341448872372458,1,ARIMA
2021-02-04,3.75927734375,0.9235881458844418,1,ARIMA
2021-02-05,1.090789794921875,-1.4121870122128435,1,ARIMA
2021-02-08,2.162017822265625,2.184203135667637,1,ARIMA
2021-02-09,-0.068145751953125,-2.054573252499009,1,ARIMA
2021-02-10,-0.740081787109375,2.1744824443227215,1,ARIMA
2021-02-11,1.782135009765625,-1.4532947224789239,1,ARIMA
2021-02-12,1.82122802734375,1.1195697141843581,1,ARIMA
2021-02-16,-0.88629150390625,-0.13370175955811814,1,ARIMA
2021-02-17,-1.567962646484375,-0.2558210543515397,1,ARIMA
2021-02-18,-1.42181396484375,1.099746628891757,1,ARIMA
2021-02-19,-1.41217041015625,-1.1874188473848006,1,ARIMA
2021-02-22,-8.3560791015625,1.6263850575357717,1,ARIMA
2021-02-23,-0.9349365234375,-1.272077592299743,1,ARIMA
2021-02-24,2.580841064453068,1.2973199508997961,1,ARIMA
2021-02-25,-11.005126953124943,-0.6129376384345254,1,ARIMA
2021-02-26,1.275848388671875,0.43040143729212754,1,ARIMA
2021-03-01,9.203369140625,0.32145586415772587,1,ARIMA
2021-03-02,-5.0545654296875,-0.4344454518134857,1,ARIMA
2021-03-03,-8.998809814453125,1.3549770658585987,2,ARIMA
2021-03-04,-4.92791748046875,-0.7157289185787092,2,ARIMA
2021-03-05,4.460479736328125,0.7920201388671697,2,ARIMA
2021-03-08,-8.5118408203125,-0.24889509831107193,2,ARIMA
2021-03-09,11.5211181640625,0.24033206953702507,2,ARIMA
2021-03-10,-0.86676025390625,0.32563367218148226,2,ARIMA
2021-03-11,6.97314453125,-0.28174429234889464,2,ARIMA
2021-03-12,-2.512664794921875,0.7312004942499235,2,ARIMA
2021-03-15,3.281982421875,-0.5264324751382159,2,ARIMA
2021-03-16,1.7044677734375,0.7947473134402698,2,ARIMA
2021-03-17,1.285430908203125,-0.4135889396347344,2,ARIMA
2021-03-18,-9.6025390625,0.5328632607027581,2,ARIMA
2021-03-19,1.07135009765625,-0.04743232106468831,2,ARIMA
2021-03-22,5.719024658203125,0.11754636669309748,2,ARIMA
2021-03-23,-1.35546875,0.3594990454434732,2,ARIMA
2021-03-24,-5.216888427734375,-0.2286790568624576,2,ARIMA
2021-03-25,-0.526611328125,0.6043525047846037,2,ARIMA
2021-03-26,4.55389404296875,-0.34760029313330654,2,ARIMA
2021-03-29,-0.087799072265625,0.5909239328412786,2,ARIMA
2021-03-30,-1.550384521484375,-0.21307803317515672,2,ARIMA
2021-03-31,4.69036865234375,1.2597989747393976,3,ARIMA
2021-04-01,5.304595947265625,-1.131122412293331,3,ARIMA
2021-04-05,6.31884765625,1.4635382827817236,3,ARIMA
2021-04-06,-0.224212646484375,-1.0816039962037975,3,ARIMA
2021-04-07,0.780029296875,1.1059971038723209,3,ARIMA
2021-04-08,3.373931884765625,-0.4705093843149598,3,ARIMA
2021-04-09,1.97955322265625,0.3307703181006174,3,ARIMA
2021-04-12,-0.4290771484375,0.36315785553253516,3,ARIMA
2021-04-13,3.832305908203125,-0.45397691006667806,3,ARIMA
2021-04-14,-3.988250732421875,1.003514074878697,3,ARIMA
2021-04-15,4.97308349609375,-0.877660161022335,3,ARIMA
2021-04-16,0.390106201171875,1.1692199853867375,3,ARIMA
2021-04-19,-3.05224609375,-0.7785583014410803,3,ARIMA
2021-04-20,-2.4085693359375,0.8319522760435493,3,ARIMA
2021-04-21,2.808349609375,-0.2581068091125246,3,ARIMA
2021-04-22,-3.988189697265682,0.2032403225180595,3,ARIMA
2021-04-23,4.115020751953182,0.39444080433265694,3,ARIMA
2021-04-26,2.155059814453125,-0.39028236333181965,3,ARIMA
2021-04-27,-1.4432373046875,0.8579167428490154,3,ARIMA
2021-04-28,-1.1214599609375,-0.6727700344192892,3,ARIMA
2021-04-29,1.189727783203125,-0.5786350040552909,4,ARIMA
2021-04-30,-2.17449951171875,0.5217461814301424,4,ARIMA
2021-05-03,-1.75518798828125,-0.44365230205661127,4,ARIMA
2021-05-04,-5.899566650390625,0.28255010393494995,4,ARIMA
2021-05-05,-1.0824584960938068,-0.10935895738202144,4,ARIMA
2021-05-06,2.418365478515682,-0.05376718840961557,4,ARIMA
2021-05-07,2.62310791015625,0.18778419119674108,4,ARIMA
2021-05-10,-8.2301025390625,-0.28089250819301853,4,ARIMA
2021-05-11,-0.43881225585943184,0.32780255204012315,4,ARIMA
2021-05-12,-8.210540771484318,-0.3294537294419304,4,ARIMA
2021-05-13,2.38909912109375,0.2919971765093303,4,ARIMA
2021-05-14,6.8746337890625,-0.22533739279034629,4,ARIMA
2021-05-17,-1.9307861328125,0.1414360162789539,4,ARIMA
2021-05-18,-2.135528564453125,-0.05261170392666439,4,ARIMA
2021-05-19,0.36077880859369316,-0.029963611879280316,4,ARIMA
2021-05-20,6.084747314453182,0.09742222246566173,4,ARIMA
2021-05-21,-1.774627685546875,-0.14392389805061145,4,ARIMA
2021-05-24,5.36309814453125,0.16692045686524706,4,ARIMA
2021-05-25,0.448638916015625,-0.1669947585780615,4,ARIMA
2021-05-26,1.131134033203125,0.1473528069690634,4,ARIMA
2021-05-27,-1.218902587890625,0.5766853407661492,5,ARIMA
2021-05-28,1.023773193359375,-1.0349257730660149,5,ARIMA
2021-06-01,-1.0822753906250568,1.3058179200591655,5,ARIMA
2021-06-02,0.6337890625,-1.3762065259671346,5,ARIMA
2021-06-03,-3.383666992187443,1.2704687299174604,5,ARIMA
2021-06-04,5.460723876953125,-1.013709581887356,5,ARIMA
2021-06-07,0.97515869140625,0.6467145454676566,5,ARIMA
2021-06-08,0.156036376953125,-0.22099507578657643,5,ARIMA
2021-06-09,0.077972412109375,-0.20771563338772112,5,ARIMA
2021-06-10,3.422698974609375,0.5865015183799192,5,ARIMA
2021-06-11,0.8677978515625,-0.871599672164248,5,ARIMA
2021-06-14,3.188720703125,1.033261597223285,5,ARIMA
2021-06-15,-2.194061279296875,-1.0586158535788432,5,ARIMA
2021-06-16,-1.218963623046875,0.952292055262803,5,ARIMA
2021-06-17,4.222381591796875,-0.7348563900186282,5,ARIMA
2021-06-18,-2.642608642578125,0.43937548640582974,5,ARIMA
2021-06-21,2.076507568359375,-0.1066377487366558,5,ARIMA
2021-06-22,3.133758544921875,-0.2203036243155977,5,ARIMA
2021-06-23,0.165985107421875,0.5015560291220994,5,ARIMA
2021-06-24,2.0989990234375,-0.7051155894587783,5,ARIMA
2021-06-25,-0.419830322265625,-0.5962073059501405,6,ARIMA
2021-06-28,4.149078369140625,0.4906597190819562,6,ARIMA
2021-06-29,1.249603271484375,-0.49550846362447193,6,ARIMA
2021-06-30,-0.546722412109375,0.37259235193837437,6,ARIMA
2021-07-01,0.13671875,-0.1992195315325173,6,ARIMA
2021-07-02,3.973358154296875,0.016848268210280206,6,ARIMA
2021-07-06,1.51318359375,0.14878997122895982,6,ARIMA
2021-07-07,0.742034912109375,-0.2757718105657238,6,ARIMA
2021-07-08,-2.1282958984375,0.3494776853051129,6,ARIMA
2021-07-09,2.186798095703125,-0.3646086412485752,6,ARIMA
2021-07-12,1.3765869140625,0.32498413628677697,6,ARIMA
2021-07-13,0.0,-0.24201852607166616,6,ARIMA
2021-07-14,0.634521484375,0.13227461293347248,6,ARIMA
2021-07-15,-2.489471435546875,-0.014518769021860453,6,ARIMA
2021-07-16,-2.85064697265625,-0.09324379298358046,6,ARIMA
2021-07-19,-2.860443115234375,0.17631783491606573,6,ARIMA
2021-07-20,4.022186279296875,-0.22512175852865268,6,ARIMA
2021-07-21,2.70428466796875,0.2360596474276321,6,ARIMA
2021-07-22,2.333221435546875,-0.21143027817447949,6,ARIMA
2021-07-23,4.149139404296875,0.1584854257385014,6,ARIMA
2021-07-26,0.283111572265625,1.264815722605507,7,ARIMA
2021-07-27,-3.963623046875,2.7720621340553238,7,ARIMA
2021-07-28,1.36663818359375,2.665025673540414,7,ARIMA
2021-07-29,0.63470458984375,2.620924923569868,7,ARIMA
2021-07-30,-1.86474609375,2.6888887231182665,7,ARIMA
2021-08-02,0.02935791015625,2.5150277402354577,7,ARIMA
2021-08-03,2.157562255859375,2.558740138031433,7,ARIMA
2021-08-04,0.51739501953125,2.627429353752162,7,ARIMA
2021-08-05,2.274658203125,2.5986466214295882,7,ARIMA
2021-08-06,-1.5815734863281818,2.6020534849153623,7,ARIMA
2021-08-09,0.6638793945313068,2.58765878861431,7,ARIMA
2021-08-10,-1.84515380859375,2.5894649554377933,7,ARIMA
2021-08-11,-0.614990234375,2.5986297731504444,7,ARIMA
2021-08-12,1.288604736328125,2.5969660872235134,7,ARIMA
2021-08-13,1.25933837890625,2.595178342163329,7,ARIMA
2021-08-16,0.156219482421875,2.594329436994316,7,ARIMA
2021-08-17,-3.172821044921875,2.5943869084119386,7,ARIMA
2021-08-18,-3.43634033203125,2.5954943684736045,7,ARIMA
2021-08-19,1.708404541015625,2.595457439024503,7,ARIMA
2021-08-20,3.680511474609375,2.595090197043582,7,ARIMA
2021-08-23,5.36944580078125,-0.47379642405502287,8,ARIMA
2021-08-24,1.11279296875,0.6513758846175977,8,ARIMA
2021-08-25,0.419921875,0.04437850297206131,8,ARIMA
2021-08-26,-2.323455810546818,0.2109956690148057,8,ARIMA
2021-08-27,3.533996582031193,0.19270134040069933,8,ARIMA
2021-08-30,4.119873046875,0.1430667253819206,8,ARIMA
2021-08-31,-0.302734375,0.21131714345487793,8,ARIMA
2021-09-01,0.615020751953125,0.14299760343186316,8,ARIMA
2021-09-02,-0.175689697265625,0.20369257013095285,8,ARIMA
2021-09-03,1.1422729492188068,0.15261112253048736,8,ARIMA
2021-09-07,0.5271301269530682,0.19434825559318147,8,ARIMA
2021-09-08,-1.298431396484375,0.1608131011801098,8,ARIMA
2021-09-09,-1.27886962890625,0.18749012514632085,8,ARIMA
2021-09-10,-2.811676025390625,0.16639662220521365,8,ARIMA
2021-09-13,-0.253814697265625,0.18301336881021638,8,ARIMA
2021-09-14,-1.044586181640625,0.16995332189484885,8,ARIMA
2021-09-15,2.723724365234432,0.18020328430861024,8,ARIMA
2021-09-16,0.25381469726556816,0.17216594499582552,8,ARIMA
2021-09-17,-4.37359619140625,0.17846477834046456,8,ARIMA
2021-09-20,-7.541168212890625,0.1735301282451457,8,ARIMA
2021-09-21,0.4398193359375,0.6659795664915086,9,ARIMA
2021-09-22,3.342498779296875,0.06699616428152927,9,ARIMA
2021-09-23,3.332763671875,-0.6175049080427389,9,ARIMA
2021-09-24,0.34201049804693184,0.20696052428507308,9,ARIMA
2021-09-27,-2.912445068359432,-0.272526025381734,9,ARIMA
2021-09-28,-10.242523193359375,0.34828978804863414,9,ARIMA
2021-09-29,-0.57666015625,-0.378007843148052,9,ARIMA
2021-09-30,-1.290130615234375,0.2992651200874953,9,ARIMA
2021-10-01,2.169708251953125,-0.17497841772062922,9,ARIMA
2021-10-04,-7.388641357421875,0.038758357193366476,9,ARIMA
2021-10-05,4.652130126953125,0.08408254355657477,9,ARIMA
2021-10-06,2.2381591796875,-0.17854094564769743,9,ARIMA
2021-10-07,3.225189208984375,0.2330127130177967,9,ARIMA
2021-10-08,-1.769012451171875,-0.24298490313234958,9,ARIMA
2021-10-11,-2.70721435546875,0.2116955505361374,9,ARIMA
2021-10-12,-1.22161865234375,-0.1491224460414006,9,ARIMA
2021-10-13,2.795104980468693,0.06929684909877074,9,ARIMA
2021-10-14,6.479827880859432,0.01257413063845569,9,ARIMA
2021-10-15,2.25762939453125,-0.08276105659917722,9,ARIMA
2021-10-18,3.6259765625,0.1310734901862064,9,ARIMA
2021-10-19,2.75604248046875,-0.26304711154278615,10,ARIMA
2021-10-20,-0.478851318359375,0.40140904666538335,10,ARIMA
2021-10-21,2.238006591796875,0.11555855563449757,10,ARIMA
2021-10-22,-3.098052978515625,0.1909813337783529,10,ARIMA
2021-10-25,3.743133544921875,0.16586976975416196,10,ARIMA
2021-10-26,1.1630554199219318,0.17329943198802278,10,ARIMA
2021-10-27,0.8600769042968182,0.17096940513107636,10,ARIMA
2021-10-28,4.1243896484375,0.17167911991166956,10,ARIMA
2021-10-29,1.84710693359375,0.17145978612201407,10,ARIMA
2021-11-01,1.29010009765625,0.17152708131611066,10,ARIMA
2021-11-02,1.583282470703125,0.171506359481576,10,ARIMA
2021-11-03,4.036407470703125,0.1715127287827225,10,ARIMA
2021-11-04,4.92584228515625,0.17151076928686107,10,ARIMA
2021-11-05,0.3714599609375,0.1715113718506493,10,ARIMA
2021-11-08,-0.5279235839843182,0.17151118651526637,10,ARIMA
2021-11-09,-2.677825927734432,0.17151124351403677,10,ARIMA
2021-11-10,-5.678375244140625,0.17151122598344246,10,ARIMA
2021-11-11,1.05560302734375,0.17151123137501967,10,ARIMA
2021-11-12,4.016876220703125,0.17151122971680413,10,ARIMA
2021-11-15,-0.0880126953125,0.17151123022679587,10,ARIMA
2021-11-16,2.746368408203182,0.4153884556620775,11,ARIMA
2021-11-17,0.20523071289056816,0.13822033264238942,11,ARIMA
2021-11-18,4.026641845703125,0.20410834203063122,11,ARIMA
2021-11-19,2.18927001953125,0.18067070681085848,11,ARIMA
2021-11-22,-4.583770751953125,0.18739342767560735,11,ARIMA
2021-11-23,-1.77874755859375,0.18524107257534464,11,ARIMA
2021-11-24,1.2509765625,0.1858916150952936,11,ARIMA
2021-11-26,-7.38873291015625,0.18568904558401508,11,ARIMA
2021-11-29,8.297698974609375,0.18575115182225949,11,ARIMA
2021-11-30,-5.73699951171875,0.18573195660417263,11,ARIMA
2021-12-01,-6.548187255859375,0.18573786449983387,11,ARIMA
2021-12-02,2.726837158203125,0.1857360422119598,11,ARIMA
2021-12-03,-6.626495361328125,0.18573660366099626,11,ARIMA
2021-12-06,3.000457763671932,0.18573643057628353,11,ARIMA
2021-12-07,11.366485595703068,0.18573648391893083,11,ARIMA
2021-12-08,1.7396240234375,0.18573646747675546,11,ARIMA
2021-12-09,-5.7467041015625,0.18573647254442405,11,ARIMA
2021-12-10,4.183013916015625,0.1857364709824431,11,ARIMA
2021-12-13,-5.619720458984375,0.1857364714638736,11,ARIMA
2021-12-14,-3.968017578125,0.1857364713154864,11,ARIMA
2021-12-15,8.649505615234375,0.9331702137767417,12,ARIMA
2021-12-16,-9.978607177734375,-0.935580954378574,12,ARIMA
2021-12-17,-1.88641357421875,1.0388156954245606,12,ARIMA
2021-12-20,-3.6490478515625,-1.0223489653510747,12,ARIMA
2021-12-21,8.3375244140625,0.880723560015727,12,ARIMA
2021-12-22,4.6385498046875,-0.6380809913394936,12,ARIMA
2021-12-23,2.906463623046932,0.330682409685783,12,ARIMA
2021-12-27,6.419464111328068,-0.0007296125023483757,12,ARIMA
2021-12-28,-1.82989501953125,-0.3093187728391943,12,ARIMA
2021-12-29,-0.058746337890625,0.5620556233422532,12,ARIMA
2021-12-30,-1.174285888671875,-0.7294782384926524,12,ARIMA
2021-12-31,-2.44647216796875,0.795905907063295,12,ARIMA
2022-01-03,3.747894287109432,-0.7591860654505632,12,ARIMA
2022-01-04,-5.098388671875,0.6301425676516906,12,ARIMA
2022-01-05,-11.919250488281307,-0.43044130950893733,12,ARIMA
2022-01-06,-0.264190673828125,0.18923493093305654,12,ARIMA
2022-01-07,-4.070953369140568,0.06092154746764045,12,ARIMA
2022-01-10,0.24468994140619316,-0.2883313058975766,12,ARIMA
2022-01-11,5.587707519531307,0.46605123412608734,12,ARIMA
2022-01-12,1.4972839355468182,-0.5749593450768309,12,ARIMA
2022-01-13,-9.482574462890625,0.81559859910598,13,ARIMA
2022-01-14,2.2996826171875,-0.8763594882725587,13,ARIMA
2022-01-18,-9.25738525390625,0.6735255992768795,13,ARIMA
2022-01-19,-3.982879638671875,-0.3881595859828104,13,ARIMA
2022-01-20,-4.658111572265625,0.07050031051144534,13,ARIMA
2022-01-21,-9.81524658203125,0.2379813180894848,13,ARIMA
2022-01-24,1.57550048828125,-0.5000174067423723,13,ARIMA
2022-01-25,-8.014617919921875,0.686172233928278,13,ARIMA
2022-01-26,-0.52838134765625,-0.7779489858053564,13,ARIMA
2022-01-27,-3.395751953125,0.7694324836865677,13,ARIMA
2022-01-28,10.470916748046875,-0.6673046360575691,13,ARIMA
2022-01-31,11.009124755859375,0.48931885947997167,13,ARIMA
2022-02-01,2.41705322265625,-0.261506435520927,13,ARIMA
2022-02-02,2.90643310546875,0.014527721522660464,13,ARIMA
2022-02-03,-14.620208740234375,0.22033749962509352,13,ARIMA
2022-02-04,4.364654541015625,-0.4150499146550787,13,ARIMA
2022-02-07,-2.818359375,0.5480572336429546,13,ARIMA
2022-02-08,3.904571533203125,-0.6065648905261551,13,ARIMA
2022-02-09,7.447021484375,0.5876080987763995,13,ARIMA
2022-02-10,-8.122344970703125,-0.49786157701717704,13,ARIMA
2022-02-11,-11.126495361328125,2.909292498352189,14,ARIMA
2022-02-14,0.42083740234375,-2.394634041556784,14,ARIMA
2022-02-15,8.45501708984375,2.382822121661396,14,ARIMA
2022-02-16,-0.088134765625,-1.4235710530701273,14,ARIMA
2022-02-17,-10.363250732421875,0.9892532918963551,14,ARIMA
2022-02-18,-3.85565185546875,0.16712288890907334,14,ARIMA
2022-02-22,-3.356536865234375,-0.5632943659874224,14,ARIMA
2022-02-23,-8.474517822265625,1.4735396593347936,14,ARIMA
2022-02-24,10.8328857421875,-1.468773183485927,14,ARIMA
2022-02-25,5.1669921875,1.8925317139022995,14,ARIMA
2022-02-28,1.0079345703125,-1.3901080110358772,14,ARIMA
2022-03-01,-5.196319580078125,1.373917065748258,14,ARIMA
2022-03-02,5.607391357421875,-0.5437619077114376,14,ARIMA
2022-03-03,-4.85382080078125,0.3461274469456844,14,ARIMA
2022-03-04,-4.85382080078125,0.5082670627115826,14,ARIMA
2022-03-07,-12.173675537109375,-0.584475827107047,14,ARIMA
2022-03-08,-1.4776611328125,1.2020812883551417,14,ARIMA
2022-03-09,11.390777587890625,-0.9693007534499235,14,ARIMA
2022-03-10,-3.640350341796875,1.2546443363005344,14,ARIMA
2022-03-11,-6.722869873046875,-0.7138091783613435,14,ARIMA
2022-03-14,-6.096649169921875,-0.45778455824288145,15,ARIMA
2022-03-15,9.76629638671875,0.14028287492014313,15,ARIMA
2022-03-16,11.90948486328125,0.1617261069351703,15,ARIMA
2022-03-17,4.031768798828125,-0.40952045592820474,15,ARIMA
2022-03-18,6.899017333984318,0.5758071309554368,15,ARIMA
2022-03-21,-0.9562072753905682,-0.6471393336777864,15,ARIMA
2022-03-22,6.741058349609375,0.624221128306897,15,ARIMA
2022-03-23,-5.026458740234375,-0.5202865298668365,15,ARIMA
2022-03-24,7.662017822265568,0.35797760308382387,15,ARIMA
2022-03-25,-0.2939453125,-0.16530106605186778,15,ARIMA
2022-03-28,5.447692871093807,-0.028696379885873646,15,ARIMA
2022-03-29,6.153167724609375,0.19792522628469222,15,ARIMA
2022-03-30,-4.0172119140625,-0.3224235543243343,15,ARIMA
2022-03-31,-4.458038330078125,0.3903658158744565,15,ARIMA
2022-04-01,-0.676055908203125,-0.3987666534280602,15,ARIMA
2022-04-04,7.299468994140625,0.352926416498824,15,ARIMA
2022-04-05,-8.0343017578125,-0.2648282952041286,15,ARIMA
2022-04-06,-7.681640625,0.15081456362028317,15,ARIMA
2022-04-07,0.82305908203125,-0.028930510615547217,15,ARIMA
2022-04-08,-4.850128173828125,-0.08367284145954357,15,ARIMA
2022-04-11,-8.093017578125,1.5514285137471753,16,ARIMA
2022-04-12,-1.41094970703125,-1.3330220882626393,16,ARIMA
2022-04-13,6.7606201171875,1.5522010455516666,16,ARIMA
2022-04-14,-7.760009765625,-0.9559857315148197,16,ARIMA
2022-04-18,0.25469970703125,0.8838805175515014,16,ARIMA
2022-04-19,7.417144775390625,-0.11252961447065246,16,ARIMA
2022-04-20,-4.94805908203125,-0.007058845619734688,16,ARIMA
2022-04-21,-6.917327880859375,0.7045806810134996,16,ARIMA
2022-04-22,-8.5732421875,-0.6506263380212289,16,ARIMA
2022-04-25,4.095550537109375,1.1074201728914541,16,ARIMA
2022-04-26,-12.188720703125,-0.7836773731781654,16,ARIMA
2022-04-27,-0.372344970703125,0.9798014845992703,16,ARIMA
2022-04-28,11.022796630859375,-0.43773756392193475,16,ARIMA
2022-04-29,-14.461883544921875,0.482306097328269,16,ARIMA
2022-05-02,5.12432861328125,0.13127362414510857,16,ARIMA
2022-05-03,0.333160400390625,-0.07669139393736268,16,ARIMA
2022-05-04,10.562225341796875,0.608058564324983,16,ARIMA
2022-05-05,-16.2646484375,-0.41693002413559244,16,ARIMA
2022-05-06,-3.67425537109375,0.7806382863253775,16,ARIMA
2022-05-09,-11.85552978515625,-0.4157485059238406,16,ARIMA
2022-05-10,3.53704833984375,0.7517412917947798,17,ARIMA
2022-05-11,-8.739776611328125,1.0943644105757195,17,ARIMA
2022-05-12,-0.6760864257813068,-0.9547748127248646,17,ARIMA
2022-05-13,10.572021484375057,1.1125204099020174,17,ARIMA
2022-05-16,-3.42926025390625,-0.7439604979682942,17,ARIMA
2022-05-17,7.5738525390625,0.8926548501053693,17,ARIMA
2022-05-18,-14.7264404296875,-0.5455581970139879,17,ARIMA
2022-05-19,-1.528472900390625,0.7176061527549249,17,ARIMA
2022-05-20,-0.881866455078125,-0.3917082762311974,17,ARIMA
2022-05-23,4.703125,0.5824783608266988,17,ARIMA
2022-05-24,-6.114013671875057,-0.27303816219605836,17,ARIMA
2022-05-25,3.938842773437557,0.47826361028946907,17,ARIMA
2022-05-26,7.906951904296875,-0.18151827333575826,17,ARIMA
2022-05-27,9.572662353515568,0.3978922154125595,17,ARIMA
2022-05-31,-0.8035278320311932,-0.11093732643051712,17,ARIMA
2022-06-01,-2.23382568359375,0.3359090934351623,17,ARIMA
2022-06-02,8.210662841796875,-0.056504684678150785,17,ARIMA
2022-06-03,-8.014739990234375,0.2881071694287659,17,ARIMA
2022-06-06,0.99945068359375,-0.014525756870821471,17,ARIMA
2022-06-07,2.596374511718693,0.25124190895124976,17,ARIMA
2022-06-08,-2.184906005859318,-0.3863122536307434,18,ARIMA
2022-06-09,-8.073516845703125,0.32234900351302026,18,ARIMA
2022-06-10,-10.3466796875,0.014017744069461435,18,ARIMA
2022-06-13,-13.15869140625,0.23501697881161193,18,ARIMA
2022-06-14,0.489837646484375,0.04718550504618085,18,ARIMA
2022-06-15,6.750823974609375,0.21288016361445739,18,ARIMA
2022-06-16,-11.179443359375,0.0656634000249045,18,ARIMA
2022-06-17,3.233245849609375,0.19663836391952372,18,ARIMA
2022-06-21,6.790283203125,0.08008419241402573,18,ARIMA
2022-06-22,-0.40240478515625,0.1838101755092221,18,ARIMA
2022-06-23,4.103424072265568,0.09149968498542596,18,ARIMA
2022-06-24,9.581207275390682,0.17365113964803544,18,ARIMA
2022-06-27,-2.120452880859375,0.10054066769504494,18,ARIMA
2022-06-28,-8.74676513671875,0.16560514439506524,18,ARIMA
2022-06-29,0.25518798828125,0.10770117989885614,18,ARIMA
2022-06-30,-3.455413818359375,0.15923266498750838,18,ARIMA
2022-07-01,1.8160400390625,0.11337235163068055,18,ARIMA
2022-07-05,4.741546630859375,0.1541856202121956,18,ARIMA
2022-07-06,1.806243896484375,0.11786395621990886,18,ARIMA
2022-07-07,6.066864013671875,0.1501883281955746,18,ARIMA
2022-07-08,0.363189697265625,-0.5452584300751657,19,ARIMA
2022-07-11,-6.19439697265625,0.19655632678043788,19,ARIMA
2022-07-12,-2.748779296875,0.11333204620028373,19,ARIMA
2022-07-13,-0.579193115234375,0.12266898755130681,19,ARIMA
2022-07-14,1.00140380859375,0.12162147505633868,19,ARIMA
2022-07-15,5.104705810546875,0.12173899560036502,19,ARIMA
2022-07-18,-2.42474365234375,0.12172581095738025,19,ARIMA
2022-07-19,8.736907958984375,0.12172729014395206,19,ARIMA
2022-07-20,4.643402099609375,0.12172712419384506,19,ARIMA
2022-07-21,4.2703857421875,0.12172714281180613,19,ARIMA
2022-07-22,-5.291351318359375,0.12172714072305499,19,ARIMA
2022-07-25,-1.68841552734375,0.12172714095739222,19,ARIMA
2022-07-26,-5.7919921875,0.1217271409311019,19,ARIMA
2022-07-27,12.212158203125,0.1217271409340514,19,ARIMA
2022-07-28,2.945037841796875,0.1217271409337205,19,ARIMA
2022-07-29,5.5465087890625,0.12172714093375762,19,ARIMA
2022-08-01,-0.18658447265625,0.12172714093375346,19,ARIMA
2022-08-02,-0.922698974609375,0.12172714093375393,19,ARIMA
2022-08-03,8.403228759765625,0.12172714093375388,19,ARIMA
2022-08-04,1.4822998046875,0.12172714093375389,19,ARIMA
2022-08-05,-2.60150146484375,0.39608684813708306,20,ARIMA
2022-08-08,-1.020965576171875,-0.2978946700852042,20,ARIMA
2022-08-09,-3.5634765625,0.5603334402916057,20,ARIMA
2022-08-10,8.687957763671875,-0.24373144222781773,20,ARIMA
2022-08-11,-1.816131591796875,0.48331504845590223,20,ARIMA
2022-08-12,6.19439697265625,-0.17054883520015823,20,ARIMA
2022-08-15,2.621063232421875,0.4170041825094545,20,ARIMA
2022-08-16,-0.765716552734375,-0.11089335364763286,20,ARIMA
2022-08-17,-3.720550537109375,0.36339588470818573,20,ARIMA
2022-08-18,0.775543212890625,-0.06272763718676633,20,ARIMA
2022-08-19,-6.302398681640625,0.32012137087783704,20,ARIMA
2022-08-22,-8.3443603515625,-0.02384779274040072,20,ARIMA
2022-08-23,-0.25518798828125,0.2851899259662273,20,ARIMA
2022-08-24,0.893310546875,0.007536224702588024,20,ARIMA
2022-08-25,5.4678955078125,0.25699308105259,20,ARIMA
2022-08-26,-12.89923095703125,0.032869567143443634,20,ARIMA
2022-08-29,-2.97442626953125,0.23423244095491685,20,ARIMA
2022-08-30,-3.327972412109375,0.05331877311904179,20,ARIMA
2022-08-31,-1.71795654296875,0.21585993371286,20,ARIMA
2022-09-01,0.127685546875,0.0698254786978163,20,ARIMA
2022-09-02,-4.152557373046875,0.09947967882572056,21,ARIMA
2022-09-06,-2.081207275390625,0.14548438932038144,21,ARIMA
2022-09-07,5.811584472656193,0.10112766474593399,21,ARIMA
2022-09-08,1.5216064453125568,0.14161415169918284,21,ARIMA
2022-09-09,6.449676513671875,0.10494718071119594,21,ARIMA
2022-09-12,3.5831298828125,0.13811683887237633,21,ARIMA
2022-09-13,-16.727813720703125,0.10811602481708155,21,ARIMA
2022-09-14,2.2872314453125,0.13525004379450928,21,ARIMA
2022-09-15,-4.839691162109375,0.11070896867156568,21,ARIMA
2022-09-16,-1.747314453125,0.13290487096764667,21,ARIMA
2022-09-19,2.211700439453125,0.11283003578819142,21,ARIMA
2022-09-20,-2.28155517578125,0.130986495354121,21,ARIMA
2022-09-21,-5.084442138671875,0.1145650891295463,21,ARIMA
2022-09-22,-3.432220458984375,0.12941724581466524,21,ARIMA
2022-09-23,-4.484527587890625,0.11598437927608299,21,ARIMA
2022-09-26,-1.12115478515625,0.12813358475969416,21,ARIMA
2022-09-27,0.1082763671875,0.11714537212027512,21,ARIMA
2022-09-28,5.369598388671818,0.12708353780295678,21,ARIMA
2022-09-29,-7.936462402343693,0.11809507531342386,21,ARIMA
2022-09-30,-4.533660888671875,0.1262245894013737,21,ARIMA
2022-10-03,6.166229248046875,0.4602612370859728,22,ARIMA
2022-10-04,8.4576416015625,-0.04672612521444412,22,ARIMA
2022-10-05,-0.14752197265625,0.004743677289400071,22,ARIMA
2022-10-06,-2.183258056640625,-0.0004815822866265395,22,ARIMA
2022-10-07,-10.48358154296875,4.889065689832737e-05,22,ARIMA
2022-10-10,-2.64544677734375,-4.963422447893329e-06,22,ARIMA
2022-10-11,-3.599395751953125,5.038910082039464e-07,22,ARIMA
2022-10-12,-0.0885009765625,-5.115545791524502e-08,22,ARIMA
2022-10-13,6.05804443359375,5.19334703718158e-09,22,ARIMA
2022-10-14,-7.946319580078125,-5.272331545401926e-10,22,ARIMA
2022-10-17,8.467529296875,5.3525173121736733e-11,22,ARIMA
2022-10-18,2.094696044921875,-5.433922607182104e-12,22,ARIMA
2022-10-19,-0.973602294921875,5.516565977972249e-13,22,ARIMA
2022-10-20,-1.357147216796875,-5.6004662541747994e-14,22,ARIMA
2022-10-21,6.20550537109375,5.685642551796285e-15,22,ARIMA
2022-10-24,2.9798583984375,-5.772114277574507e-16,22,ARIMA
2022-10-25,5.6646728515625,5.859901133400201e-17,22,ARIMA
2022-10-26,-6.176055908203125,-5.949023120805966e-18,22,ARIMA
2022-10-27,-4.976226806640625,6.039500545523442e-19,22,ARIMA
2022-10-28,8.211791992187443,-6.131354022109817e-20,22,ARIMA
2022-10-31,-3.215881347656193,-0.8250412973535075,23,ARIMA
2022-11-01,-2.792999267578125,0.0828921559370182,23,ARIMA
2022-11-02,-9.27386474609375,-0.00832820070695547,23,ARIMA
2022-11-03,-5.10418701171875,0.0008367369171581544,23,ARIMA
2022-11-04,4.12066650390625,-8.406721849902164e-05,23,ARIMA
2022-11-07,2.86181640625,8.446259608295058e-06,23,ARIMA
2022-11-08,1.91778564453125,-8.48598331721262e-07,23,ARIMA
2022-11-09,-6.1170654296875,8.525893851201083e-08,23,ARIMA
2022-11-10,19.10845947265625,-8.565992088919768e-09,23,ARIMA
2022-11-11,5.1236572265625,8.60627891316043e-10,23,ARIMA
2022-11-14,-2.478271484375,-8.646755210866693e-11,23,ARIMA
2022-11-15,3.884613037109375,8.687421873153576e-12,23,ARIMA
2022-11-16,-3.884613037109375,-8.728279795327113e-13,23,ARIMA
2022-11-17,-0.61956787109375,8.769329876904063e-14,23,ARIMA
2022-11-18,0.009857177734375,-8.810573021631713e-15,23,ARIMA
2022-11-21,-2.88153076171875,8.852010137507775e-16,23,ARIMA
2022-11-22,3.992828369140625,-8.893642136800376e-17,23,ARIMA
2022-11-23,2.82244873046875,8.935469936068143e-18,23,ARIMA
2022-11-25,-1.86846923828125,-8.977494456180382e-19,23,ARIMA
2022-11-28,-4.140380859375,9.019716622337352e-20,23,ARIMA
2022-11-29,-2.10455322265625,0.40424028819905383,24,ARIMA
2022-11-30,12.5782470703125,-0.03946743455574791,24,ARIMA
2022-12-01,0.354034423828125,0.0038533477139349862,24,ARIMA
2022-12-02,-1.150604248046875,-0.00037621620892320016,24,ARIMA
2022-12-05,-4.828704833984375,3.67313428125612e-05,24,ARIMA
2022-12-06,-5.86138916015625,-3.586213227429847e-06,24,ARIMA
2022-12-07,-1.130950927734375,3.501349073520581e-07,24,ARIMA
2022-12-08,3.26507568359375,-3.4184931450463364e-08,24,ARIMA
2022-12-09,-1.780029296875,3.3375979193581256e-09,24,ARIMA
2022-12-12,3.481414794921875,-3.258616998382981e-10,24,ARIMA
2022-12-13,3.019195556640625,3.181505082011987e-11,24,ARIMA
2022-12-14,-2.1046142578125,-3.1062179421180557e-12,24,ARIMA
2022-12-15,-9.460723876953182,3.0327123971885503e-13,24,ARIMA
2022-12-16,-2.596343994140568,-2.960946287558198e-14,24,ARIMA
2022-12-19,-3.790374755859432,2.890878451228094e-15,24,ARIMA
2022-12-20,-0.20703125,-2.822468700256921e-16,24,ARIMA
2022-12-21,3.854431152343807,2.755677797710852e-17,24,ARIMA
2022-12-22,-6.594940185546875,-2.690467435158907e-18,24,ARIMA
2022-12-23,0.591461181640625,2.62680021070086e-19,24,ARIMA
2022-12-27,-3.726287841796875,-2.5646396075150943e-20,24,ARIMA
2022-12-28,-3.43060302734375,0.34974629057593476,25,ARIMA
2022-12-29,6.25,-0.03282689716010784,25,ARIMA
2022-12-30,-0.157745361328125,0.0030811053789470658,25,ARIMA
2023-01-03,-1.774444580078125,-0.00028918999897781857,25,ARIMA
2023-01-04,1.242095947265625,2.7143133785761865e-05,25,ARIMA
2023-01-05,-4.1009521484375,-2.5476320561427066e-06,25,ARIMA
2023-01-06,7.117492675781193,2.3911863474255573e-07,25,ARIMA
2023-01-09,1.7152709960938068,-2.2443477009672604e-08,25,ARIMA
2023-01-10,2.2574462890625,2.1065261635757322e-09,25,ARIMA
2023-01-11,4.653045654296875,-1.977168010071103e-10,25,ARIMA
2023-01-12,1.47869873046875,1.8557535185857112e-11,25,ARIMA
2023-01-13,1.892730712890625,-1.7417948824791076e-12,25,ARIMA
2023-01-17,0.561859130859375,1.6348342504787682e-13,25,ARIMA
2023-01-18,-3.60797119140625,-1.5344418871724032e-14,25,ARIMA
2023-01-19,-2.691253662109375,1.4402144464612711e-15,25,ARIMA
2023-01-20,7.423095703125,-1.351773351037761e-16,25,ARIMA
2023-01-23,6.1907958984375,1.2687632713764724e-17,25,ARIMA
2023-01-24,-0.58160400390625,-1.1908506981278406e-18,25,ARIMA
2023-01-25,-0.63092041015625,1.1177226021786168e-19,25,ARIMA
2023-01-26,5.530364990234375,-1.0490851769957335e-20,25,ARIMA
2023-01-27,2.878509521484375,-0.5078829390449632,26,ARIMA
2023-01-30,-5.904937744140625,0.046641601454593715,26,ARIMA
2023-01-31,4.288238525390625,-0.004283347242063128,26,ARIMA
2023-02-01,6.2105712890625,0.00039336264244594905,26,ARIMA
2023-02-02,10.646606445312443,-3.612459128985534e-05,26,ARIMA
2023-02-03,-5.461303710937443,3.317514057116918e-06,26,ARIMA
2023-02-06,-2.553253173828125,-3.0466502529702194e-07,26,ARIMA
2023-02-07,6.200714111328125,2.797901562469966e-08,26,ARIMA
2023-02-08,-5.431762695312557,-2.5694623613721364e-09,26,ARIMA
2023-02-09,-2.65185546875,2.359674448546274e-10,26,ARIMA
2023-02-10,-1.9518432617186932,-2.1670150093767954e-11,26,ARIMA
2023-02-13,4.73187255859375,1.9900855619118777e-12,26,ARIMA
2023-02-14,2.218017578124943,-1.827601805521912e-13,26,ARIMA
2023-02-15,2.316680908203182,1.6783842983806624e-14,26,ARIMA
2023-02-16,-5.7176513671875,-1.5413498960985646e-15,26,ARIMA
2023-02-17,-2.109649658203125,1.4155038893626653e-16,26,ARIMA
2023-02-21,-7.028778076171875,-1.2999327835116714e-17,26,ARIMA
2023-02-22,0.2169189453125,1.1937976676342801e-18,26,ARIMA
2023-02-23,2.533538818359375,-1.0963281250582073e-19,26,ARIMA
2023-02-24,-4.899505615234375,1.0068166410271939e-20,26,ARIMA
2023-02-27,2.060302734375,0.4403593659017705,27,ARIMA
2023-02-28,-0.374542236328125,-0.039578762913231834,27,ARIMA
2023-03-01,-2.3265380859375,0.003557272979839935,27,ARIMA
2023-03-02,2.37579345703125,-0.00031972174271441885,27,ARIMA
2023-03-03,5.983795166015625,2.873605521523532e-05,27,ARIMA
2023-03-06,0.335235595703125,-2.5827485560487427e-06,27,ARIMA
2023-03-07,-3.62774658203125,2.3213311826583783e-07,27,ARIMA
2023-03-08,1.458953857421875,-2.086373621993596e-08,27,ARIMA
2023-03-09,-5.08673095703125,1.8751976982300696e-09,27,ARIMA
2023-03-10,-4.051666259765625,-1.685396311753286e-10,27,ARIMA
2023-03-13,2.109619140625,1.5148060017099428e-11,27,ARIMA
2023-03-14,6.58514404296875,-1.3614822856882815e-12,27,ARIMA
2023-03-15,1.537872314453125,1.2236774954354345e-13,27,ARIMA
2023-03-16,7.768096923828125,-1.0998208559710723e-14,27,ARIMA
2023-03-17,-1.429412841796875,9.885005810281042e-16,27,ARIMA
2023-03-20,1.068359375,-8.884477807343928e-17,27,ARIMA
2023-03-21,4.314544677734375,7.985219981063683e-18,27,ARIMA
2023-03-22,-4.16650390625,-7.176982094915184e-19,27,ARIMA
2023-03-23,3.584045410156193,6.450551407836332e-20,27,ARIMA
2023-03-24,1.12548828125,-5.797647662325819e-21,27,ARIMA
2023-03-27,-2.102966308593693,-0.0998633884163397,28,ARIMA
2023-03-28,-1.6192016601563068,0.008860773152534971,28,ARIMA
2023-03-29,5.528961181640682,-0.0007862070585203391,28,ARIMA
2023-03-30,2.92254638671875,6.975932328099e-05,28,ARIMA
2023-03-31,5.1834716796875,-6.189671196516967e-06,28,ARIMA
2023-04-03,-0.770111083984375,5.492029985249605e-07,28,ARIMA
2023-04-04,-1.06634521484375,-4.873020294818513e-08,28,ARIMA
2023-04-05,-3.110046386718807,4.3237795236898865e-09,28,ARIMA
2023-04-06,2.102996826171932,-3.836443978975098e-10,28,ARIMA
2023-04-10,-0.177764892578125,3.404036288893328e-11,28,ARIMA
2023-04-11,-2.014099121093807,-3.0203655050368383e-12,28,ARIMA
2023-04-12,-2.754669189453068,2.6799384641643316e-13,28,ARIMA
2023-04-13,6.05230712890625,-2.3778811404548468e-14,28,ARIMA
2023-04-14,-0.592376708984375,2.109868862191951e-15,28,ARIMA
2023-04-17,0.26654052734375,-1.8720643937634556e-16,28,ARIMA
2023-04-18,0.019744873046875,1.6610629964726652e-17,28,ARIMA
2023-04-19,-0.1480712890625,-1.473843681575506e-18,28,ARIMA
2023-04-20,-2.399169921875,1.3077259576143885e-19,28,ARIMA
2023-04-21,0.325775146484375,-1.1603314527836224e-20,28,ARIMA
2023-04-24,-0.651611328125,1.0295498628589262e-21,28,ARIMA
2023-04-25,-5.884490966796875,0.05747852970467844,29,ARIMA
2023-04-26,1.856170654296875,-0.005070171794769397,29,ARIMA
2023-04-27,8.37255859375,0.0004472390327406504,29,ARIMA
2023-04-28,2.1820068359375,-3.945088263343354e-05,29,ARIMA
2023-05-01,-0.3653564453125,3.479955966767045e-06,29,ARIMA
2023-05-02,-2.774322509765625,-3.06966352138712e-07,29,ARIMA
2023-05-03,-2.063568115234375,2.707745219916904e-08,29,ARIMA
2023-05-04,-1.10577392578125,-2.3884976724320946e-09,29,ARIMA
2023-05-05,6.634857177734375,2.1068899279189225e-10,29,ARIMA
2023-05-08,0.789825439453125,-1.8584841926373716e-11,29,ARIMA
2023-05-09,-2.024017333984375,1.639365895917795e-12,29,ARIMA
2023-05-10,3.4556884765625,-1.4460820013133923e-13,29,ARIMA
2023-05-11,1.0465087890625,1.2755865909677345e-14,29,ARIMA
2023-05-12,-1.155181884765625,-1.1251928656735004e-15,29,ARIMA
2023-05-15,1.73773193359375,9.925308042020398e-17,29,ARIMA
2023-05-16,0.36529541015625,-8.755098146665653e-18,29,ARIMA
2023-05-17,3.909790039062443,7.722857893501218e-19,29,ARIMA
2023-05-18,6.072113037109432,-6.812320438227036e-20,29,ARIMA
2023-05-19,-0.750396728515625,6.009136823835366e-21,29,ARIMA
2023-05-22,1.115692138671875,-5.300649858592391e-22,29,ARIMA
2023-05-23,-4.225738525390625,0.04691480769974349,30,ARIMA
2023-05-24,-1.688385009765625,0.13934544529252846,30,ARIMA
2023-05-25,7.967742919921875,0.13135180384989242,30,ARIMA
2023-05-26,8.569976806640625,0.13204311470933863,30,ARIMA
2023-05-30,1.559967041015625,0.1319833283519172,30,ARIMA
2023-05-31,-1.964752197265625,0.1319884988312824,30,ARIMA
2023-06-01,3.969024658203125,0.13198805167480693,30,ARIMA
2023-06-02,2.6065673828125,0.13198809034605954,30,ARIMA
2023-06-05,0.246826171875,0.13198808700166922,30,ARIMA
2023-06-06,-0.059234619140625,0.13198808729090078,30,ARIMA
2023-06-07,-5.943695068359375,0.1319880872658873,30,ARIMA
2023-06-08,4.275146484375,0.13198808726805053,30,ARIMA
2023-06-09,1.3328857421875,0.13198808726786343,30,ARIMA
2023-06-12,5.9140625,0.1319880872678796,30,ARIMA
2023-06-13,2.73492431640625,0.13198808726787822,30,ARIMA
2023-06-14,2.606536865234375,0.13198808726787833,30,ARIMA
2023-06-15,4.30474853515625,0.13198808726787833,30,ARIMA
2023-06-16,-2.300445556640625,0.13198808726787833,30,ARIMA
2023-06-20,-0.520050048828125,0.13198808726787833,30,ARIMA
2023-06-21,-4.94342041015625,0.13198808726787833,30,ARIMA
2023-06-22,4.221649169921875,0.5672637294228025,31,ARIMA
2023-06-23,-3.5888671875,0.11835117650688784,31,ARIMA
2023-06-26,-4.805023193359375,0.154920588772436,31,ARIMA
2023-06-27,6.080413818359375,0.1519415633369452,31,ARIMA
2023-06-28,0.701934814453125,0.15218424135651132,31,ARIMA
2023-06-29,-0.72174072265625,0.15216447226676846,31,ARIMA
2023-06-30,5.546539306640625,0.1521660827006675,31,ARIMA
2023-07-03,0.860198974609375,0.1521659515111501,31,ARIMA
2023-07-05,-0.009979248046875,0.15216596219813916,31,ARIMA
2023-07-06,-2.7880859375,0.1521659613275533,31,ARIMA
2023-07-07,-1.2061767578125,0.15216596139847316,31,ARIMA
2023-07-10,0.118621826171875,0.1521659613926959,31,ARIMA
2023-07-11,1.78955078125,0.15216596139316652,31,ARIMA
2023-07-12,4.59735107421875,0.15216596139312816,31,ARIMA
2023-07-13,6.258331298828182,0.1521659613931313,31,ARIMA
2023-07-14,-0.07907104492193184,0.15216596139313104,31,ARIMA
2023-07-17,3.499908447265625,0.15216596139313107,31,ARIMA
2023-07-18,3.09454345703125,0.15216596139313104,31,ARIMA
2023-07-19,-0.088958740234375,0.15216596139313107,31,ARIMA
2023-07-20,-8.789337158203068,0.15216596139313104,31,ARIMA
2023-07-21,-1.1172485351563068,0.8785272895893845,32,ARIMA
2023-07-24,0.593231201171875,0.09992751809517143,32,ARIMA
2023-07-25,2.52117919921875,0.1626319144429361,32,ARIMA
2023-07-26,-1.245819091796875,0.15758202685590025,32,ARIMA
2023-07-27,-0.889739990234375,0.15798871866902714,32,ARIMA
2023-07-28,6.782318115234375,0.1579559658150252,32,ARIMA
2023-07-31,0.197784423828125,0.1579586035603907,32,ARIMA
2023-08-01,-0.87994384765625,0.1579583911300293,32,ARIMA
2023-08-02,-8.304931640625,0.15795840823807128,32,ARIMA
2023-08-03,-0.59320068359375,0.1579584068602781,32,ARIMA
2023-08-04,-1.730255126953125,0.15795840697123842,32,ARIMA
2023-08-07,3.1143798828125,0.15795840696230226,32,ARIMA
2023-08-08,-3.153900146484375,0.15795840696302194,32,ARIMA
2023-08-09,-4.043701171875,0.15795840696296398,32,ARIMA
2023-08-10,0.67236328125,0.15795840696296864,32,ARIMA
2023-08-11,-2.323455810546875,0.15795840696296826,32,ARIMA
2023-08-14,4.06353759765625,0.1579584069629683,32,ARIMA
2023-08-15,-3.885589599609375,0.15795840696296828,32,ARIMA
2023-08-16,-3.836029052734375,0.15795840696296828,32,ARIMA
2023-08-17,-3.915252685546875,0.15795840696296828,32,ARIMA
2023-08-18,-0.444854736328125,0.46441124109339427,33,ARIMA
2023-08-21,5.704650878906193,0.11958190571249736,33,ARIMA
2023-08-22,-0.5140991210936932,0.1467317675582777,33,ARIMA
2023-08-23,5.6651611328125,0.1445941449066818,33,ARIMA
2023-08-24,-7.80072021484375,0.1447624489159829,33,ARIMA
2023-08-25,2.768310546874943,0.14474919763445962,33,ARIMA
2023-08-28,2.709014892578182,0.14475024096350886,33,ARIMA
2023-08-29,7.919281005859432,0.14475015881783088,33,ARIMA
2023-08-30,2.066375732421818,0.1447501652855051,33,ARIMA
2023-08-31,1.1171875,0.14475016477627795,33,ARIMA
2023-09-01,-0.39544677734375,0.14475016481637154,33,ARIMA
2023-09-05,0.474609375,0.14475016481321482,33,ARIMA
2023-09-06,-3.292388916015625,0.14475016481346337,33,ARIMA
2023-09-07,-2.649627685546875,0.1447501648134438,33,ARIMA
2023-09-08,0.51409912109375,0.14475016481344533,33,ARIMA
2023-09-11,4.34033203125,0.14475016481344521,33,ARIMA
2023-09-12,-4.1326904296875,0.14475016481344521,33,ARIMA
2023-09-13,1.403961181640625,0.14475016481344521,33,ARIMA
2023-09-14,3.025360107421875,0.14475016481344521,33,ARIMA
2023-09-15,-6.386871337890625,0.14475016481344521,33,ARIMA
2023-09-18,0.382171630859375,0.6779022261276189,34,ARIMA
2023-09-19,-0.7822265625,0.110876546081151,34,ARIMA
2023-09-20,-5.27728271484375,0.15638658528038174,34,ARIMA
2023-09-21,-6.613983154296932,0.15273390473909518,34,ARIMA
2023-09-22,0.04949951171880684,0.15302707247464217,34,ARIMA
2023-09-25,1.68316650390625,0.15300354254362458,34,ARIMA
2023-09-26,-5.3465576171875,0.15300543107904838,34,ARIMA
2023-09-27,0.821868896484375,0.15300527950333637,34,ARIMA
2023-09-28,2.94061279296875,0.15300529166895221,34,ARIMA
2023-09-29,0.25738525390625,0.1530052906925279,34,ARIMA
2023-10-02,2.96044921875,0.1530052907708967,34,ARIMA
2023-10-03,-6.277313232421875,0.15300529076460673,34,ARIMA
2023-10-04,4.7822265625,0.15300529076511157,34,ARIMA
2023-10-05,-1.04949951171875,0.15300529076507105,34,ARIMA
2023-10-06,5.9505615234375,0.1530052907650743,34,ARIMA
2023-10-09,1.8416137695313068,0.15300529076507405,34,ARIMA
2023-10-10,2.009979248046818,0.15300529076507408,34,ARIMA
2023-10-11,2.603973388671875,0.15300529076507408,34,ARIMA
2023-10-12,-1.27728271484375,0.15300529076507408,34,ARIMA
2023-10-13,-4.60400390625,0.15300529076507408,34,ARIMA
2023-10-16,4.089141845703125,0.5265406675135369,35,ARIMA
2023-10-17,-1.198028564453125,0.1178779128168373,35,ARIMA
2023-10-18,-4.782257080078125,0.150429086415508,35,ARIMA
2023-10-19,-3.366302490234375,0.14783629103478585,35,ARIMA
2023-10-20,-5.31695556640625,0.14804281470637992,35,ARIMA
2023-10-23,1.0594482421875,0.14802636449698592,35,ARIMA
2023-10-24,3.425750732421875,0.14802767480387238,35,ARIMA
2023-10-25,-8.703125,0.14802757043412879,35,ARIMA
2023-10-26,-6.613922119140682,0.14802757874748154,35,ARIMA
2023-10-27,1.6336975097656818,0.14802757808529887,35,ARIMA
2023-10-30,3.8515625,0.14802757813804365,35,ARIMA
2023-10-31,1.6534118652343182,0.14802757813384237,35,ARIMA
2023-11-01,6.029846191406307,0.14802757813417702,35,ARIMA
2023-11-02,6.415863037109375,0.14802757813415038,35,ARIMA
2023-11-03,4.22784423828125,0.1480275781341525,35,ARIMA
2023-11-06,1.485137939453125,0.14802757813415232,35,ARIMA
2023-11-07,3.455535888671875,0.14802757813415235,35,ARIMA
2023-11-08,0.23760986328125,0.14802757813415235,35,ARIMA
2023-11-09,-2.841644287109375,0.14802757813415235,35,ARIMA
2023-11-10,8.23779296875,0.14802757813415235,35,ARIMA
2023-11-13,-1.1683349609375,-0.44845356548519155,36,ARIMA
2023-11-14,8.0396728515625,0.19479747285636206,36,ARIMA
2023-11-15,0.28717041015630684,0.1471621799025317,36,ARIMA
2023-11-16,0.32672119140619316,0.1506897624473614,36,ARIMA
2023-11-17,0.089080810546875,0.15042853095619269,36,ARIMA
2023-11-20,4.653564453125,0.1504478761851451,36,ARIMA
2023-11-21,-2.247589111328068,0.15044644359414489,36,ARIMA
2023-11-22,1.5742797851561932,0.1504465496831955,36,ARIMA
2023-11-24,-0.544586181640625,0.15044654182688016,36,ARIMA
2023-11-27,-0.336578369140625,0.1504465424086715,36,ARIMA
2023-11-28,1.0098876953125,0.15044654236558755,36,ARIMA
2023-11-29,-0.37628173828125,0.15044654236877808,36,ARIMA
2023-11-30,-0.9702758789061932,0.15044654236854182,36,ARIMA
2023-12-01,1.0990295410155682,0.1504465423685593,36,ARIMA
2023-12-04,-3.584228515625,0.150446542368558,36,ARIMA
2023-12-05,0.96038818359375,0.15044654236855812,36,ARIMA
2023-12-06,-2.21783447265625,0.1504465423685581,36,ARIMA
2023-12-07,5.326873779296875,0.1504465423685581,36,ARIMA
2023-12-08,1.722747802734375,0.1504465423685581,36,ARIMA
2023-12-11,3.316864013671875,0.1504465423685581,36,ARIMA
2023-12-12,3.118865966796875,-0.07606019978455905,37,ARIMA
2023-12-13,5.0198974609375,0.17912573097861734,37,ARIMA
2023-12-14,-0.3465576171875,0.15993288870963843,37,ARIMA
2023-12-15,1.930694580078125,0.16137640557304953,37,ARIMA
2023-12-18,2.52783203125,0.16126783692512603,37,ARIMA
2023-12-19,2.0635986328125,0.1612760025043518,37,ARIMA
2023-12-20,-6.031951904296875,0.16127538836126937,37,ARIMA
2023-12-21,4.6529541015625,0.16127543455171284,37,ARIMA
2023-12-22,0.605133056640625,0.16127543107767378,37,ARIMA
2023-12-26,2.48028564453125,0.16127543133896044,37,ARIMA
2023-12-27,0.82977294921875,0.16127543131930877,37,ARIMA
2023-12-28,-0.198516845703125,0.16127543132078678,37,ARIMA
2023-12-29,-1.766876220703125,0.16127543132067562,37,ARIMA
2024-01-02,-6.8787841796875,0.16127543132068398,37,ARIMA
2024-01-03,-4.228515625,0.16127543132068337,37,ARIMA
2024-01-04,-2.034820556640625,0.1612754313206834,37,ARIMA
2024-01-05,0.46652221679693184,0.1612754313206834,37,ARIMA
2024-01-08,8.139404296875,0.1612754313206834,37,ARIMA
2024-01-09,0.7940673828124432,0.1612754313206834,37,ARIMA
2024-01-10,2.729736328125057,0.1612754313206834,37,ARIMA
2024-01-11,0.8437194824218182,-0.022069112873667446,38,ARIMA
2024-01-12,0.208404541015625,0.17673295295008176,38,ARIMA
2024-01-16,-0.03973388671875,0.16237065073679507,38,ARIMA
2024-01-17,-2.29290771484375,0.1634082442045041,38,ARIMA
2024-01-18,5.7373046875,0.16333328406313927,38,ARIMA
2024-01-19,8.1295166015625,0.16333869950084998,38,ARIMA
2024-01-22,0.545928955078125,0.16333830826672122,38,ARIMA
2024-01-23,1.737060546875,0.1633383365311297,38,ARIMA
2024-01-24,2.3326416015625,0.16333833448918927,38,ARIMA
2024-01-25,0.51617431640625,0.1633383346367077,38,ARIMA
2024-01-26,-2.521240234375,0.16333833462605032,38,ARIMA
2024-01-29,4.30792236328125,0.16333833462682026,38,ARIMA
2024-01-30,-2.828887939453068,0.16333833462676464,38,ARIMA
2024-01-31,-8.268493652343807,0.16333833462676864,38,ARIMA
2024-02-01,4.873748779296875,0.16333833462676836,38,ARIMA
2024-02-02,7.0772705078125,0.1633383346267684,38,ARIMA
2024-02-05,-0.55584716796875,0.1633383346267684,38,ARIMA
2024-02-06,-0.853668212890625,0.1633383346267684,38,ARIMA
2024-02-07,4.367523193359375,0.1633383346267684,38,ARIMA
2024-02-08,0.79412841796875,0.1633383346267684,38,ARIMA
2024-02-09,4.22845458984375,0.13810715173602653,39,ARIMA
2024-02-12,-1.697357177734375,0.18457472875124908,39,ARIMA
2024-02-13,-6.739837646484375,0.18128331759614236,39,ARIMA
2024-02-14,4.635528564453125,0.18151645622931042,39,ARIMA
2024-02-15,1.280487060546875,0.18149994245460588,39,ARIMA
2024-02-16,-3.910919189453125,0.18150111216531098,39,ARIMA
2024-02-20,-3.2259521484375,0.1815010293118654,39,ARIMA
2024-02-21,-1.697418212890625,0.18150103518057586,39,ARIMA
2024-02-22,12.367950439453125,0.18150103476488086,39,ARIMA
2024-02-23,-1.280487060546875,0.18150103479432556,39,ARIMA
2024-02-26,-0.228271484375,0.18150103479223992,39,ARIMA
2024-02-27,1.042236328125,0.18150103479238766,39,ARIMA
2024-02-28,-2.312774658203125,0.18150103479237717,39,ARIMA
2024-02-29,3.702423095703125,0.18150103479237792,39,ARIMA
2024-03-01,6.5611572265625,0.18150103479237786,39,ARIMA
2024-03-04,-1.578216552734375,0.1815010347923779,39,ARIMA
2024-03-05,-7.911163330078125,0.18150103479237786,39,ARIMA
2024-03-06,2.71978759765625,0.1815010347923779,39,ARIMA
2024-03-07,6.61083984375,0.18150103479237786,39,ARIMA
2024-03-08,-6.382568359375,0.1815010347923779,39,ARIMA
2024-03-11,-1.617919921875,0.6738936694228765,40,ARIMA
2024-03-12,6.223663330078125,0.15147446588613073,40,ARIMA
2024-03-13,-3.384796142578125,0.19015133017168293,40,ARIMA
2024-03-14,-1.101776123046875,0.18728792120655324,40,ARIMA
2024-03-15,-5.181427001953125,0.1874999112696838,40,ARIMA
2024-03-18,4.107879638671875,0.18748421676449317,40,ARIMA
2024-03-19,1.083343505859375,0.18748537869392298,40,ARIMA
2024-03-20,5.16839599609375,0.18748529267145947,40,ARIMA
2024-03-21,2.0872802734375,0.18748529904005987,40,ARIMA
2024-03-22,0.50689697265625,0.1874852985685659,40,ARIMA
2024-03-25,-1.610137939453125,0.18748529860347257,40,ARIMA
2024-03-26,-1.431243896484375,0.1874852986008883,40,ARIMA
2024-03-27,1.5007629394531818,0.18748529860107963,40,ARIMA
2024-03-28,-0.8150024414063068,0.18748529860106544,40,ARIMA
2024-04-01,0.934295654296875,0.1874852986010665,40,ARIMA
2024-04-02,-3.816680908203125,0.1874852986010664,40,ARIMA
2024-04-03,0.9840087890625,0.18748529860106644,40,ARIMA
2024-04-04,-6.71893310546875,0.18748529860106644,40,ARIMA
2024-04-05,5.09881591796875,0.18748529860106644,40,ARIMA
2024-04-08,0.129241943359375,0.18748529860106644,40,ARIMA
2024-04-09,1.620086669921875,0.1932884572836169,41,ARIMA
2024-04-10,-3.836517333984375,0.18857555969020015,41,ARIMA
2024-04-11,6.957427978515682,0.18892236082526748,41,ARIMA
2024-04-12,-7.056884765625057,0.18889684127494838,41,ARIMA
2024-04-15,-7.166168212890625,0.1888987191449512,41,ARIMA
2024-04-16,0.039764404296875,0.18889858096086476,41,ARIMA
2024-04-17,-5.228057861328125,0.18889859112921598,41,ARIMA
2024-04-18,-2.41522216796875,0.18889859038097231,41,ARIMA
2024-04-19,-8.70684814453125,0.18889859043603224,41,ARIMA
2024-04-22,4.144744873046932,0.18889859043198062,41,ARIMA
2024-04-23,6.212005615234318,0.18889859043227877,41,ARIMA
2024-04-24,1.4312744140625,0.18889859043225682,41,ARIMA
2024-04-25,-2.047454833984318,0.18889859043225843,41,ARIMA
2024-04-26,6.510162353515568,0.18889859043225832,41,ARIMA
2024-04-29,1.7393798828125,0.18889859043225832,41,ARIMA
2024-04-30,-8.1104736328125,0.18889859043225832,41,ARIMA
2024-05-01,-3.05133056640625,0.18889859043225832,41,ARIMA
2024-05-02,5.347320556640682,0.18889859043225832,41,ARIMA
2024-05-03,8.527893066406193,0.18889859043225832,41,ARIMA
2024-05-06,4.740997314453125,0.18889859043225832,41,ARIMA
2024-05-07,0.069580078125,-0.13004165176127602,42,ARIMA
2024-05-08,-0.2584228515625,0.2065822279027554,42,ARIMA
2024-05-09,0.954193115234375,0.18331909304671684,42,ARIMA
2024-05-10,1.033660888671875,0.1849267432344289,42,ARIMA
2024-05-13,1.013763427734375,0.184815643026222,42,ARIMA
2024-05-14,2.832733154296875,0.18482332085088682,42,ARIMA
2024-05-15,6.92767333984375,0.18482279025789752,42,ARIMA
2024-05-16,-0.9144287109375,0.18482282692569507,42,ARIMA
2024-05-17,-0.21868896484375,0.18482282439168612,42,ARIMA
2024-05-20,3.130889892578182,0.1848228245668044,42,ARIMA
2024-05-21,0.8845825195311932,0.18482282455470248,42,ARIMA
2024-05-22,-0.0894775390625,0.1848228245555388,42,ARIMA
2024-05-23,-2.0374755859375,0.184822824555481,42,ARIMA
2024-05-24,4.263885498046875,0.184822824555485,42,ARIMA
2024-05-28,1.719512939453125,0.1848228245554847,42,ARIMA
2024-05-29,-3.2203369140625,0.18482282455548474,42,ARIMA
2024-05-30,-4.86029052734375,0.18482282455548474,42,ARIMA
2024-05-31,-0.83489990234375,0.18482282455548474,42,ARIMA
2024-06-03,2.405334472656307,0.18482282455548474,42,ARIMA
2024-06-04,1.232421875,0.18482282455548474,42,ARIMA
2024-06-05,9.104370117187443,0.10789930027240133,43,ARIMA
2024-06-06,-0.159027099609375,0.18854314444606082,43,ARIMA
2024-06-07,-0.40753173828125,0.18854314444606082,43,ARIMA
2024-06-10,1.858642578125,0.18854314444606082,43,ARIMA
2024-06-11,3.170623779296875,0.18854314444606082,43,ARIMA
2024-06-12,6.0927734375,0.18854314444606082,43,ARIMA
2024-06-13,2.554382324218807,0.18854314444606082,43,ARIMA
2024-06-14,2.455017089843693,0.18854314444606082,43,ARIMA
2024-06-17,5.834320068359375,0.18854314444606082,43,ARIMA
2024-06-18,0.149078369140625,0.18854314444606082,43,ARIMA
2024-06-20,-3.717254638671875,0.18854314444606082,43,ARIMA
2024-06-21,-1.28216552734375,0.18854314444606082,43,ARIMA
2024-06-24,-5.4334716796875,0.18854314444606082,43,ARIMA
2024-06-25,5.3956298828125,0.18854314444606082,43,ARIMA
2024-06-26,0.98553466796875,0.18854314444606082,43,ARIMA
2024-06-27,1.23443603515625,0.18854314444606082,43,ARIMA
2024-06-28,-2.48876953125,0.18854314444606082,43,ARIMA
2024-07-01,2.797393798828125,0.18854314444606082,43,ARIMA
2024-07-02,5.0372314453125,0.18854314444606082,43,ARIMA
2024-07-03,4.041778564453125,0.18854314444606082,43,ARIMA
2024-07-05,5.096954345703182,-0.03442069055135841,44,ARIMA
2024-07-08,1.1746826171875,0.22671988530572637,44,ARIMA
2024-07-09,0.42807006835931816,0.20998998666908703,44,ARIMA
2024-07-10,5.166717529296875,0.21106178298979897,44,ARIMA
2024-07-11,-10.980438232421875,0.21099311865548104,44,ARIMA
2024-07-12,2.87701416015625,0.2109975176170339,44,ARIMA
2024-07-15,1.324005126953125,0.21099723579878085,44,ARIMA
2024-07-16,0.18914794921880684,0.21099725385338916,44,ARIMA
2024-07-17,-14.5045166015625,0.21099725269672567,44,ARIMA
2024-07-18,-2.269744873046932,0.210997252770827,44,ARIMA
2024-07-19,-4.23089599609375,0.21099725276607972,44,ARIMA
2024-07-22,7.048187255859375,0.21099725276638387,44,ARIMA
2024-07-23,-1.692352294921875,0.21099725276636438,44,ARIMA
2024-07-24,-17.1624755859375,0.21099725276636563,44,ARIMA
2024-07-25,-5.087066650390625,0.21099725276636555,44,ARIMA
2024-07-26,4.67889404296875,0.21099725276636555,44,ARIMA
2024-07-29,0.925811767578125,0.21099725276636555,44,ARIMA
2024-07-30,-6.34136962890625,0.21099725276636555,44,ARIMA
2024-07-31,13.4791259765625,0.21099725276636555,44,ARIMA
2024-08-01,-11.35870361328125,0.21099725276636555,44,ARIMA
2024-08-02,-10.8609619140625,0.9302284263814116,45,ARIMA
2024-08-05,-13.31982421875,0.1900090779810832,45,ARIMA
2024-08-06,4.141265869140625,0.1900090779810832,45,ARIMA
2024-08-07,-4.738616943359375,0.1900090779810832,45,ARIMA
2024-08-08,13.240264892578125,0.1900090779810832,45,ARIMA
2024-08-09,2.3294677734375,0.1900090779810832,45,ARIMA
2024-08-12,0.96563720703125,0.1900090779810832,45,ARIMA
2024-08-13,11.149627685546875,0.1900090779810832,45,ARIMA
2024-08-14,0.149383544921875,0.1900090779810832,45,ARIMA
2024-08-15,11.637420654296875,0.1900090779810832,45,ARIMA
2024-08-16,0.60723876953125,0.1900090779810832,45,ARIMA
2024-08-19,6.211944580078125,0.1900090779810832,45,ARIMA
2024-08-20,-1.00543212890625,0.1900090779810832,45,ARIMA
2024-08-21,2.229888916015625,0.1900090779810832,45,ARIMA
2024-08-22,-7.6156005859375,0.1900090779810832,45,ARIMA
2024-08-23,5.1268310546875,0.1900090779810832,45,ARIMA
2024-08-26,-4.6390380859375,0.1900090779810832,45,ARIMA
2024-08-27,1.41363525390625,0.1900090779810832,45,ARIMA
2024-08-28,-5.38568115234375,0.1900090779810832,45,ARIMA
2024-08-29,-0.6868896484375,0.1900090779810832,45,ARIMA
2024-08-30,5.58477783203125,0.2517360538747675,46,ARIMA
2024-09-03,-14.394989013671818,0.1920455645056077,46,ARIMA
2024-09-04,-1.1946411132813068,0.19584149137225174,46,ARIMA
2024-09-05,0.4281005859375,0.19560009511416787,46,ARIMA
2024-09-06,-12.29449462890625,0.19561544634601824,46,ARIMA
2024-09-09,5.74407958984375,0.19561447010752475,46,ARIMA
2024-09-10,4.181121826171875,0.19561453218994299,46,ARIMA
2024-09-11,9.91522216796875,0.195614528241905,46,ARIMA
2024-09-12,4.579315185546875,0.19561452849297456,46,ARIMA
2024-09-13,2.110443115234375,0.19561452847700816,46,ARIMA
2024-09-16,-2.090545654296875,0.19561452847802352,46,ARIMA
2024-09-17,0.248870849609375,0.19561452847795893,46,ARIMA
2024-09-18,-2.040771484375,0.19561452847796304,46,ARIMA
2024-09-19,11.866424560546932,0.1956145284779628,46,ARIMA
2024-09-20,-0.9158935546875,0.19561452847796282,46,ARIMA
2024-09-23,1.2730712890625,0.1956145284779628,46,ARIMA
2024-09-24,2.32275390625,0.19561452847796282,46,ARIMA
2024-09-25,0.4486083984375,0.1956145284779628,46,ARIMA
2024-09-26,3.638702392578068,0.19561452847796282,46,ARIMA
2024-09-27,-2.711578369140568,0.1956145284779628,46,ARIMA
2024-09-30,1.3159484863280682,0.4061344590370959,47,ARIMA
2024-10-01,-6.77899169921875,0.20197242428263792,47,ARIMA
2024-10-02,0.67791748046875,0.2153418841181816,47,ARIMA
2024-10-03,-0.35888671875,0.21446639100062334,47,ARIMA
2024-10-04,5.712249755859375,0.2145237222771536,47,ARIMA
2024-10-07,-5.203826904296875,0.21451996796406686,47,ARIMA
2024-10-08,7.177703857421932,0.21452021381358577,47,ARIMA
2024-10-09,3.838073730468693,0.21452019771423964,47,ARIMA
2024-10-10,-0.558258056640625,0.21452019876849812,47,ARIMA
2024-10-11,0.767608642578125,0.21452019869946048,47,ARIMA
2024-10-14,4.127166748046875,0.2145201987039814,47,ARIMA
2024-10-15,-6.62939453125,0.21452019870368533,47,ARIMA
2024-10-16,0.059814453125,0.21452019870370473,47,ARIMA
2024-10-17,0.33892822265625,0.21452019870370345,47,ARIMA
2024-10-18,3.210052490234375,0.21452019870370354,47,ARIMA
2024-10-21,0.9470825195313068,0.21452019870370354,47,ARIMA
2024-10-22,0.5382995605468182,0.21452019870370354,47,ARIMA
2024-10-23,-7.576507568359375,0.21452019870370354,47,ARIMA
2024-10-24,3.947784423828125,0.21452019870370354,47,ARIMA
2024-10-25,2.99072265625,0.21452019870370354,47,ARIMA
2024-10-28,0.079742431640625,0.03293923404555929,48,ARIMA
2024-10-29,4.745269775390625,0.22956425187899762,48,ARIMA
2024-10-30,-3.768310546875,0.21649318070192491,48,ARIMA
2024-10-31,-12.491180419921818,0.21736210828600697,48,ARIMA
2024-11-01,3.568878173828068,0.2173043444550133,48,ARIMA
2024-11-04,-1.41558837890625,0.21730818442998034,48,ARIMA
2024-11-05,6.180816650390682,0.21730792915938119,48,ARIMA
2024-11-06,13.328552246093693,0.21730794612904358,48,ARIMA
2024-11-07,7.935333251953125,0.21730794500094877,48,ARIMA
2024-11-08,0.598236083984375,0.21730794507594128,48,ARIMA
2024-11-11,-0.299072265625,0.217307945070956,48,ARIMA
2024-11-12,-0.92718505859375,0.21730794507128742,48,ARIMA
2024-11-13,-0.657928466796875,0.21730794507126538,48,ARIMA
2024-11-14,-3.5489501953125,0.21730794507126683,48,ARIMA
2024-11-15,-12.082489013671875,0.21730794507126674,48,ARIMA
2024-11-18,3.439300537109375,0.21730794507126674,48,ARIMA
2024-11-19,3.429351806640625,0.21730794507126674,48,ARIMA
2024-11-20,-0.289093017578125,0.21730794507126674,48,ARIMA
2024-11-21,1.8044128417969318,0.21730794507126674,48,ARIMA
2024-11-22,0.8074645996093182,0.21730794507126674,48,ARIMA
2024-11-25,0.7975158691406818,0.19870487507025877,49,ARIMA
2024-11-26,2.711578369140568,0.2347386629926994,49,ARIMA
2024-11-27,-3.997589111328125,0.23260574614603619,49,ARIMA
2024-11-29,4.426239013671875,0.23273199804840547,49,ARIMA
2024-12-02,5.532806396484375,0.2327245249287305,49,ARIMA
2024-12-03,1.57513427734375,0.23272496727864073,49,ARIMA
2024-12-04,6.3702392578125,0.23272494109500502,49,ARIMA
2024-12-05,-1.44549560546875,0.23272494264487031,49,ARIMA
2024-12-06,4.655517578125,0.23272494255313048,49,ARIMA
2024-12-09,-4.0872802734375,0.23272494255856077,49,ARIMA
2024-12-10,-1.7745361328125,0.23272494255823933,49,ARIMA
2024-12-11,9.2911376953125,0.23272494255825837,49,ARIMA
2024-12-12,-3.409423828125,0.23272494255825724,49,ARIMA
2024-12-13,4.017578125,0.2327249425582573,49,ARIMA
2024-12-16,7.6163330078125,0.2327249425582573,49,ARIMA
2024-12-17,-2.36273193359375,0.2327249425582573,49,ARIMA
2024-12-18,-19.2701416015625,0.2327249425582573,49,ARIMA
2024-12-19,-2.2928466796875,0.2327249425582573,49,ARIMA
2024-12-20,4.47613525390625,0.2327249425582573,49,ARIMA
2024-12-23,5.0374755859375,0.2327249425582573,49,ARIMA
2024-12-24,7.0794677734375,-0.027877462194916325,50,ARIMA
2024-12-26,-0.3594970703125,0.26106272393701585,50,ARIMA
2024-12-27,-7.029541015625,0.2445808656403396,50,ARIMA
2024-12-30,-6.93963623046875,0.24552103134227377,50,ARIMA
2024-12-31,-4.373443603515625,0.24546740198014827,50,ARIMA
2025-01-02,-0.99853515625,0.2454704611307598,50,ARIMA
2025-01-03,8.337554931640625,0.24547028662929093,50,ARIMA
2025-01-06,5.95111083984375,0.24547029658328356,50,ARIMA
2025-01-07,-9.3460693359375,0.24547029601548337,50,ARIMA
2025-01-08,0.08990478515625,0.2454702960478721,50,ARIMA
2025-01-10,-8.067962646484375,0.24547029604602455,50,ARIMA
2025-01-13,-1.6275939941405682,0.24547029604612994,50,ARIMA
2025-01-14,-0.47927856445318184,0.24547029604612394,50,ARIMA
2025-01-15,11.602691650390625,0.24547029604612428,50,ARIMA
2025-01-16,-3.61456298828125,0.24547029604612425,50,ARIMA
2025-01-17,8.64703369140625,0.24547029604612425,50,ARIMA
2025-01-21,3.05548095703125,0.24547029604612425,50,ARIMA
2025-01-22,6.70001220703125,0.24547029604612425,50,ARIMA
2025-01-23,1.1282958984375,0.24547029604612425,50,ARIMA
2025-01-24,-3.0054931640625,0.24547029604612425,50,ARIMA
2025-01-27,-15.39703369140625,0.41601001712496477,51,ARIMA
2025-01-28,7.58868408203125,0.23496131545199253,51,ARIMA
2025-01-29,-0.978515625,0.24454150013739528,51,ARIMA
2025-01-30,2.21661376953125,0.24403456505441298,51,ARIMA
2025-01-31,-0.75885009765625,0.2440613895037109,51,ARIMA
2025-02-03,-4.17376708984375,0.2440599700890673,51,ARIMA
2025-02-04,6.35052490234375,0.24406004519733543,51,ARIMA
2025-02-05,2.37646484375,0.24406004122298447,51,ARIMA
2025-02-06,2.74591064453125,0.2440600414332871,51,ARIMA
2025-02-07,-6.6700439453125,0.24406004142215895,51,ARIMA
2025-02-10,6.320556640625,0.2440600414227478,51,ARIMA
2025-02-11,-1.25811767578125,0.24406004142271664,51,ARIMA
2025-02-12,0.30950927734375,0.24406004142271828,51,ARIMA
2025-02-13,7.5887451171875,0.2440600414227182,51,ARIMA
2025-02-14,2.24664306640625,0.2440600414227182,51,ARIMA
2025-02-18,1.2181396484375,0.2440600414227182,51,ARIMA
2025-02-19,0.14984130859375,0.2440600414227182,51,ARIMA
2025-02-20,-2.28668212890625,0.2440600414227182,51,ARIMA
2025-02-21,-11.13336181640625,0.2440600414227182,51,ARIMA
2025-02-24,-6.20074462890625,0.2440600414227182,51,ARIMA
2025-02-25,-6.54022216796875,0.5768461015327956,52,ARIMA
2025-02-26,1.2381591796875,0.2186770060886006,52,ARIMA
2025-02-27,-14.268768310546875,0.23760483841626945,52,ARIMA
2025-02-28,7.888275146484375,0.2366045766930182,52,ARIMA
2025-03-03,-11.103485107421875,0.23665743660310623,52,ARIMA
2025-03-04,-1.49774169921875,0.23665464316411966,52,ARIMA
2025-03-05,6.45037841796875,0.23665479078641713,52,ARIMA
2025-03-06,-13.7894287109375,0.23665478298515752,52,ARIMA
2025-03-07,3.58465576171875,0.23665478339742352,52,ARIMA
2025-03-10,-19.0316162109375,0.23665478337563686,52,ARIMA
2025-03-11,-1.1283264160155682,0.23665478337678822,52,ARIMA
2025-03-12,5.312103271484318,0.23665478337672735,52,ARIMA
2025-03-13,-8.5672607421875,0.23665478337673057,52,ARIMA
2025-03-14,11.30316162109375,0.2366547833767304,52,ARIMA
2025-03-17,3.1053466796875,0.23665478337673043,52,ARIMA
2025-03-18,-8.21771240234375,0.2366547833767304,52,ARIMA
2025-03-19,6.340545654296875,0.23665478337673043,52,ARIMA
2025-03-20,-1.627593994140625,0.2366547833767304,52,ARIMA
2025-03-21,1.57763671875,0.23665478337673043,52,ARIMA
2025-03-24,10.5360107421875,0.2366547833767304,52,ARIMA
2025-03-25,2.79998779296875,-0.47992407012881677,53,ARIMA
2025-03-26,-9.079986572265625,0.2545458341176445,53,ARIMA
2025-03-27,-2.760009765625,0.20557622332794728,53,ARIMA
2025-03-28,-12.679992675781193,0.20884119411440136,53,ARIMA
2025-03-31,-0.019989013671931843,0.20862350738860364,53,ARIMA
2025-04-01,3.779998779296932,0.20863802130425185,53,ARIMA
2025-04-02,3.449981689453068,0.20863705361204798,53,ARIMA
2025-04-03,-25.489990234375,0.20863711813138405,53,ARIMA
2025-04-04,-27.989990234375,0.2086371138296601,53,ARIMA
2025-04-07,1.0199890136719318,0.2086371141164707,53,ARIMA
2025-04-08,-7.630004882812557,0.20863711409734806,53,ARIMA
2025-04-09,49.94000244140625,0.20863711409862304,53,ARIMA
2025-04-10,-19.820007324218693,0.20863711409853802,53,ARIMA
2025-04-11,8.220001220703068,0.20863711409854369,53,ARIMA
2025-04-14,3.08001708984375,0.20863711409854332,53,ARIMA
2025-04-15,0.509979248046875,0.20863711409854332,53,ARIMA
2025-04-16,-13.809997558593693,0.20863711409854332,53,ARIMA
2025-04-17,-0.07998657226568184,0.20863711409854332,53,ARIMA
2025-04-21,-10.990020751953125,0.20863711409854332,53,ARIMA
2025-04-22,11.370025634765625,0.20863711409854332,53,ARIMA
