Date,scope,n_articles,example_urls
2015-02-19,nasdaq_market,2664,http://rapidcityjournal.com/news/national/as-investors-dump-utility-stocks-us-markets-edge-lower/article_a11bb0a8-f7b4-5dc1-96dc-a4d24aa1f4b9.html | http://www.ctpost.com/business/article/Del-Frisco-s-Grille-coming-to-Stamford-6090342.php | https://nz.finance.yahoo.com/news/digimarc-reports-4q-loss-220725623.html
2015-06-27,nasdaq_market,412,http://www.taipeitimes.com/News/biz/archives/2015/06/28/2003621731 | http://seekingalpha.com/article/3287355-a-high-dividend-stock-yielding-9-percent-14-percent-below-book-value-and-major-insider-buying | https://uk.finance.yahoo.com/news/tsipras-addressing-parliament-calls-emphatic-231920635.html
2015-11-02,nasdaq_market,2714,http://www.lepopulaire.fr/france-monde/actualites/economie-politique/eco-finances/2015/11/02/wall-street-entame-novembre-par-une-nette-hausse_11647268.html | http://www.canadianbusiness.com/business-news/business-highlights-637/ | http://www.northwestgeorgianews.com/associated_press/business/markets/us-stocks-climb-building-on-a-big-gain-in-october/article_8bbf3908-81a6-11e5-b2da-576c794ad60b.html
2016-03-09,nasdaq_market,2256,http://www.whig.com/article/20160309/AP/303099622 | http://www.skynews.com.au/business/business/market/2016/03/10/us-stocks-higher-due-to-oil-price-recovery.html | http://prwire.com.au/print/-292
2016-07-15,nasdaq_market,2587,http://www.fuw.ch/newsticker-single/201607151142/aktien-new-york-schluss-mini-plus-reicht-dem-dow-fur-weiteren-rekord/ | http://www.benzinga.com/pressreleases/16/07/b8224867/shareholder-alert-brodsky-smith-llc-announces-an-investigation-of-the-b | http://sfvbj.com/news/2016/jul/15/ceres-narrows-loss/
2016-11-20,nasdaq_market,479,https://www.nbr.co.nz/article/key-crowns-apec-summit-china-free-trade-upgrade-b-196952 | http://www.nasdaq.com/article/south-korea-bourse-may-see-mild-selling-pressure-20161120-00021 | https://www.nbr.co.nz/article/nz-government-considering-%E2%80%98family-package%E2%80%99-rather-tax-cuts-alone-2017-budget-b-196959
2017-03-28,nasdaq_market,2848,http://m.philstar.com/breakingnews/show/0ef7becf5598a6e5afa807cf9de80de7?t=hsjnon188ec9uq5rn9k4a6e2l0 | http://siouxcityjournal.com/business/how-major-us-stock-market-indexes-fared-on-tuesday/article_5e427197-f0f2-5567-b3d6-fea6e8356a71.html | https://www.benzinga.com/pressreleases/17/03/b9227807/dxp-sets-date-for-2016-fourth-quarter-year-end-results-release-and-conf
2017-08-03,nasdaq_market,2095,http://www.vindy.com/news/2017/aug/03/stocks-close-mostly-lower-except-dow/ | http://www.stltoday.com/business/business-highlights/article_7f99d88a-23c3-59a3-8d4f-3c824c23e5ab.html | http://newburghgazette.com/2017/08/04/the-motco-has-10-40-million-stake-in-jp-morgan-chase-co-jpm/
2017-12-11,nasdaq_market,2144,http://www.nasdaq.com/article/these-2-facebook-rivals-are-nearing-breakouts-sp-500-futures-cm890001 | https://www.yahoo.com/news/time-investors-worry-january-effect-183602212.html | https://www.nikkei.com/article/DGXLASFL12H4C_S7A211C1000000/
2018-04-18,nasdaq_market,2249,http://abcnews.go.com/Business/wireStory/business-highlights-54567442 | https://investorplace.com/2018/04/bed-bath-beyond-big-big-big-trouble/ | https://investorplace.com/2018/04/should-you-buy-akamai-stock-3-pros-3-cons/
2018-08-24,nasdaq_market,1520,http://www.tribtown.com/2018/08/24/financial-markets-box-17/ | https://forextv.com/top-news/clearview-reports-first-quarter-results-and-operations-update/ | https://www.mynelsonnow.com/34613/after-the-bell-dow-lifts-on-fed-bank-chairs-comments-materials-push-tsx-higher/
2018-12-30,nasdaq_market,317,https://www.modernreaders.com/news/2018/12/30/critical-survey-taoping-taop-and-determine-dtrm.html | https://www.economiahoy.mx/mercados-eAm-colombia/noticias/9610097/12/18/Los-valores-considerados-refugio-favoritos-de-Wall-Street-para-el-2019.html | https://finreviewer.com/2018/12/30/tuttle-tactical-management-decreased-by-1-62-million-its-moodys-mco-position-brainstorm-cell-therapeutics-bcli-shorts-raised-by-0-53/
2019-05-07,nasdaq_market,2542,https://www.kgw.com/article/news/nation-world/dow-falls-more-than-470-points-as-us-china-trade-tension-grows/283-5ece541e-f680-4f14-a5aa-28c20f7ba6c3 | https://www.ohiostandard.com/news/260905593/wall-street-dives-as-us-trade-talks-with-china-break-down | https://www.investmentexecutive.com/news/research-and-markets/stock-markets-fall-on-rising-concerns-about-trade-war-between-u-s-and-china/
2019-09-12,nasdaq_market,1759,https://finance.yahoo.com/news/skepticism-surrounds-proposed-hong-kong-200753886.html | https://www.theedgemarkets.com/article/wall-street-ends-higher-trade-ecb-stimulus-hopes | https://medicinehatnews.com/business/2019/09/12/tsx-could-break-17000-after-hitting-record-intraday-high-says-analyst/
2020-01-18,nasdaq_market,288,https://finance.sina.com.cn/roll/2020-01-19/doc-iihnzahk5036941.shtml | https://de.investing.com/analysis/der-nasdaq-100-ubertrifft-sich-bald-selbst-wahrend-der-dax-zogert-200436411 | https://www.benzinga.com/top-stories/20/01/15147762/bulls-and-bears-of-the-week-ibm-microsoft-tesla-and-more
2020-05-25,nasdaq_market,466,https://finance.sina.com.cn/roll/2020-05-26/doc-iirczymk3553293.shtml | https://tech.sina.com.cn/roll/2020-05-26/doc-iircuyvi5026566.shtml | https://seekingalpha.com/article/4349941-silvers-silver-lining
2020-09-30,nasdaq_market,988,https://www.malaysiasun.com/news/266558194/us-stocks-rally-amid-economic-data | https://www.irishsun.com/news/266558231/wall-street-finishes-higher-wednesday-but-falls-over-september | https://www.taiwansun.com/news/266558231/wall-street-finishes-higher-wednesday-but-falls-over-september
2021-02-05,nasdaq_market,1442,https://www.reuters.com/article/innovationNews/idUSKBN2A52SM | https://www.wfmz.com/business/s-p-500-climbs-again-closing-out-best-week-since-november/article_7e085abd-7c7c-521c-897e-b8cf749295a0.html | https://www.bruneinews.net/news/267752420/us-stocks-make-decent-gains-amid-diminishing-enthusiasm
2021-06-13,nasdaq_market,98,https://www.globenewswire.com/news-release/2021/06/13/2246184/0/en/Terns-Pharmaceuticals-to-Host-Conference-Call-to-Discuss-Top-line-Results-from-Phase-2a-LIFT-Study-of-TERN-101-for-Treatment-of-NASH.html | https://www.nbcsandiego.com/news/business/money-report/u-s-stock-futures-are-flat-with-the-sp-500-at-a-record-high/2629898/ | https://www.aleqt.com/2021/06/14/article_2112361.html
2021-10-19,nasdaq_market,1364,https://www.haitisun.com/news/271527343/us-stocks-continue-higher-nasdaq-rises-107-points | https://invezz.com/news/2021/10/19/should-you-invest-in-iridium-stock-as-shares-advance-after-q3-results/ | http://global.eastmoney.com/a/202110202146483515.html
2022-02-24,nasdaq_market,2087,https://www.fool.ca/2022/02/24/1-cheap-off-the-radar-canadian-growth-stock-to-check-out-as-markets-correct-further/ | https://www.prnewswire.com/news-releases/renew-power-announces-results-for-the-third-quarter-q3-fy22-and-nine-months-of-fiscal-2022-both-ended-december-31-2021-301490283.html | https://whoradio.iheart.com/content/2022-02-24-markets-send-mixed-signals-after-russia-invades-ukraine/
2022-07-02,nasdaq_market,260,https://www.fxstreet.com/cryptocurrencies/news/first-mover-asia-speculating-on-tokenized-carbon-offsets-wont-help-climate-crisi-btc-falls-under-19k-202207010040 | http://www.habervitrini.com/iste-bitcoindeki-tarihi-dususun-5-sebebi/1073355 | https://streetwisejournal.com/will-the-stock-market-bubble-really-break-by-the-end-of-2022/
2022-11-08,nasdaq_market,1399,https://www.tmcnet.com/usubmit/2022/11/08/9708966.htm | https://www.irishsun.com/news/273060657/nasdaq-edges-up-26-points-as-trump-backed-republicans-eye-victory-in-mid-terms | https://www.valdostadailytimes.com/ap/business/tantech-holdings-announces-1-for-24-common-share-consolidation/article_6f92e0e3-fd4c-51b7-a6b5-d2d4fff64608.html
2023-03-16,nasdaq_market,1144,https://parabolicarc.com/terms-of-use/ | https://www.nbcmiami.com/news/business/money-report/stock-futures-are-flat-after-banks-bolster-deposits-at-first-republic-live-updates/2995299/ | https://life.ru/p/1565789
2023-07-22,nasdaq_market,503,https://www.dailypolitical.com/2023/07/22/invesco-high-yield-select-etf-batshiys-declares-0-15-dividend.html | https://www.modernreaders.com/news/2023/07/22/invesco-real-assets-esg-etf-ivra-to-issue-dividend-of-0-02-on-july-28th.html | https://theenterpriseleader.com/2023/07/22/invesco-sp-smallcap-high-dividend-low-volatility-etf-xshd-to-issue-dividend-of-0-11-on-july-28th.html
2023-11-27,nasdaq_market,1129,https://www.nbcdfw.com/news/business/money-report/stock-futures-are-little-changed-as-investors-assess-pause-in-november-rally-live-updates/3397419/ | https://www.wkrb13.com/2023/11/27/lancaster-colony-nasdaqlanc-stock-price-down-4-4.html | https://www.tickerreport.com/banking-finance/11388637/britvic-plc-otcmktsbtvcy-announces-dividend-of-0-55.html
2024-04-03,nasdaq_market,1699,https://wjtn.com/news-and-closings/national-headlines/9a9ffc2f2bbac100b923bcb41a5c6037 | https://www.marketscreener.com/quote/index/DOW-JONES-INDUSTRIAL-4945/news/U-S-stocks-close-mostly-higher-after-Fed-remarks-46353688/ | https://www.wallstreet-online.de/nachricht/17950882-nasdaq-hearings-panel-grants-mitek-s-request-for-continued-listing-pending-compliance-with-filing-requirement
2024-08-09,nasdaq_market,1721,https://3yonnews.com/1911478 | https://theenterpriseleader.com/2024/08/09/cyberark-software-nasdaqcybr-pt-raised-to-310-00-at-citigroup.html | https://foreignpolicy.com/2024/08/09/us-economy-global-market-turmoil-fed-interest-rates-recession/?tpcc=recirc_trending062921
2024-12-15,nasdaq_market,591,https://www.insidermonkey.com/blog/datadog-ddog-gains-macquaries-outperform-rating-leading-the-charge-in-ai-driven-observability-1407597/ | https://www.insidermonkey.com/blog/palo-alto-networks-panw-and-bell-canada-partner-to-revolutionize-ai-powered-cybersecurity-1407645/ | https://www.insidermonkey.com/blog/fortinet-ftnt-price-target-raised-by-mizuho-navigating-ai-trends-and-future-security-needs-1407643/
2025-04-22,nasdaq_market,1893,https://www.hankookilbo.com:443/News/Read/A2025042307120004543 | https://www.pr-inside.com/levi-korsinsky-notifies-shareholders-of-rocket-lab-usa-inc-rklb-r5096319.htm | https://biztoc.com/x/3f3e47f240660713
2015-02-19,broad_nasdaq,3153,http://www.ktvl.com/template/inews_wire/wires.national/3525751e-www.ktvl.com.shtml | http://www.thereporter.com/business/20150219/biz-break-solarcity-misses-mark-plans-to-lease-solyndra-facility | http://www.winonadailynews.com/news/national/as-investors-dump-utility-stocks-us-markets-edge-lower/article_6284e1be-4d32-55bd-9b5b-acbe72347918.html
2015-06-27,broad_nasdaq,554,http://seekingalpha.com/article/3287355-a-high-dividend-stock-yielding-9-percent-14-percent-below-book-value-and-major-insider-buying | http://finance.yahoo.com/news/biotech-short-sellers-prefer-amgen-220256213.html | http://www.virtualpressoffice.com/publicsiteContentFileAccess?fileContentId=2052981&fromOtherPageToDisableHistory=Y&menuName=News
2015-11-02,broad_nasdaq,3263,http://news.sina.com.hk/news/20151103/-19-4323071/1.html | http://wkrg.com/ap/business-highlights-86/ | http://www.montgomeryadvertiser.com/story/money/markets/2015/11/02/stocks-quiet-after-best-month-four-years/75030806/
2016-03-09,broad_nasdaq,2807,http://prwire.com.au/pr/58324/-292 | http://www.aktien-meldungen.de/Nachrichten/Nachrichtendienste/dpa-AFX/ROUNDUP-Aktien-New-York-Schluss-Moderate-Gewinne-dank-steigender-Oelpreise-5069948 | http://www.rtlz.nl/finance/beurs/ook-amerikaanse-beleggers-verwachten-veel-van-de-ecb
2016-07-15,broad_nasdaq,3205,http://host.madison.com/business/investment/markets-and-stocks/with-studio-purchase-hasbro-inc-follows-in-disney-s-footsteps/article_0c7f74ac-5fe9-5e46-97f9-a29ab7045b27.html | http://www.fuw.ch/newsticker-single/201607151142/aktien-new-york-schluss-mini-plus-reicht-dem-dow-fur-weiteren-rekord/ | http://investorplace.com/2016/07/why-herbalife-ltd-hlf-jabil-circuit-inc-jbl-and-westrock-co-wrk-are-3-of-todays-best-stocks/
2016-11-20,broad_nasdaq,736,https://www.nbr.co.nz/article/key-crowns-apec-summit-china-free-trade-upgrade-b-196952 | http://www.wgmd.com/3-stocks-you-can-safely-own-until-2030/ | https://www.nbr.co.nz/article/metro-glass-lifts-first-half-profit-5-b-196960
2017-03-28,broad_nasdaq,3605,http://m.philstar.com/breakingnews/show/0ef7becf5598a6e5afa807cf9de80de7?t=hsjnon188ec9uq5rn9k4a6e2l0 | http://www.newswiretoday.com/news/163346/Newest-Sonus-Session-Border-Controller-Provides-Enterprises-with-a-vCPE-Option-for-Securing-Unified-Communications/ | http://www.newswiretoday.com/news/163345/
2017-08-03,broad_nasdaq,2719,http://www.stltoday.com/business/business-highlights/article_7f99d88a-23c3-59a3-8d4f-3c824c23e5ab.html | http://www.reuters.com/article/global-markets-idUSL1N1KP1AR | http://www.dailyjournal.net/2017/08/03/financial-markets-box-19/
2017-12-11,broad_nasdaq,2826,http://www.nasdaq.com/article/these-2-facebook-rivals-are-nearing-breakouts-sp-500-futures-cm890001 | http://247wallst.com/investing/2017/12/11/disney-apple-pace-dow-to-monday-gain/ | http://www.nasdaq.com/article/south-korea-shares-may-test-resistance-at-2500-points-20171211-01095
2018-04-18,broad_nasdaq,3098,https://www.theage.com.au/business/investments/markets-live-asx-poised-to-lift-20180419-h0yymi.html | https://investorplace.com/2018/04/trades-for-tomorrow-wednesday/ | http://www.cerclefinance.com/default.asp?pub=valactu&localcode=&isin=&art=514878
2018-08-24,broad_nasdaq,2160,https://keskustelu.kauppalehti.fi/5/i/keskustelu/thread.jspa?messageID=7694451 | http://www.tewkesburyadmag.co.uk/news/national/16598608.sp-500-nasdaq-and-russell-2000-close-at-record-highs/ | https://www.straitstimes.com/business/banking/sgx-mas-explore-use-of-blockchain-tech-in-asset-trading
2018-12-30,broad_nasdaq,468,https://www.modernreaders.com/news/2018/12/30/critical-survey-taoping-taop-and-determine-dtrm.html | https://www.economiahoy.mx/mercados-eAm-colombia/noticias/9610097/12/18/Los-valores-considerados-refugio-favoritos-de-Wall-Street-para-el-2019.html | https://www.azcentral.com/story/news/2018/12/30/biggest-news-you-missed-weekend/2444541002/
2019-05-07,broad_nasdaq,3118,https://www.globenewswire.com/news-release/2019/05/07/1818966/0/en/MediciNova-Participated-in-the-RECEDE-Phase-3-Degenerative-Cervical-Myelopathy-Trial-Kick-off-Meeting-DCM-Symposium-and-the-Official-Launch-of-Myelopathy-org-in-London-United-Kingd.html | https://www.tickerreport.com/banking-finance/4332139/comtech-telecomm-corp-cmtl-receives-36-75-consensus-price-target-from-analysts.html | https://www.globenewswire.com/news-release/2019/05/07/1818439/0/en/CareDx-s-AlloSeq-cfDNA-and-QTYPE-Solutions-Featured-at-EFI-2019.html
2019-09-12,broad_nasdaq,2263,https://www.dailypolitical.com/2019/09/12/mednax-inc-nysemd-shares-sold-by-tiverton-asset-management-llc.html | https://medicinehatnews.com/business/2019/09/12/tsx-sets-record-intraday-high-us-markets-rise-on-easing-trade-tensions/ | https://markets.businessinsider.com/news/stocks/castle-creek-pharmaceutical-holdings-announces-agreement-to-acquire-fibrocell-1028521822
2020-01-18,broad_nasdaq,354,https://finance.sina.com.cn/roll/2020-01-19/doc-iihnzahk5036941.shtml | https://de.investing.com/analysis/der-nasdaq-100-ubertrifft-sich-bald-selbst-wahrend-der-dax-zogert-200436411 | http://streetwisereport.com/making-way-towards-north-with-profitability-booster-eco-stim-energy-solutions-eses-energy-transfer-partners-nyseetp/3437813/
2020-05-25,broad_nasdaq,528,https://finance.sina.com.cn/roll/2020-05-26/doc-iirczymk3553293.shtml | https://www.washingtonpost.com/business/hong-kong-finance-has-a-security-blanket/2020/05/25/93de4a3c-9edb-11ea-be06-af5514ee0385_story.html | https://finance.yahoo.com/news/hong-kong-finance-security-blanket-220003413.html
2020-09-30,broad_nasdaq,1250,https://www.vietnamtribune.com/news/266558194/us-stocks-rally-amid-economic-data | https://www.israelherald.com/news/266558194/us-stocks-rally-amid-economic-data | https://www.timesunion.com/business/article/Business-Highlights-15610371.php
2021-02-05,broad_nasdaq,1787,https://henrysward.medium.com/finally-a-private-stock-exchange-cartax-3c658f30ac97?source=home---------3---------------------8b8e93ef_4b73_4166_bc37_56929079c93b-------7 | https://www.hawaiitelegraph.com/news/267752425/usa-truck-to-participate-in-stifel-and-cowen-conferences | http://usstock.jrj.com.cn/2021/02/06060131857278.shtml
2021-06-13,broad_nasdaq,130,https://www.nbcsandiego.com/news/business/money-report/u-s-stock-futures-are-flat-with-the-sp-500-at-a-record-high/2629898/ | http://s2.aleqt.com/10108/ | https://www.aleqt.com/2021/06/14/article_2112361.html
2021-10-19,broad_nasdaq,1746,http://news.kmib.co.kr/article/view.asp?arcid=0016379510&code=61141211&sid1=eco | https://www.dunya.com/finans/haberler/borsa/new-york-borsasi-yukselisle-kapandi-haberi-637140 | https://www.caribbeanherald.com/news/271527343/us-stocks-continue-higher-nasdaq-rises-107-points
2022-02-24,broad_nasdaq,2420,https://magic1079.iheart.com/content/2022-02-24-markets-send-mixed-signals-after-russia-invades-ukraine/ | https://www.sharonherald.com/news/markets-whipsaw-after-ukraine-attack-stocks-swing-to-gain/article_bf780b65-b3c8-5a99-82b1-48404c128ea3.html | https://www.brazilsun.com/news/272333668/new-gfc-looms-as-global-financial-markets-go-into-tailspin
2022-07-02,broad_nasdaq,329,https://www.fxstreet.com/cryptocurrencies/news/first-mover-asia-speculating-on-tokenized-carbon-offsets-wont-help-climate-crisi-btc-falls-under-19k-202207010040 | https://siliconangle.com/2022/07/02/tech-valuations-get-worse-heres-still-optimistic/ | http://www.habervitrini.com/iste-bitcoindeki-tarihi-dususun-5-sebebi/1073355
2022-11-08,broad_nasdaq,1983,https://www.swoknews.com/ap/national/ap-news-in-brief-at-6-04-p-m-est/article_a9168afc-f141-5646-b48b-044dc674bd3d.html | https://www.ksdk.com/article/news/nation-world/wall-street-election/507-966464ea-cf8d-4be2-9c8a-2434e25fb62c | https://www.cbc.ca/mediacentre/press-release/suzette-mayr-wins-the-2022-scotiabank-giller-prize
2023-03-16,broad_nasdaq,1573,https://www.nbcmiami.com/news/business/money-report/stock-futures-are-flat-after-banks-bolster-deposits-at-first-republic-live-updates/2995299/ | https://www.stltoday.com/business/stocks-rally-after-battered-first-republic-gets-a-lifeline/article_ace51c53-2f8e-5307-aa34-3e4a3228dde0.html | https://www.wral.com/asian-stocks-fall-after-wall-st-sinks-on-new-bank-fears/20766424/
2023-07-22,broad_nasdaq,756,https://www.theguardian.com/technology/2023/jul/23/artificial-intelligence-boom-generates-optimism-in-tech-sector-as-stocks-soar | https://theenterpriseleader.com/2023/07/22/invesco-sp-smallcap-high-dividend-low-volatility-etf-xshd-to-issue-dividend-of-0-11-on-july-28th.html | https://www.modernreaders.com/news/2023/07/22/invesco-real-assets-esg-etf-ivra-to-issue-dividend-of-0-02-on-july-28th.html
2023-11-27,broad_nasdaq,1651,https://www.globenewswire.com/news-release/2023/11/27/2786559/0/en/NCLA-Asks-en-Banc-Fifth-Circuit-to-Overturn-Nasdaq-Board-Diversity-Rules-as-Unauthorized-by-Statute.html | https://www.newyorktelegraph.com/news/274047183/us-stocks-weaken-as-traders-return-after-thanksgiving | https://www.nbcdfw.com/news/business/money-report/stock-futures-are-little-changed-as-investors-assess-pause-in-november-rally-live-updates/3397419/
2024-04-03,broad_nasdaq,2548,https://www.swissinfo.ch/eng/asian-stocks-to-rise-as-powell-reaffirms-rate-cuts%3a-markets-wrap/74999357 | https://www.wallstreet-online.de/nachricht/17950894-the-law-offices-of-frank-r-cruz-announces-investigation-of-sharecare-inc-shcr-on-behalf-of-investors | https://www.dailypolitical.com/2024/04/03/heartland-bank-trust-co-cuts-stock-holdings-in-advanced-micro-devices-inc-nasdaqamd.html
2024-08-09,broad_nasdaq,2667,https://theenterpriseleader.com/2024/08/09/cyberark-software-nasdaqcybr-pt-raised-to-310-00-at-citigroup.html | https://www.nbd.com.cn/articles/2024-08-09/3499512.html | https://foreignpolicy.com/2024/08/09/us-economy-global-market-turmoil-fed-interest-rates-recession/?tpcc=recirc_trending062921
2024-12-15,broad_nasdaq,796,https://www.insidermonkey.com/blog/symbotic-sym-expands-ai-horizons-with-ohmnilabs-acquisition-a-game-changer-in-automation-and-healthcare-1407588/ | https://www.insidermonkey.com/blog/five9-fivn-wins-2024-innovation-award-leading-the-ai-revolution-in-contact-centers-1407591/ | https://www.insidermonkey.com/blog/11-best-cybersecurity-stocks-to-buy-according-to-wall-street-analysts-1406060/
2025-04-22,broad_nasdaq,2403,https://finance.sina.com.cn/roll/2025-04-23/doc-ineucccy6998492.shtml | https://www.hankookilbo.com:443/News/Read/A2025042307120004543 | https://amsterdamnews.com/news/2025/04/22/movement-prods-new-yorks-dormat-multi-billion-dollar-sales-tax-on-wall-street/
