Date,h,model,y_true_ret,y_true_level,y_pred_ret,y_pred_level
2024-01-02,5,RW,0.007818645779102518,402.7524,0.0,399.6157
2024-01-03,5,RW,0.025211191616554274,405.4821,0.0,395.3872
2024-01-04,5,RW,0.03244939866157015,406.3258,0.0,393.3524
2024-01-05,5,RW,0.03177689933133454,406.5342,0.0,393.8189
2024-01-08,5,RW,0.011222046865761115,406.4945,0.0,401.9583
2024-01-09,5,RW,0.003591782327117876,404.2016,0.0,402.7524
2024-01-10,5,RW,0.010931394655028903,409.9389,0.0,405.4821
2024-01-11,5,RW,0.02848975464683612,418.0684,0.0,406.3258
2024-01-12,5,RW,0.0292819126288677,418.6143,0.0,406.5342
2024-01-16,5,RW,0.03352062937259692,420.3514,0.0,406.4945
2024-01-17,5,RW,0.04471132813714451,422.6841,0.0,404.2016
2024-01-18,5,RW,0.03183722893089769,423.2002,0.0,409.9389
2024-01-19,5,RW,0.006225017043841596,420.679,0.0,418.0684
2024-01-22,5,RW,0.015108374000857516,424.9869,0.0,418.6143
2024-01-23,5,RW,0.004288623412293191,422.158,0.0,420.3514
2024-01-24,5,RW,-0.02102606154883091,413.8895,0.0,422.6841
2024-01-25,5,RW,-0.010539509304839711,418.7633,0.0,423.2002
2024-01-26,5,RW,0.012194790468463168,425.8405,0.0,420.679
2024-01-29,5,RW,0.0007004820863754091,425.2847,0.0,424.9869
2024-01-30,5,RW,0.005369796824134632,424.431,0.0,422.158
2024-01-31,5,RW,0.035388314839472024,428.7986,0.0,413.8895
2024-02-01,5,RW,0.025531706670139265,429.5927,0.0,418.7633
2024-02-02,5,RW,0.018567374122396174,433.8211,0.0,425.8405
2024-02-05,5,RW,0.01595329425735237,432.1238,0.0,425.2847
2024-02-06,5,RW,0.0022426069473882038,425.3839,0.0,424.431
2024-02-07,5,RW,0.0028432116707000077,430.0195,0.0,428.7986
2024-02-08,5,RW,0.00396635315472782,431.3,0.0,429.5927
2024-02-09,5,RW,-0.014937631596786183,427.389,0.0,433.8211
2024-02-12,5,RW,-0.018594070186863654,424.1631,0.0,432.1238
2024-02-13,5,RW,-0.006883795247721203,422.4657,0.0,425.3839
2024-02-14,5,RW,0.011132872673681682,434.8336,0.0,430.0195
2024-02-15,5,RW,0.005210376414827245,433.5531,0.0,431.3
2024-02-16,5,RW,0.013793187514340666,433.3249,0.0,427.389
2024-02-20,5,RW,0.02377197802649622,434.3671,0.0,424.1631
2024-02-21,5,RW,0.022443014719947918,432.0543,0.0,422.4657
2024-02-22,5,RW,0.002120630900522613,435.7567,0.0,434.8336
2024-02-23,5,RW,0.02001457425580533,442.3179,0.0,433.5531
2024-02-26,5,RW,0.016966658694286707,440.7397,0.0,433.3249
2024-02-27,5,RW,-0.003548453461808876,432.8285,0.0,434.3671
2024-02-28,5,RW,0.008054422356604363,435.5483,0.0,432.0543
2024-02-29,5,RW,0.014585711989866468,442.1591,0.0,435.7567
2024-03-01,5,RW,-0.014899127610712881,435.7766,0.0,442.3179
2024-03-04,5,RW,-0.015044316285119486,434.1587,0.0,440.7397
2024-03-05,5,RW,0.01730163766365944,440.3823,0.0,432.8285
2024-03-06,5,RW,0.0033217771091527126,436.9975,0.0,435.5483
2024-03-07,5,RW,-0.014266548100172471,435.8958,0.0,442.1591
2024-03-08,5,RW,-0.011684733440248785,430.7143,0.0,435.7766
2024-03-11,5,RW,0.0015270764384762714,434.8222,0.0,434.1587
2024-03-12,5,RW,-0.010217736567577518,435.9055,0.0,440.3823
2024-03-13,5,RW,0.009284960848660262,441.0739,0.0,436.9975
2024-03-14,5,RW,0.016530362513933916,443.1612,0.0,435.8958
2024-03-15,5,RW,0.029631767101959028,443.6681,0.0,430.7143
2024-03-18,5,RW,0.01650388328701613,442.058,0.0,434.8222
2024-03-19,5,RW,0.010772554977535265,440.6267,0.0,435.9055
2024-03-20,5,RW,0.0023858669150413903,442.1275,0.0,441.0739
2024-03-21,5,RW,-0.004180345197855928,441.3125,0.0,443.1612
2024-03-22,5,RW,-0.003208663088109631,442.2468,0.0,443.6681
2024-03-25,5,RW,-0.008240703152313955,438.4301,0.0,442.058
2024-03-26,5,RW,-0.0027557830668945016,439.4141,0.0,440.6267
2024-03-27,5,RW,-0.021564747985941324,432.6952,0.0,442.1275
2024-03-28,5,RW,-0.008004761169792651,437.794,0.0,441.3125
2024-04-01,5,RW,-0.00982454475091199,437.9232,0.0,442.2468
2024-04-02,5,RW,0.0025358412829712407,439.5433,0.0,438.4301
2024-04-03,5,RW,-0.008472708577532906,435.7068,0.0,439.4141
2024-04-04,5,RW,0.022777915030399498,442.6642,0.0,432.6952
2024-04-05,5,RW,-0.005007101129820946,435.6074,0.0,437.794
2024-04-08,5,RW,-0.021890046784968753,428.4412,0.0,437.9232
2024-04-09,5,RW,-0.02548983698769458,428.481,0.0,439.5433
2024-04-10,5,RW,-0.02899966733845094,423.2529,0.0,435.7068
2024-04-11,5,RW,-0.0505642203983907,420.8377,0.0,442.6642
2024-04-12,5,RW,-0.055400604284026045,412.1308,0.0,435.6074
2024-04-15,5,RW,-0.028805964846421617,416.2756,0.0,428.4412
2024-04-16,5,RW,-0.014086299077192166,422.4876,0.0,428.481
2024-04-17,5,RW,0.001572290619686889,423.9189,0.0,423.2529
2024-04-18,5,RW,0.002453279591855484,421.8714,0.0,420.8377
2024-04-19,5,RW,0.03867361244472889,428.3816,0.0,412.1308
2024-04-22,5,RW,0.032718791054440644,430.1209,0.0,416.2756
2024-04-23,5,RW,-0.0011299020110495661,422.0105,0.0,422.4876
2024-04-24,5,RW,-0.011768861559438903,418.9591,0.0,423.9189
2024-04-25,5,RW,0.005755543183403766,424.3065,0.0,421.8714
2024-04-26,5,RW,0.010340819675980661,432.8344,0.0,428.3816
2024-04-29,5,RW,0.017182473313963165,437.5753,0.0,430.1209
2024-04-30,5,RW,0.036377655719996405,437.6449,0.0,422.0105
2024-05-01,5,RW,0.04304394177633952,437.3865,0.0,418.9591
2024-05-02,5,RW,0.032540390445729095,438.3407,0.0,424.3065
2024-05-03,5,RW,0.014996690174259086,439.3744,0.0,432.8344
2024-05-06,5,RW,0.006407578319935325,440.3881,0.0,437.5753
2024-05-07,5,RW,0.01266044039787051,443.2209,0.0,437.6449
2024-05-08,5,RW,0.028760284757513688,450.1485,0.0,437.3865
2024-05-09,5,RW,0.0245476708306267,449.2341,0.0,438.3407
2024-05-10,5,RW,0.021705288607161144,449.0154,0.0,439.3744
2024-05-13,5,RW,0.02634941643458344,452.1463,0.0,440.3881
2024-05-14,5,RW,0.021892043716309928,453.0309,0.0,443.2209
2024-05-15,5,RW,0.00618522896558904,452.9414,0.0,450.1485
2024-05-16,5,RW,0.0037101020407517282,450.9039,0.0,449.2341
2024-05-17,5,RW,0.013608956577922271,455.1678,0.0,449.0154
2024-05-20,5,RW,0.010430952138337446,456.8873,0.0,452.1463
2024-05-21,5,RW,0.0014031136597072447,453.667,0.0,453.0309
2024-05-22,5,RW,-0.009170474496123404,448.8067,0.0,452.9414
2024-05-23,5,RW,-0.00652395075235912,447.9718,0.0,450.9039
2024-05-24,5,RW,-0.010580910334575755,450.3771,0.0,455.1678
2024-05-28,5,RW,-0.011618662366490007,451.6096,0.0,456.8873
2024-05-29,5,RW,0.015413794227963074,460.7139,0.0,453.667
2024-05-30,5,RW,0.025839784034666913,460.5549,0.0,448.8067
2024-05-31,5,RW,0.026816588932284446,460.1474,0.0,447.9718
2024-06-03,5,RW,0.025492646171993094,462.006,0.0,450.3771
2024-06-04,5,RW,0.029599028633759517,465.1766,0.0,451.6096
2024-06-05,5,RW,0.02265266205872507,471.2694,0.0,460.7139
2024-06-06,5,RW,0.028403455798089006,473.8238,0.0,460.5549
2024-06-07,5,RW,0.03445652411598221,476.2788,0.0,460.1474
2024-06-10,5,RW,0.04260085581773687,482.1131,0.0,462.006
2024-06-11,5,RW,0.036070831114209945,482.2622,0.0,465.1766
2024-06-12,5,RW,0.015320345334675523,478.545,0.0,471.2694
2024-06-13,5,RW,0.007231759942412985,477.2628,0.0,473.8238
2024-06-14,5,RW,-0.009386129422340517,471.8293,0.0,476.2788
2024-06-17,5,RW,-0.010190865585952835,477.2249,0.0,482.1131
2024-06-18,5,RW,-0.008436937424564306,478.2105,0.0,482.2622
2024-06-20,5,RW,0.001878725996362185,479.4449,0.0,478.545
2024-06-21,5,RW,-0.000642829460958616,476.9561,0.0,477.2628
2024-06-24,5,RW,0.016655162696455506,479.7535,0.0,471.8293
2024-06-25,5,RW,0.01572958943517211,484.7908,0.0,477.2249
2024-06-26,5,RW,0.021969087454606573,488.8326,0.0,478.2105
2024-06-27,5,RW,0.02976381809824069,493.9295,0.0,479.4449
2024-06-28,5,RW,0.03734379235609886,495.1042,0.0,476.9561
2024-07-01,5,RW,0.03236010799801825,495.5323,0.0,479.7535
2024-07-02,5,RW,0.032287664452638865,500.699,0.0,484.7908
2024-07-03,5,RW,0.001810636648465369,489.7185,0.0,488.8326
2024-07-05,5,RW,-0.0027042410028732533,492.5956,0.0,493.9295
2024-07-08,5,RW,-0.002395494560343714,493.9196,0.0,495.1042
2024-07-09,5,RW,-0.0028770048572086537,494.1087,0.0,495.5323
2024-07-10,5,RW,-0.043043941717228584,479.6042,0.0,500.699
2024-07-11,5,RW,-0.0256134427394068,477.3344,0.0,489.7185
2024-07-12,5,RW,-0.040374372827194804,473.1035,0.0,492.5956
2024-07-15,5,RW,-0.028270655267816913,480.1517,0.0,493.9196
2024-07-16,5,RW,-0.032184174660071285,478.4594,0.0,494.1087
2024-07-17,5,RW,-0.03891931001030535,461.2969,0.0,479.6042
2024-07-18,5,RW,-0.04526450206107313,456.2098,0.0,477.3344
2024-07-19,5,RW,-0.026157598445792907,460.8887,0.0,473.1035
2024-07-22,5,RW,-0.03893880033652408,461.8145,0.0,480.1517
2024-07-23,5,RW,-0.0492344802827116,455.4732,0.0,478.4594
2024-07-24,5,RW,0.016459187114511664,468.9523,0.0,461.2969
2024-07-25,5,RW,0.0030286625280142587,457.5936,0.0,456.2098
2024-07-26,5,RW,-0.031196376853474206,446.7326,0.0,460.8887
2024-07-29,5,RW,-0.06347267271743195,433.4128,0.0,461.8145
2024-07-30,5,RW,-0.040136523230000165,437.5541,0.0,455.4732
2024-07-31,5,RW,-0.08018951731729018,432.8155,0.0,468.9523
2024-08-01,5,RW,-0.02553762183919961,446.0557,0.0,457.5936
2024-08-02,5,RW,0.003692479085287026,448.3852,0.0,446.7326
2024-08-05,5,RW,0.036113251868191476,449.3508,0.0,433.4128
2024-08-06,5,RW,0.051113586175489445,460.5005,0.0,437.5541
2024-08-07,5,RW,0.06232656118605995,460.6498,0.0,432.8155
2024-08-08,5,RW,0.057143654737183525,472.2873,0.0,446.0557
2024-08-09,5,RW,0.053219634807506466,472.8945,0.0,448.3852
2024-08-12,5,RW,0.06411882772795963,479.1064,0.0,449.3508
2024-08-13,5,RW,0.03750806577140153,478.101,0.0,460.5005
2024-08-14,5,RW,0.04183714000640215,480.3309,0.0,460.6498
2024-08-15,5,RW,0.000905817675558751,472.7153,0.0,472.2873
2024-08-16,5,RW,0.010408023974519232,477.8421,0.0,472.8945
2024-08-19,5,RW,-0.012398018956210954,473.2031,0.0,479.1064
2024-08-20,5,RW,-0.0073144763335690755,474.6167,0.0,478.101
2024-08-21,5,RW,-0.02338005688911693,469.231,0.0,480.3309
2024-08-22,5,RW,-0.008862863648998243,468.5442,0.0,472.7153
2024-08-23,5,RW,-0.007801117536773816,474.1289,0.0,477.8421
2024-08-26,5,RW,-0.0288768393847727,459.7339,0.0,473.2031
2024-08-27,5,RW,-0.03446152859995966,458.5393,0.0,474.6167
2024-08-28,5,RW,-0.022116000929941038,458.9674,0.0,469.231
2024-08-29,5,RW,-0.047803881474986376,446.6729,0.0,468.5442
2024-08-30,5,RW,-0.04687490475299683,452.417,0.0,474.1289
2024-09-03,5,RW,-0.0068442709435450055,456.5981,0.0,459.7339
2024-09-04,5,RW,0.017240527754224466,466.5133,0.0,458.5393
2024-09-05,5,RW,0.026075706364371953,471.0927,0.0,458.9674
2024-09-06,5,RW,0.057698123820585145,473.2031,0.0,446.6729
2024-09-09,5,RW,0.040492598097528365,471.1125,0.0,452.417
2024-09-10,5,RW,0.031821530503220785,471.3614,0.0,456.5981
2024-09-11,5,RW,0.005999586936817458,469.3206,0.0,466.5133
2024-09-12,5,RW,0.021201285823678973,481.1871,0.0,471.0927
2024-09-13,5,RW,0.0148262611255916,480.2712,0.0,473.2031
2024-09-16,5,RW,0.021901312161098474,481.5443,0.0,471.1125
2024-09-17,5,RW,0.026184972166737985,483.867,0.0,471.3614
2024-09-18,5,RW,0.03145064332958025,484.3156,0.0,469.3206
2024-09-19,5,RW,0.013965578165825221,487.9543,0.0,481.1871
2024-09-20,5,RW,0.010298233794569178,485.2427,0.0,480.2712
2024-09-23,5,RW,0.010359320947260109,486.5587,0.0,481.5443
2024-09-24,5,RW,-0.008483035350590029,479.7797,0.0,483.867
2024-09-25,5,RW,-0.007997777227944702,480.4576,0.0,484.3156
2024-09-26,5,RW,-0.016230046162944767,480.0987,0.0,487.9543
2024-09-27,5,RW,0.001170481230610143,485.811,0.0,485.2427
2024-09-30,5,RW,-0.012307455713592041,480.6071,0.0,486.5587
2024-10-01,5,RW,0.01654748977815057,487.7849,0.0,479.7797
2024-10-02,5,RW,0.022972976092762387,491.6229,0.0,480.4576
2024-10-03,5,RW,0.022584183243447242,491.0647,0.0,480.0987
2024-10-04,5,RW,0.012318145355249221,491.8323,0.0,485.811
2024-10-07,5,RW,0.031443972142515264,495.9594,0.0,480.6071
2024-10-08,5,RW,0.003162578500907287,489.33,0.0,487.7849
2024-10-09,5,RW,-0.004552445914124625,489.3899,0.0,491.6229
2024-10-10,5,RW,-0.002724122511263083,489.7288,0.0,491.0647
2024-10-11,5,RW,0.002247223675944987,492.9388,0.0,491.8323
2024-10-14,5,RW,-0.004189549685985838,493.8859,0.0,495.9594
2024-10-15,5,RW,0.010356744671572216,494.4242,0.0,489.33
2024-10-16,5,RW,-0.005208170114398669,486.8477,0.0,489.3899
2024-10-17,5,RW,0.0021757755943694335,490.7955,0.0,489.7288
2024-10-18,5,RW,0.001717601577603034,493.7862,0.0,492.9388
2024-10-21,5,RW,-4.0293519056433524e-05,493.866,0.0,493.8859
2024-10-22,5,RW,0.008432780567658504,498.6112,0.0,494.4242
2024-10-23,5,RW,0.01628899529172223,494.8429,0.0,486.8477
2024-10-24,5,RW,-0.017354028068480964,482.3517,0.0,490.7955
2024-10-25,5,RW,-0.016057393915676066,485.9206,0.0,493.7862
2024-10-28,5,RW,-0.01913647413587327,484.505,0.0,493.866
2024-10-29,5,RW,-0.016022425511238225,490.6859,0.0,498.6112
2024-10-30,5,RW,0.0183645006341715,504.0144,0.0,494.8429
2024-10-31,5,RW,0.05955286200384169,511.9497,0.0,482.3517
2024-11-01,5,RW,0.053349129095630055,512.548,0.0,485.9206
2024-11-04,5,RW,0.055682888532721186,512.2489,0.0,484.505
2024-11-05,5,RW,0.04119473380040706,511.3217,0.0,490.6859
2024-11-06,5,RW,0.01310660894786242,510.6638,0.0,504.0144
2024-11-07,5,RW,-0.009488970085867798,507.1148,0.0,511.9497
2024-11-08,5,RW,-0.034771352198372796,495.0323,0.0,512.548
2024-11-11,5,RW,-0.027264022861482218,498.4716,0.0,512.2489
2024-11-12,5,RW,-0.0185960529347744,501.901,0.0,511.3217
2024-11-13,5,RW,-0.01788473491941378,501.6119,0.0,510.6638
2024-11-14,5,RW,-0.007319945945816642,503.4163,0.0,507.1148
2024-11-15,5,RW,0.018397204165358616,504.2238,0.0,495.0323
2024-11-18,5,RW,0.013053989737454863,505.0213,0.0,498.4716
2024-11-19,5,RW,0.011552632814566088,507.7329,0.0,501.901
2024-11-20,5,RW,0.004224218573441796,503.7353,0.0,501.6119
2024-11-21,5,RW,0.009381848446312624,508.1615,0.0,503.4163
2024-11-22,5,RW,0.018608124310802943,513.6943,0.0,504.2238
2024-11-25,5,RW,0.020089458156699713,515.2695,0.0,505.0213
2024-11-26,5,RW,0.02702159777702473,521.6397,0.0,507.7329
2024-11-27,5,RW,0.0321512717008563,520.1942,0.0,503.7353
2024-11-29,5,RW,0.03231262544920366,524.8497,0.0,508.1615
2024-12-02,5,RW,0.013665742252357838,520.7625,0.0,513.6943
2024-12-03,5,RW,0.007190504068195658,518.9879,0.0,515.2695
2024-12-04,5,RW,0.012647622852879792,528.2791,0.0,521.6397
2024-12-05,5,RW,0.00894764739305387,524.8696,0.0,520.1942
2024-12-06,5,RW,0.0076632407170773575,528.8872,0.0,524.8497
2024-12-09,5,RW,0.02977900212100959,536.5035,0.0,520.7625
2024-12-10,5,RW,0.02877890578864495,534.1408,0.0,518.9879
2024-12-11,5,RW,-0.025708941352410086,514.8707,0.0,528.2791
2024-12-12,5,RW,-0.02369734641816823,512.5778,0.0,524.8696
2024-12-13,5,RW,-0.02262785881005147,517.054,0.0,528.8872
2024-12-16,5,RW,-0.027230417474016555,522.0914,0.0,536.5035
2024-12-17,5,RW,-0.009348032550509089,529.1709,0.0,534.1408
2024-12-18,5,RW,0.026716045370450026,528.8114,0.0,514.8707
2024-12-19,5,RW,0.017797180111803534,521.7819,0.0,512.5778
2024-12-20,5,RW,-0.004286871852491103,514.8422,0.0,517.054
2024-12-23,5,RW,-0.0225131491559738,510.4688,0.0,522.0914
2024-12-24,5,RW,-0.0379400798289149,509.4702,0.0,529.1709
2024-12-26,5,RW,-0.021027715615034026,517.8078,0.0,528.8114
2024-12-27,5,RW,0.003781779450845235,523.7589,0.0,521.7819
2024-12-30,5,RW,-0.0008343899712173197,514.4128,0.0,514.8422
2024-12-31,5,RW,0.007871283889118175,514.5027,0.0,510.4688
