Date,Target_Price
2015-02-17,98.88424682617188
2015-02-18,99.0228500366211
2015-02-19,99.5125961303711
2015-02-20,100.17792510986328
2015-02-23,100.27955627441406
2015-02-24,100.35350036621094
2015-02-25,100.10401153564452
2015-02-26,100.61224365234376
2015-02-27,100.16869354248048
2015-03-02,101.07427215576172
2015-03-03,100.60301208496094
2015-03-04,100.21487426757812
2015-03-05,100.39045715332033
2015-03-06,99.25385284423828
2015-03-09,99.5403289794922
2015-03-10,97.69217681884766
2015-03-11,97.1285171508789
2015-03-12,97.76614379882812
2015-03-13,97.34104919433594
2015-03-16,98.59776306152344
2015-03-17,98.75487518310548
2015-03-18,99.72512817382812
2015-03-19,99.87297058105467
2015-03-20,100.51945495605467
2015-03-23,100.32498168945312
2015-03-24,99.96372985839844
2015-03-25,97.6760711669922
2015-03-26,97.34263610839844
2015-03-27,97.73162841796876
2015-03-30,98.8523406982422
2015-03-31,97.80574035644533
2015-04-01,97.29631805419922
2015-04-02,97.36116027832033
2015-04-06,98.1576690673828
2015-04-07,97.99098205566406
2015-04-08,98.76895904541016
2015-04-09,99.3895034790039
2015-04-10,99.79702758789062
2015-04-13,99.5469741821289
2015-04-14,99.25984191894533
2015-04-15,99.88035583496094
2015-04-16,99.7414779663086
2015-04-17,98.18548583984376
2015-04-20,99.65811157226562
2015-04-21,100.08414459228516
2015-04-22,100.6305923461914
2015-04-23,101.01034545898438
2015-04-24,102.381103515625
2015-04-27,102.1218032836914
2015-04-28,101.9180145263672
2015-04-29,101.27894592285156
2015-04-30,99.68589782714844
2015-05-01,101.00109100341795
2015-05-04,101.1678237915039
2015-05-05,99.51917266845705
2015-05-06,98.8337860107422
2015-05-07,99.42654418945312
2015-05-08,100.66765594482422
2015-05-11,100.27864837646484
2015-05-12,99.82482147216795
2015-05-13,100.02857208251952
2015-05-14,101.49195861816406
2015-05-15,101.49195861816406
2015-05-18,101.93649291992188
2015-05-19,101.8253936767578
2015-05-20,101.89020538330078
2015-05-21,102.41814422607422
2015-05-22,102.31626892089844
2015-05-26,101.1400146484375
2015-05-27,102.77010345458984
2015-05-28,102.53855895996094
2015-05-29,101.92727661132812
2015-06-01,102.26994323730467
2015-06-02,101.94580841064452
2015-06-03,102.25142669677734
2015-06-04,101.4734344482422
2015-06-05,101.23262786865234
2015-06-08,100.20455169677734
2015-06-09,100.03785705566406
2015-06-10,101.40858459472656
2015-06-11,101.5567855834961
2015-06-12,100.72323608398438
2015-06-15,100.22308349609376
2015-06-16,100.76953887939452
2015-06-17,101.0474090576172
2015-06-18,102.52003479003906
2015-06-19,102.01316833496094
2015-06-22,102.76512908935548
2015-06-23,102.84867095947266
2015-06-24,102.3195343017578
2015-06-25,102.11526489257812
2015-06-26,101.43761444091795
2015-06-29,99.04254150390624
2015-06-30,99.39529418945312
2015-07-01,100.1843719482422
2015-07-02,100.21222686767578
2015-07-06,99.9801254272461
2015-07-07,100.23078155517578
2015-07-08,98.48555755615234
2015-07-09,98.42985534667967
2015-07-10,99.93372344970705
2015-07-13,101.68827056884766
2015-07-14,102.35667419433594
2015-07-15,102.46805572509766
2015-07-16,103.91620635986328
2015-07-17,105.4479522705078
2015-07-20,105.81000518798828
2015-07-21,105.7450180053711
2015-07-22,104.5474853515625
2015-07-23,104.1575698852539
2015-07-24,103.1364288330078
2015-07-27,102.28238677978516
2015-07-28,103.1642837524414
2015-07-29,103.5541763305664
2015-07-30,104.04620361328124
2015-07-31,103.92547607421876
2015-08-03,103.60059356689452
2015-08-04,103.40564727783205
2015-08-05,104.20403289794922
2015-08-06,102.53303527832033
2015-08-07,102.40309143066406
2015-08-10,103.57274627685548
2015-08-11,102.24525451660156
2015-08-12,102.5979995727539
2015-08-13,102.43091583251952
2015-08-14,102.58875274658205
2015-08-17,103.44277954101562
2015-08-18,102.91364288330078
2015-08-19,102.2359390258789
2015-08-20,99.40460205078124
2015-08-21,95.0600814819336
2015-08-24,91.4024658203125
2015-08-25,91.05899047851562
2015-08-26,95.6448974609375
2015-08-27,98.06781768798828
2015-08-28,98.04925537109376
2015-08-31,96.8331527709961
2015-09-01,93.80683135986328
2015-09-02,96.45254516601562
2015-09-03,95.97908020019533
2015-09-04,94.83726501464844
2015-09-08,97.51080322265624
2015-09-09,96.41539764404295
2015-09-10,97.46440887451172
2015-09-11,98.0028305053711
2015-09-14,97.70577239990234
2015-09-15,98.8568878173828
2015-09-16,99.41387176513672
2015-09-17,99.45101928710938
2015-09-18,98.03653717041016
2015-09-21,98.34362030029295
2015-09-22,96.87329864501952
2015-09-23,96.94776153564452
2015-09-24,96.59412384033205
2015-09-25,95.77523803710938
2015-09-28,93.0486297607422
2015-09-29,92.56471252441406
2015-09-30,94.69576263427734
2015-10-01,95.1238250732422
2015-10-02,96.78955078125
2015-10-05,98.17611694335938
2015-10-06,97.71083068847656
2015-10-07,98.29706573486328
2015-10-08,98.68795013427734
2015-10-09,99.13460540771484
2015-10-12,99.37654876708984
2015-10-13,98.7344741821289
2015-10-14,98.5762710571289
2015-10-15,100.19547271728516
2015-10-16,100.61424255371094
2015-10-19,101.1911849975586
2015-10-20,100.67008209228516
2015-10-21,100.05587768554688
2015-10-22,102.09384155273438
2015-10-23,104.95075225830078
2015-10-26,105.015869140625
2015-10-27,105.22990417480467
2015-10-28,106.10465240478516
2015-10-29,105.93714904785156
2015-10-30,105.46253967285156
2015-11-02,106.6537094116211
2015-11-03,107.02593231201172
2015-11-04,107.03523254394533
2015-11-05,106.74674987792967
2015-11-06,106.82121276855467
2015-11-09,105.68590545654295
2015-11-10,105.41602325439452
2015-11-11,105.28575897216795
2015-11-12,104.2621078491211
2015-11-13,102.21480560302734
2015-11-16,103.6851577758789
2015-11-17,103.75028228759766
2015-11-18,105.74172973632812
2015-11-19,105.816162109375
2015-11-20,106.53273010253906
2015-11-23,106.2256317138672
2015-11-24,106.132568359375
2015-11-25,106.2256317138672
2015-11-27,106.37451934814452
2015-11-30,106.10465240478516
2015-12-01,107.16551208496094
2015-12-02,106.50477600097656
2015-12-03,104.69947814941406
2015-12-04,107.14691162109376
2015-12-07,106.66300201416016
2015-12-08,106.67229461669922
2015-12-09,105.0531005859375
2015-12-10,105.5277099609375
2015-12-11,103.09888458251952
2015-12-14,103.88053894042967
2015-12-15,104.51333618164062
2015-12-16,106.0674285888672
2015-12-17,104.52264404296876
2015-12-18,102.5176773071289
2015-12-21,103.65645599365234
2015-12-22,104.33786010742188
2015-12-23,105.11258697509766
2015-12-24,105.09391021728516
2015-12-28,105.03792572021484
2015-12-29,106.6900634765625
2015-12-30,105.72865295410156
2015-12-31,104.41252136230467
2016-01-04,102.20960235595705
2016-01-05,102.03226470947266
2016-01-06,101.05220794677734
2016-01-07,97.88790130615234
2016-01-08,97.08516693115234
2016-01-11,97.38384246826172
2016-01-12,98.51331329345705
2016-01-13,95.11563110351562
2016-01-14,97.1411590576172
2016-01-15,94.12622833251952
2016-01-19,94.33155822753906
2016-01-20,94.0421905517578
2016-01-21,94.13558197021484
2016-01-22,96.86111450195312
2016-01-25,95.42366790771484
2016-01-26,96.2824249267578
2016-01-27,93.88353729248048
2016-01-28,95.208984375
2016-01-29,97.19717407226562
2016-02-01,97.45853424072266
2016-02-02,95.3489761352539
2016-02-03,94.89163208007812
2016-02-04,94.8823013305664
2016-02-05,91.58729553222656
2016-02-08,90.18717956542967
2016-02-09,89.90713500976562
2016-02-10,90.25252532958984
2016-02-11,90.1218719482422
2016-02-12,91.49394989013672
2016-02-16,93.55683135986328
2016-02-17,95.67571258544922
2016-02-18,94.5835952758789
2016-02-19,94.86363220214844
2016-02-22,96.40375518798828
2016-02-23,94.81696319580078
2016-02-24,95.72233581542967
2016-02-25,96.66511535644533
2016-02-26,96.54377746582033
2016-02-29,95.67571258544922
2016-03-01,98.74665832519533
2016-03-02,98.7839813232422
2016-03-03,98.5972900390625
2016-03-04,98.6346435546875
2016-03-07,98.02790832519533
2016-03-08,97.21585083007812
2016-03-09,97.84124755859376
2016-03-10,97.69188690185548
2016-03-11,99.40007019042967
2016-03-14,99.56807708740234
2016-03-15,99.53072357177734
2016-03-16,100.41748046875
2016-03-17,100.36148834228516
2016-03-18,100.51873779296876
2016-03-21,100.91195678710938
2016-03-22,101.22090911865234
2016-03-23,100.3876724243164
2016-03-24,100.41578674316406
2016-03-28,100.27536010742188
2016-03-29,101.88556671142578
2016-03-30,102.38178253173828
2016-03-31,102.2319793701172
2016-04-01,103.31796264648438
2016-04-04,102.92476654052734
2016-04-05,101.93242645263672
2016-04-06,103.60818481445312
2016-04-07,102.11966705322266
2016-04-08,102.04473114013672
2016-04-11,101.67023468017578
2016-04-12,102.52217864990234
2016-04-13,103.83287048339844
2016-04-14,103.84220886230467
2016-04-15,103.58009338378906
2016-04-18,104.13245391845705
2016-04-19,103.49581909179688
2016-04-20,103.58009338378906
2016-04-21,103.5894546508789
2016-04-22,102.0260238647461
2016-04-25,102.0260238647461
2016-04-26,101.52983856201172
2016-04-27,100.71536254882812
2016-04-28,99.49830627441406
2016-04-29,98.97404479980467
2016-05-02,99.91024780273438
2016-05-03,98.98340606689452
2016-05-04,98.3468017578125
2016-05-05,98.31869506835938
2016-05-06,98.84297943115234
2016-05-09,99.12384033203124
2016-05-10,100.4813003540039
2016-05-11,99.5731964111328
2016-05-12,99.1332015991211
2016-05-13,98.7680892944336
2016-05-16,100.00384521484376
2016-05-17,98.74934387207033
2016-05-18,99.10511016845705
2016-05-19,98.5901870727539
2016-05-20,99.67617797851562
2016-05-23,99.54512786865234
2016-05-24,101.53919982910156
2016-05-25,102.26944732666016
2016-05-26,102.56902313232422
2016-05-27,103.1026382446289
2016-05-31,103.29924011230467
2016-06-01,103.30859375
2016-06-02,103.5239028930664
2016-06-03,103.03710174560548
2016-06-06,103.4115753173828
2016-06-07,103.14942169189452
2016-06-08,103.32730102539062
2016-06-09,103.1588134765625
2016-06-10,101.98857879638672
2016-06-13,101.13663482666016
2016-06-14,101.13663482666016
2016-06-15,100.84642028808594
2016-06-16,101.14599609375
2016-06-17,99.96044158935548
2016-06-20,100.58936309814452
2016-06-21,100.90851593017578
2016-06-22,100.66443634033205
2016-06-23,102.10063934326172
2016-06-24,97.89533233642578
2016-06-27,95.9522705078125
2016-06-28,98.0548858642578
2016-06-29,99.79147338867188
2016-06-30,100.94606018066406
2016-07-01,101.45295715332033
2016-07-05,100.83342742919922
2016-07-06,101.65943908691406
2016-07-07,101.95983123779295
2016-07-08,103.53681182861328
2016-07-11,104.12815856933594
2016-07-12,104.65386199951172
2016-07-13,104.40039825439452
2016-07-14,105.11383056640624
2016-07-15,104.94482421875
2016-07-18,105.6394500732422
2016-07-19,105.25462341308594
2016-07-20,106.48429107666016
2016-07-21,106.240234375
2016-07-22,106.68142700195312
2016-07-25,106.69080352783205
2016-07-26,106.8128433227539
2016-07-27,107.55441284179688
2016-07-28,107.9298858642578
2016-07-29,108.1645278930664
2016-08-01,108.73712921142578
2016-08-02,107.9111099243164
2016-08-03,108.26779174804688
2016-08-04,108.57756042480467
2016-08-05,109.61949920654295
2016-08-08,109.49746704101562
2016-08-09,109.75091552734376
2016-08-10,109.46930694580078
2016-08-11,109.93862915039062
2016-08-12,110.01374053955078
2016-08-15,110.48307037353516
2016-08-16,109.87296295166016
2016-08-17,110.07008361816406
2016-08-18,110.09823608398438
2016-08-19,110.07008361816406
2016-08-22,110.15454864501952
2016-08-23,110.3516616821289
2016-08-24,109.63826751708984
2016-08-25,109.45987701416016
2016-08-26,109.61949920654295
2016-08-29,109.76966857910156
2016-08-30,109.41299438476562
2016-08-31,109.30032348632812
2016-09-01,109.58197021484376
2016-09-02,109.93862915039062
2016-09-06,110.62387084960938
2016-09-07,110.6895980834961
2016-09-08,110.04187774658205
2016-09-09,107.27277374267578
2016-09-12,109.19707489013672
2016-09-13,108.22084045410156
2016-09-14,108.73712921142578
2016-09-15,110.4267578125
2016-09-16,110.37408447265624
2016-09-19,109.89411926269533
2016-09-20,110.10115814208984
2016-09-21,111.183349609375
2016-09-22,112.06790924072266
2016-09-23,111.35276794433594
2016-09-26,110.42111206054688
2016-09-27,111.51274871826172
2016-09-28,111.700927734375
2016-09-29,110.89163970947266
2016-09-30,111.71971893310548
2016-10-03,111.55974578857422
2016-10-04,111.39039611816406
2016-10-05,111.78562927246094
2016-10-06,111.72916412353516
2016-10-07,111.48448181152344
2016-10-10,112.19026184082033
2016-10-11,110.59049987792967
2016-10-12,110.49641418457033
2016-10-13,110.10115814208984
2016-10-14,110.2329330444336
2016-10-17,109.9317855834961
2016-10-18,110.91046905517578
2016-10-19,110.9010238647461
2016-10-20,110.76930236816406
2016-10-21,111.183349609375
2016-10-24,112.51964569091795
2016-10-25,112.16204071044922
2016-10-26,111.39981842041016
2016-10-27,110.89163970947266
2016-10-28,110.19525909423828
2016-10-31,110.09175872802734
2016-11-01,109.2636489868164
2016-11-02,108.38849639892578
2016-11-03,107.32510375976562
2016-11-04,106.9487075805664
2016-11-07,109.48948669433594
2016-11-08,110.20468139648438
2016-11-09,110.71283721923828
2016-11-10,108.92488861083984
2016-11-11,108.9719467163086
2016-11-14,107.87091827392578
2016-11-15,109.36715698242188
2016-11-16,110.01647186279295
2016-11-17,110.8163604736328
2016-11-18,110.40230560302734
2016-11-21,111.55034637451172
2016-11-22,111.88916015625
2016-11-23,111.43743896484376
2016-11-25,111.79502868652344
2016-11-28,111.5409698486328
2016-11-29,111.9267807006836
2016-11-30,110.5716781616211
2016-12-01,108.66141510009766
2016-12-02,108.87781524658205
2016-12-05,109.72474670410156
2016-12-06,109.9882354736328
2016-12-07,111.38097381591795
2016-12-08,111.57858276367188
2016-12-09,112.4537582397461
2016-12-12,111.9456024169922
2016-12-13,113.3571319580078
2016-12-14,113.1218719482422
2016-12-15,113.30067443847656
2016-12-16,112.88068389892578
2016-12-19,113.34315490722656
2016-12-20,113.77731323242188
2016-12-21,113.69237518310548
2016-12-22,113.3714828491211
2016-12-23,113.4469985961914
2016-12-27,114.03215789794922
2016-12-28,113.14496612548828
2016-12-29,112.98448181152344
2016-12-30,111.82359313964844
2017-01-03,112.82408142089844
2017-01-04,113.43755340576172
2017-01-05,114.07933044433594
2017-01-06,115.0797882080078
2017-01-09,115.45730590820312
2017-01-10,115.712158203125
2017-01-11,116.02359771728516
2017-01-12,115.84426879882812
2017-01-13,116.2406997680664
2017-01-17,115.89149475097656
2017-01-18,116.12742614746094
2017-01-19,116.07079315185548
2017-01-20,116.32562255859376
2017-01-23,116.41999816894533
2017-01-24,117.203369140625
2017-01-25,118.3831558227539
2017-01-26,118.5058135986328
2017-01-27,118.73236846923828
2017-01-30,117.80742645263672
2017-01-31,117.57147216796876
2017-02-01,118.3831558227539
2017-02-02,118.2793197631836
2017-02-03,118.61910247802734
2017-02-06,118.76068878173828
2017-02-07,119.19483947753906
2017-02-08,119.3930435180664
2017-02-09,119.82720184326172
2017-02-10,120.2236099243164
2017-02-13,120.90313720703124
2017-02-14,121.30899047851562
2017-02-15,122.02631378173828
2017-02-16,121.98851013183594
2017-02-17,122.51708984375
2017-02-21,123.12110900878906
2017-02-22,123.1683120727539
2017-02-23,122.70582580566406
2017-02-24,122.94178009033205
2017-02-27,123.09280395507812
2017-02-28,122.71527099609376
2017-03-01,124.05548858642578
2017-03-02,123.43258666992188
2017-03-03,123.65910339355467
2017-03-06,123.38541412353516
2017-03-07,123.17774963378906
2017-03-08,123.39486694335938
2017-03-09,123.4892349243164
2017-03-10,124.00830078125
2017-03-13,124.21590423583984
2017-03-14,123.91392517089844
2017-03-15,124.67842864990234
2017-03-16,124.5934600830078
2017-03-17,124.5500030517578
2017-03-20,124.66345977783205
2017-03-21,122.77191162109376
2017-03-22,123.60419464111328
2017-03-23,123.29210662841795
2017-03-24,123.54744720458984
2017-03-27,123.74603271484376
2017-03-28,124.50270080566406
2017-03-29,125.07962036132812
2017-03-30,125.28768157958984
2017-03-31,125.20254516601562
2017-04-03,125.12689208984376
2017-04-04,125.32551574707033
2017-04-05,124.8147964477539
2017-04-06,124.88101196289062
2017-04-07,124.8147964477539
2017-04-10,124.86209106445312
2017-04-11,124.32301330566406
2017-04-12,123.82170104980467
2017-04-13,123.32989501953124
2017-04-17,124.3513412475586
2017-04-18,124.16217041015624
2017-04-19,124.36083221435548
2017-04-20,125.40116119384766
2017-04-21,125.37278747558594
2017-04-24,126.8860321044922
2017-04-25,127.80342864990234
2017-04-26,127.62377166748048
2017-04-27,128.38986206054688
2017-04-28,128.6168670654297
2017-05-01,129.76121520996094
2017-05-02,129.97872924804688
2017-05-03,129.56260681152344
2017-05-04,129.60986328125
2017-05-05,130.08282470703125
2017-05-08,130.3665313720703
2017-05-09,130.82049560546875
2017-05-10,130.89613342285156
2017-05-11,130.79212951660156
2017-05-12,131.08534240722656
2017-05-15,131.50140380859375
2017-05-16,132.050048828125
2017-05-17,128.6925048828125
2017-05-18,129.81797790527344
2017-05-19,130.3665313720703
2017-05-22,131.46360778808594
2017-05-23,131.5960693359375
2017-05-24,132.20130920410156
2017-05-25,133.3268280029297
2017-05-26,133.5632781982422
2017-05-30,133.67674255371094
2017-05-31,133.6294708251953
2017-06-01,134.14964294433594
2017-06-02,135.68185424804688
2017-06-05,135.65341186523438
2017-06-06,135.1143341064453
2017-06-07,135.6439971923828
2017-06-08,135.78587341308594
2017-06-09,132.39048767089844
2017-06-12,131.68115234375
2017-06-13,132.74989318847656
2017-06-14,132.17298889160156
2017-06-15,131.58656311035156
2017-06-16,131.01560974121094
2017-06-19,133.20640563964844
2017-06-20,132.16319274902344
2017-06-21,133.47189331054688
2017-06-22,133.43399047851562
2017-06-23,133.94613647460938
2017-06-26,133.32015991210938
2017-06-27,130.90187072753906
2017-06-28,132.7890625
2017-06-29,130.48460388183594
2017-06-30,130.53201293945312
2017-07-03,129.15689086914062
2017-07-05,130.42774963378906
2017-07-06,129.25169372558594
2017-07-07,130.64581298828125
2017-07-10,131.49935913085938
2017-07-11,131.86920166015625
2017-07-12,133.43399047851562
2017-07-13,133.7279815673828
2017-07-14,134.78067016601562
2017-07-17,134.84706115722656
2017-07-18,135.74798583984375
2017-07-19,136.5446319580078
2017-07-20,136.7247772216797
2017-07-21,136.66786193847656
2017-07-24,137.29379272460938
2017-07-25,136.94290161132812
2017-07-26,137.38865661621094
2017-07-27,136.52565002441406
2017-07-28,136.4117889404297
2017-07-31,135.83334350585938
2017-08-01,136.14630126953125
2017-08-02,136.5161590576172
2017-08-03,135.9850616455078
2017-08-04,136.23159790039062
2017-08-07,137.0946502685547
2017-08-08,136.85757446289062
2017-08-09,136.67735290527344
2017-08-10,133.74696350097656
2017-08-11,134.76173400878906
2017-08-14,136.49720764160156
2017-08-15,136.59201049804688
2017-08-16,136.82913208007812
2017-08-17,134.0314483642578
2017-08-18,133.93661499023438
2017-08-21,133.76589965820312
2017-08-22,135.8048858642578
2017-08-23,135.3212127685547
2017-08-24,134.9228973388672
2017-08-25,134.6383819580078
2017-08-28,135.05572509765625
2017-08-29,135.5867462158203
2017-08-30,137.1800079345703
2017-08-31,138.64996337890625
2017-09-01,138.46026611328125
2017-09-05,137.21798706054688
2017-09-06,137.63522338867188
2017-09-07,137.95762634277344
2017-09-08,136.76272583007812
2017-09-11,138.3369598388672
2017-09-12,138.66893005371094
2017-09-13,138.85858154296875
2017-09-14,138.04298400878906
2017-09-15,138.51719665527344
2017-09-18,138.33567810058594
2017-09-19,138.57327270507812
2017-09-20,138.14559936523438
2017-09-21,137.29971313476562
2017-09-22,137.16664123535156
2017-09-25,135.7219696044922
2017-09-26,136.0736083984375
2017-09-27,137.29971313476562
2017-09-28,137.25216674804688
2017-09-29,138.2406463623047
2017-10-02,138.36416625976562
2017-10-03,138.65879821777344
2017-10-04,138.79188537597656
2017-10-05,140.15101623535156
2017-10-06,140.34107971191406
2017-10-09,140.17955017089844
2017-10-10,140.28402709960938
2017-10-11,140.7022247314453
2017-10-12,140.44561767578125
2017-10-13,140.98731994628906
2017-10-16,141.47207641601562
2017-10-17,141.6526641845703
2017-10-18,141.4815673828125
2017-10-19,140.95887756347656
2017-10-20,141.33901977539062
2017-10-23,140.41709899902344
2017-10-24,140.65472412109375
2017-10-25,140.12246704101562
2017-10-26,139.67576599121094
2017-10-27,143.74362182617188
2017-10-30,144.06674194335938
2017-10-31,144.60848999023438
2017-11-01,144.56100463867188
2017-11-02,144.2853546142578
2017-11-03,145.6729736328125
2017-11-06,146.1671905517578
2017-11-07,146.25277709960938
2017-11-08,146.84205627441406
2017-11-09,146.07220458984375
2017-11-10,146.06265258789062
2017-11-13,146.24325561523438
2017-11-14,145.71104431152344
2017-11-15,145.02670288085938
2017-11-16,146.88002014160156
2017-11-17,146.3192901611328
2017-11-20,146.20530700683594
2017-11-21,147.79244995117188
2017-11-22,147.97305297851562
2017-11-24,148.51478576660156
2017-11-27,148.44822692871094
2017-11-28,148.8284912109375
2017-11-29,146.2337646484375
2017-11-30,147.45980834960938
2017-12-01,146.8325653076172
2017-12-04,145.14077758789062
2017-12-05,145.23583984375
2017-12-06,145.89158630371094
2017-12-07,146.3858184814453
2017-12-08,147.03211975097656
2017-12-11,148.1726837158203
2017-12-12,147.97305297851562
2017-12-13,148.25823974609375
2017-12-14,148.15367126464844
2017-12-15,149.83590698242188
2017-12-18,151.09214782714844
2017-12-19,150.19686889648438
2017-12-20,150.03497314453125
2017-12-21,150.0540313720703
2017-12-22,149.88253784179688
2017-12-26,149.07302856445312
2017-12-27,149.092041015625
2017-12-28,149.27305603027344
2017-12-29,148.3491973876953
2018-01-02,150.9492950439453
2018-01-03,152.41603088378906
2018-01-04,152.6826934814453
2018-01-05,154.216064453125
2018-01-08,154.8160858154297
2018-01-09,154.8256378173828
2018-01-10,154.46372985839844
2018-01-11,155.52090454101562
2018-01-12,156.6637725830078
2018-01-16,156.2161865234375
2018-01-17,157.90196228027344
2018-01-18,157.93051147460938
2018-01-19,158.42578125
2018-01-22,160.12110900878906
2018-01-23,161.44493103027344
2018-01-24,160.3972930908203
2018-01-25,160.34014892578125
2018-01-26,162.79737854003906
2018-01-29,162.00689697265625
2018-01-30,160.67349243164062
2018-01-31,161.34022521972656
2018-02-01,159.96875
2018-02-02,156.77813720703125
2018-02-05,150.59690856933594
2018-02-06,154.58755493164062
2018-02-07,152.58746337890625
2018-02-08,146.14910888671875
2018-02-09,148.67303466796875
2018-02-12,151.3112335205078
2018-02-13,152.09222412109375
2018-02-14,154.93991088867188
2018-02-15,157.81625366210938
2018-02-16,157.11146545410156
2018-02-20,157.4257354736328
2018-02-21,156.9781036376953
2018-02-22,156.9590301513672
2018-02-23,160.1687469482422
2018-02-26,162.2926025390625
2018-02-27,160.2830047607422
2018-02-28,159.25440979003906
2018-03-01,156.65431213378906
2018-03-02,158.0924835205078
2018-03-05,159.84490966796875
2018-03-06,160.5211639404297
2018-03-07,160.892578125
2018-03-08,161.77828979492188
2018-03-09,164.9213409423828
2018-03-12,165.7975616455078
2018-03-13,163.54026794433594
2018-03-14,163.51174926757812
2018-03-15,163.36886596679688
2018-03-16,162.88311767578125
2018-03-19,159.4078369140625
2018-03-20,159.9324951171875
2018-03-21,159.23611450195312
2018-03-22,155.30580139160156
2018-03-23,151.21324157714844
2018-03-26,156.83213806152344
2018-03-27,151.7570343017578
2018-03-28,150.01123046875
2018-03-29,152.7586669921875
2018-04-02,148.35133361816406
2018-04-03,150.02081298828125
2018-04-04,152.3866424560547
2018-04-05,153.25473022460938
2018-04-06,149.41983032226562
2018-04-09,150.46913146972656
2018-04-10,153.78892517089844
2018-04-11,152.90174865722656
2018-04-12,154.74295043945312
2018-04-13,153.94158935546875
2018-04-16,155.11497497558594
2018-04-17,158.45388793945312
2018-04-18,158.77822875976562
2018-04-19,157.31863403320312
2018-04-20,154.8287811279297
2018-04-23,154.4376678466797
2018-04-24,151.16555786132812
2018-04-25,151.3468017578125
2018-04-26,154.53309631347656
2018-04-27,154.62843322753906
2018-04-30,153.5313720703125
2018-05-01,155.28672790527344
2018-05-02,154.3708953857422
2018-05-03,154.35177612304688
2018-05-04,157.28053283691406
2018-05-07,158.5874481201172
2018-05-08,158.42526245117188
2018-05-09,160.1519317626953
2018-05-10,161.8118133544922
2018-05-11,161.65921020507812
2018-05-14,161.9358367919922
2018-05-15,160.1423797607422
2018-05-16,161.2012939453125
2018-05-17,160.5812225341797
2018-05-18,159.7512969970703
2018-05-21,160.6479949951172
2018-05-22,160.43809509277344
2018-05-23,161.7927703857422
2018-05-24,161.74505615234375
2018-05-25,161.90721130371094
2018-05-29,161.1917724609375
2018-05-30,162.3460693359375
2018-05-31,162.24111938476562
2018-06-01,164.7882080078125
2018-06-04,166.2764129638672
2018-06-05,166.79153442382812
2018-06-06,167.76455688476562
2018-06-07,166.40040588378906
2018-06-08,166.40992736816406
2018-06-11,166.8583221435547
2018-06-12,167.73599243164062
2018-06-13,167.72642517089844
2018-06-14,169.42445373535156
2018-06-15,168.83303833007812
2018-06-18,168.7355194091797
2018-06-19,168.25746154785156
2018-06-20,169.45254516601562
2018-06-21,167.98025512695312
2018-06-22,167.60745239257812
2018-06-25,163.83114624023438
2018-06-26,164.5003662109375
2018-06-27,162.26332092285156
2018-06-28,163.65907287597656
2018-06-29,164.0988311767578
2018-07-02,165.19827270507812
2018-07-03,163.28622436523438
2018-07-05,165.31298828125
2018-07-06,167.88467407226562
2018-07-09,169.39512634277344
2018-07-10,169.51943969726562
2018-07-11,168.65902709960938
2018-07-12,171.56524658203125
2018-07-13,171.70867919921875
2018-07-16,171.29763793945312
2018-07-17,172.3396453857422
2018-07-18,172.01461791992188
2018-07-19,171.1541748046875
2018-07-20,171.11595153808594
2018-07-23,171.66087341308594
2018-07-24,172.3682861328125
2018-07-25,174.77752685546875
2018-07-26,172.1293487548828
2018-07-27,169.80621337890625
2018-07-30,167.40664672851562
2018-07-31,168.68765258789062
2018-08-01,169.32818603515625
2018-08-02,171.63218688964844
2018-08-03,172.1580047607422
2018-08-06,173.17137145996094
2018-08-07,173.80235290527344
2018-08-08,174.0126495361328
2018-08-09,173.90753173828125
2018-08-10,172.5786590576172
2018-08-13,172.387451171875
2018-08-14,173.46774291992188
2018-08-15,171.3454132080078
2018-08-16,171.90945434570312
2018-08-17,171.94769287109375
2018-08-20,171.7947235107422
2018-08-21,172.4257049560547
2018-08-22,173.09490966796875
2018-08-23,172.8463134765625
2018-08-24,174.45240783691406
2018-08-27,176.2305908203125
2018-08-28,176.48870849609375
2018-08-29,178.5250244140625
2018-08-30,178.20957946777344
2018-08-31,178.43898010253906
2018-09-04,177.67420959472656
2018-09-05,175.37973022460938
2018-09-06,173.81192016601562
2018-09-07,173.14268493652344
2018-09-10,173.725830078125
2018-09-11,175.0642852783203
2018-09-12,174.54803466796875
2018-09-13,176.41224670410156
2018-09-14,175.89602661132812
2018-09-17,173.36256408691406
2018-09-18,174.79661560058594
2018-09-19,174.66273498535156
2018-09-20,176.59388732910156
2018-09-21,175.6283416748047
2018-09-24,176.11676025390625
2018-09-25,176.35621643066406
2018-09-26,176.48068237304688
2018-09-27,177.97476196289062
2018-09-28,177.93641662597656
2018-10-01,178.3004150390625
2018-10-02,177.89816284179688
2018-10-03,178.08969116210938
2018-10-04,174.67062377929688
2018-10-05,172.5348358154297
2018-10-08,171.48130798339844
2018-10-09,172.03684997558594
2018-10-10,164.4707794189453
2018-10-11,162.43089294433594
2018-10-12,166.95132446289062
2018-10-15,164.9304962158203
2018-10-16,169.7287139892578
2018-10-17,169.7957305908203
2018-10-18,165.8594970703125
2018-10-19,165.70626831054688
2018-10-22,166.55860900878906
2018-10-23,165.94569396972656
2018-10-24,158.35086059570312
2018-10-25,163.82907104492188
2018-10-26,159.6151123046875
2018-10-29,156.3300323486328
2018-10-30,158.90638732910156
2018-10-31,162.64149475097656
2018-11-01,164.78680419921875
2018-11-02,162.2201385498047
2018-11-05,161.81787109375
2018-11-06,163.04373168945312
2018-11-07,168.15805053710938
2018-11-08,167.08538818359375
2018-11-09,164.2696533203125
2018-11-12,159.29908752441406
2018-11-13,159.43316650390625
2018-11-14,158.2167510986328
2018-11-15,160.98463439941406
2018-11-16,160.41958618164062
2018-11-19,155.2095489501953
2018-11-20,152.43212890625
2018-11-21,153.59100341796875
2018-11-23,152.4800262451172
2018-11-26,156.00445556640625
2018-11-27,156.53118896484375
2018-11-28,161.56884765625
2018-11-29,161.04208374023438
2018-11-30,162.21054077148438
2018-12-03,165.04542541503906
2018-12-04,158.71481323242188
2018-12-06,159.83535766601562
2018-12-07,154.55828857421875
2018-12-10,156.17684936523438
2018-12-11,156.69400024414062
2018-12-12,158.0731201171875
2018-12-13,158.12106323242188
2018-12-14,154.27098083496094
2018-12-17,150.7753143310547
2018-12-18,151.72344970703125
2018-12-19,147.99783325195312
2018-12-20,145.85250854492188
2018-12-21,141.33203125
2018-12-24,137.82728576660156
2018-12-26,146.43307495117188
2018-12-27,146.999755859375
2018-12-28,146.92291259765625
2018-12-31,148.16197204589844
2019-01-02,148.75746154785156
2019-01-03,143.89747619628906
2019-01-04,150.05409240722656
2019-01-07,151.84054565429688
2019-01-08,153.21397399902344
2019-01-09,154.46261596679688
2019-01-10,154.9044189453125
2019-01-11,154.33775329589844
2019-01-14,152.97386169433594
2019-01-15,155.96092224121094
2019-01-16,155.93214416503906
2019-01-17,157.16156005859375
2019-01-18,158.7174835205078
2019-01-22,155.5383758544922
2019-01-23,155.74005126953125
2019-01-24,156.74851989746094
2019-01-25,158.62144470214844
2019-01-28,156.66212463378906
2019-01-29,155.18295288085938
2019-01-30,159.1304931640625
2019-01-31,161.51246643066406
2019-02-01,160.83053588867188
2019-02-04,162.8282928466797
2019-02-05,164.26898193359375
2019-02-06,163.77914428710938
2019-02-07,161.5796661376953
2019-02-08,161.89659118652344
2019-02-11,161.7429962158203
2019-02-12,164.13453674316406
2019-02-13,164.24978637695312
2019-02-14,164.4515380859375
2019-02-15,165.14305114746094
2019-02-19,165.46958923339844
2019-02-20,165.4407958984375
2019-02-21,164.835693359375
2019-02-22,166.05551147460938
2019-02-25,166.6605682373047
2019-02-26,166.8334503173828
2019-02-27,166.72781372070312
2019-02-28,166.34364318847656
2019-03-01,167.49620056152344
2019-03-04,167.52496337890625
2019-03-05,167.64984130859375
2019-03-06,166.69900512695312
2019-03-07,164.6531982421875
2019-03-08,164.4034881591797
2019-03-11,167.82272338867188
2019-03-12,168.7447509765625
2019-03-13,170.01258850097656
2019-03-14,169.72445678710938
2019-03-15,171.2996368408203
2019-03-18,171.70762634277344
2019-03-19,172.28492736816406
2019-03-20,172.9680938720703
2019-03-21,175.6719970703125
2019-03-22,171.8134002685547
2019-03-25,171.48629760742188
2019-03-26,172.28492736816406
2019-03-27,171.1783905029297
2019-03-28,171.57289123535156
2019-03-29,172.87193298339844
2019-04-01,175.16195678710938
2019-04-02,175.8258819580078
2019-04-03,176.8362579345703
2019-04-04,176.7688751220703
2019-04-05,177.68296813964844
2019-04-08,178.13522338867188
2019-04-09,177.50979614257812
2019-04-10,178.46240234375
2019-04-11,178.03895568847656
2019-04-12,178.8087615966797
2019-04-15,178.8376007080078
2019-04-16,179.45347595214844
2019-04-17,180.0789031982422
2019-04-18,180.30987548828125
2019-04-22,180.8198089599609
2019-04-23,183.11949157714844
2019-04-24,182.54220581054688
2019-04-25,183.2830505371093
2019-04-26,183.4466247558593
2019-04-29,183.8027191162109
2019-04-30,182.3785858154297
2019-05-01,181.79165649414065
2019-05-02,181.00265502929688
2019-05-03,183.88926696777344
2019-05-06,182.7635040283203
2019-05-07,179.2032928466797
2019-05-08,178.75106811523438
2019-05-09,177.78880310058594
2019-05-10,178.0101318359375
2019-05-13,171.83270263671875
2019-05-14,173.71865844726562
2019-05-15,176.17227172851562
2019-05-16,177.9427947998047
2019-05-17,176.1241455078125
2019-05-20,173.15093994140625
2019-05-21,174.95986938476562
2019-05-22,174.18051147460938
2019-05-23,171.5151824951172
2019-05-24,171.42860412597656
2019-05-28,170.7838897705078
2019-05-29,169.37905883789062
2019-05-30,170.09107971191406
2019-05-31,167.3776092529297
2019-06-03,163.69236755371094
2019-06-04,168.30140686035156
2019-06-05,169.55224609375
2019-06-06,170.89935302734375
2019-06-07,174.19973754882812
2019-06-10,176.2300567626953
2019-06-11,176.47061157226562
2019-06-12,175.45062255859375
2019-06-13,176.4898223876953
2019-06-14,175.7393341064453
2019-06-17,176.7977752685547
2019-06-18,179.3668670654297
2019-06-19,180.04042053222656
2019-06-20,181.71466064453125
2019-06-21,181.4452514648437
2019-06-24,181.45103454589844
2019-06-25,178.33616638183594
2019-06-26,179.16551208496094
2019-06-27,179.85023498535156
2019-06-28,180.0816650390625
2019-07-01,182.5118103027344
2019-07-02,183.2350616455078
2019-07-03,184.61407470703125
2019-07-05,184.23797607421875
2019-07-08,182.94581604003903
2019-07-09,183.8619079589844
2019-07-10,185.6941375732422
2019-07-11,185.55911254882807
2019-07-12,186.62954711914065
2019-07-15,187.2274780273437
2019-07-16,186.2631072998047
2019-07-17,185.34695434570312
2019-07-18,185.55911254882807
2019-07-19,184.19940185546875
2019-07-22,185.66519165039065
2019-07-23,186.8803253173828
2019-07-24,188.19175720214844
2019-07-25,186.4077911376953
2019-07-26,188.32681274414065
2019-07-29,187.6807098388672
2019-07-30,186.8706817626953
2019-07-31,184.2862243652344
2019-08-01,183.3701019287109
2019-08-02,180.66995239257807
2019-08-05,174.28594970703125
2019-08-06,176.72569274902344
2019-08-07,177.6804656982422
2019-08-08,181.5474853515625
2019-08-09,179.84060668945312
2019-08-12,177.7769012451172
2019-08-13,181.6728057861328
2019-08-14,176.24359130859375
2019-08-15,176.04107666015625
2019-08-16,178.8665771484375
2019-08-19,181.71139526367188
2019-08-20,180.303466796875
2019-08-21,181.9042510986328
2019-08-22,181.3159942626953
2019-08-23,175.5782012939453
2019-08-26,178.2301483154297
2019-08-27,177.8540496826172
2019-08-28,178.49049377441406
2019-08-29,181.21958923339844
2019-08-30,180.7856292724609
2019-09-03,179.03053283691406
2019-09-04,181.6149444580078
2019-09-05,184.9419708251953
2019-09-06,184.7587432861328
2019-09-09,184.3729858398437
2019-09-10,183.84259033203125
2019-09-11,185.56881713867188
2019-09-12,186.3402557373047
2019-09-13,185.67483520507807
2019-09-16,184.8455047607422
2019-09-17,185.7327423095703
2019-09-18,185.65557861328125
2019-09-19,185.9641876220703
2019-09-20,183.99693298339844
2019-09-23,184.0780487060547
2019-09-24,181.6333923339844
2019-09-25,183.6722106933593
2019-09-26,182.99581909179688
2019-09-27,180.7250366210937
2019-09-30,182.44500732421875
2019-10-01,180.9569854736328
2019-10-02,177.8455047607422
2019-10-03,179.7974090576172
2019-10-04,182.44500732421875
2019-10-07,181.894287109375
2019-10-08,179.1693115234375
2019-10-09,180.9183349609375
2019-10-10,182.3194122314453
2019-10-11,184.66749572753903
2019-10-14,184.6481475830078
2019-10-15,186.99624633789065
2019-10-16,186.53244018554688
2019-10-17,187.0252990722656
2019-10-18,185.2279510498047
2019-10-21,186.87063598632807
2019-10-22,185.38259887695312
2019-10-23,185.7400817871093
2019-10-24,187.54702758789065
2019-10-25,189.04481506347656
2019-10-28,190.9097137451172
2019-10-29,189.43130493164065
2019-10-30,190.3492889404297
2019-10-31,190.4362945556641
2019-11-01,192.1658935546875
2019-11-04,193.3544769287109
2019-11-05,193.4607696533203
2019-11-06,193.02593994140625
2019-11-07,193.6733245849609
2019-11-08,194.4463653564453
2019-11-11,194.1854553222656
2019-11-12,194.74588012695312
2019-11-13,194.79421997070312
2019-11-14,194.6396026611328
2019-11-15,196.06971740722656
2019-11-18,196.22433471679688
2019-11-19,196.51422119140625
2019-11-20,195.33534240722656
2019-11-21,194.9005126953125
2019-11-22,195.026107788086
2019-11-25,197.3355407714844
2019-11-26,197.71240234375
2019-11-27,199.0941772460937
2019-11-29,198.1859130859375
2019-12-02,196.1566619873047
2019-12-03,194.6202850341797
2019-12-04,195.60592651367188
2019-12-05,195.9923858642578
2019-12-06,198.0892791748047
2019-12-09,197.1906280517578
2019-12-10,197.02633666992188
2019-12-11,198.06993103027344
2019-12-12,199.54833984375
2019-12-13,200.2054443359375
2019-12-16,202.21530151367188
2019-12-17,202.3312530517578
2019-12-18,202.48587036132807
2019-12-19,203.7517242431641
2019-12-20,204.5730743408203
2019-12-23,205.11343383789065
2019-12-24,205.2199249267578
2019-12-26,207.03077697753903
2019-12-27,206.8565216064453
2019-12-30,205.50079345703125
2019-12-31,205.8881225585937
2020-01-02,209.3258819580078
2020-01-03,207.4084930419922
2020-01-06,208.7448272705078
2020-01-07,208.7158203125
2020-01-08,210.2845764160156
2020-01-09,212.06642150878903
2020-01-10,211.52410888671875
2020-01-13,213.9644470214844
2020-01-14,213.1219482421875
2020-01-15,213.2091217041016
2020-01-16,215.2524261474609
2020-01-17,216.3176422119141
2020-01-21,216.2207946777344
2020-01-22,216.7921142578125
2020-01-23,217.48936462402344
2020-01-24,215.6591033935547
2020-01-27,211.20455932617188
2020-01-28,214.44862365722656
2020-01-29,214.79725646972656
2020-01-30,215.56231689453125
2020-01-31,212.14390563964844
2020-02-03,215.3492126464844
2020-02-04,220.2783203125
2020-02-05,221.00460815429688
2020-02-06,222.9123077392578
2020-02-07,221.95361328125
2020-02-10,224.63604736328125
2020-02-11,224.6747283935547
2020-02-12,226.8633270263672
2020-02-13,226.57281494140625
2020-02-14,227.2216339111328
2020-02-18,227.30877685546875
2020-02-19,229.48768615722656
2020-02-20,227.35720825195312
2020-02-21,222.98977661132807
2020-02-24,214.39051818847656
2020-02-25,208.56085205078125
2020-02-26,209.63580322265625
2020-02-27,199.1385498046875
2020-02-28,199.29342651367188
2020-03-02,209.57766723632807
2020-03-03,202.8570709228516
2020-03-04,211.3207855224609
2020-03-05,204.900390625
2020-03-06,201.4432678222656
2020-03-09,187.45005798339844
2020-03-10,197.6568603515625
2020-03-11,189.04795837402344
2020-03-12,171.71385192871094
2020-03-13,186.2589874267578
2020-03-16,163.94741821289062
2020-03-17,176.38145446777344
2020-03-18,171.0166473388672
2020-03-19,172.0430908203125
2020-03-20,165.30316162109375
2020-03-23,165.42251586914062
2020-03-24,178.23243713378906
2020-03-25,176.9126434326172
2020-03-26,186.2289123535156
2020-03-27,179.82398986816406
2020-03-30,186.36474609375
2020-03-31,184.77322387695312
2020-04-01,176.9223175048828
2020-04-02,180.5129852294922
2020-04-03,177.9509735107422
2020-04-06,190.6735382080078
2020-04-07,190.595932006836
2020-04-08,194.64273071289065
2020-04-09,194.9241180419922
2020-04-13,197.0299835205078
2020-04-14,205.5990447998047
2020-04-15,203.2408447265625
2020-04-16,206.9479522705078
2020-04-17,208.9276733398437
2020-04-20,206.4530334472656
2020-04-21,198.8350372314453
2020-04-22,204.7353515625
2020-04-23,204.29864501953125
2020-04-24,207.52052307128903
2020-04-27,209.189697265625
2020-04-28,205.2497100830078
2020-04-29,212.52804565429688
2020-04-30,212.4407196044922
2020-05-01,206.4530334472656
2020-05-04,208.85975646972656
2020-05-05,211.22764587402344
2020-05-06,212.52804565429688
2020-05-07,215.26467895507807
2020-05-08,218.21484375
2020-05-11,220.1654663085937
2020-05-12,215.5558319091797
2020-05-13,212.85801696777344
2020-05-14,215.2743988037109
2020-05-15,216.67190551757807
2020-05-18,220.7089385986328
2020-05-19,220.15577697753903
2020-05-20,224.5518798828125
2020-05-21,222.1063690185547
2020-05-22,222.87301635742188
2020-05-26,222.2713317871093
2020-05-27,223.48440551757807
2020-05-28,223.1932830810547
2020-05-29,226.46368408203125
2020-06-01,227.1429901123047
2020-06-02,228.6665802001953
2020-06-03,229.69528198242188
2020-06-04,228.0843200683593
2020-06-05,232.6065673828125
2020-06-08,234.41165161132807
2020-06-09,236.10997009277344
2020-06-10,238.9436187744141
2020-06-11,227.10421752929688
2020-06-12,228.9092254638672
2020-06-15,231.6943817138672
2020-06-16,235.6732482910156
2020-06-17,236.4204864501953
2020-06-18,237.0609893798828
2020-06-19,237.0221405029297
2020-06-22,239.8646697998047
2020-06-23,241.9061279296875
2020-06-24,236.9191131591797
2020-06-25,239.1744384765625
2020-06-26,233.5263671875
2020-06-29,236.07334899902344
2020-06-30,240.70071411132807
2020-07-01,243.5101623535156
2020-07-02,245.16278076171875
2020-07-06,251.1900787353516
2020-07-07,249.4596099853516
2020-07-08,252.74546813964844
2020-07-09,254.87440490722656
2020-07-10,256.6145935058594
2020-07-13,251.3358764648437
2020-07-14,253.1148834228516
2020-07-15,253.630126953125
2020-07-16,251.8997344970703
2020-07-17,252.1913452148437
2020-07-20,259.3463439941406
2020-07-21,256.6437683105469
2020-07-22,257.5477600097656
2020-07-23,250.82061767578125
2020-07-24,248.4389038085937
2020-07-27,252.871810913086
2020-07-28,249.6540679931641
2020-07-29,252.5316162109375
2020-07-30,253.8536834716797
2020-07-31,258.3838806152344
2020-08-03,261.8738098144531
2020-08-04,262.8459167480469
2020-08-05,263.49725341796875
2020-08-06,266.9872436523437
2020-08-07,263.9056091308594
2020-08-10,262.77789306640625
2020-08-11,257.800537109375
2020-08-12,264.28472900390625
2020-08-13,264.887451171875
2020-08-14,264.5763244628906
2020-08-17,267.6483154296875
2020-08-18,270.2244567871094
2020-08-19,268.40655517578125
2020-08-20,272.1297912597656
2020-08-21,274.01568603515625
2020-08-24,275.7266845703125
2020-08-25,277.8945617675781
2020-08-26,283.8245849609375
2020-08-27,282.9399719238281
2020-08-28,284.3787841796875
2020-08-31,286.6632080078125
2020-09-01,291.5627746582031
2020-09-02,294.32379150390625
2020-09-03,279.4013671875
2020-09-04,275.6781311035156
2020-09-08,262.42791748046875
2020-09-09,270.1369934082031
2020-09-10,264.7513732910156
2020-09-11,262.9140319824219
2020-09-14,267.49273681640625
2020-09-15,271.2840270996094
2020-09-16,266.95806884765625
2020-09-17,262.78765869140625
2020-09-18,259.4338073730469
2020-09-21,260.055908203125
2020-09-22,264.887451171875
2020-09-23,256.7992858886719
2020-09-24,257.9950561523437
2020-09-25,263.9930419921875
2020-09-28,269.4759521484375
2020-09-29,268.2607727050781
2020-09-30,270.0981140136719
2020-10-01,274.3851928710937
2020-10-02,266.6664428710937
2020-10-05,272.3533935546875
2020-10-06,267.49273681640625
2020-10-07,272.1201171875
2020-10-08,273.5685729980469
2020-10-09,277.748779296875
2020-10-12,286.322998046875
2020-10-13,286.3133239746094
2020-10-14,283.9218444824219
2020-10-15,282.0164489746094
2020-10-16,280.4707336425781
2020-10-19,275.8920288085937
2020-10-20,276.4850158691406
2020-10-21,276.2711181640625
2020-10-22,276.26141357421875
2020-10-23,276.80584716796875
2020-10-26,272.65478515625
2020-10-27,274.78375244140625
2020-10-28,264.07086181640625
2020-10-29,268.6884765625
2020-10-30,261.8738098144531
2020-11-02,262.4570617675781
2020-11-03,266.9969482421875
2020-11-04,278.9153137207031
2020-11-05,286.1869506835937
2020-11-06,286.4007263183594
2020-11-09,280.5484924316406
2020-11-10,275.52264404296875
2020-11-11,281.6859436035156
2020-11-12,280.36383056640625
2020-11-13,282.82330322265625
2020-11-16,285.0301208496094
2020-11-17,284.1260070800781
2020-11-18,282.02618408203125
2020-11-19,284.23291015625
2020-11-20,282.2887268066406
2020-11-23,282.2983703613281
2020-11-24,286.2646789550781
2020-11-25,288.02423095703125
2020-11-27,290.6782531738281
2020-11-30,291.27117919921875
2020-12-01,295.0041809082031
2020-12-02,295.38330078125
2020-12-03,295.8013000488281
2020-12-04,297.0067749023437
2020-12-07,298.6885986328125
2020-12-08,299.6995849609375
2020-12-09,292.9140930175781
2020-12-10,294.09039306640625
2020-12-11,293.43902587890625
2020-12-14,295.56805419921875
2020-12-15,298.7274169921875
2020-12-16,300.370361328125
2020-12-17,302.3341064453125
2020-12-18,301.4202575683594
2020-12-21,300.8564147949219
2020-12-22,301.67449951171875
2020-12-23,300.1552429199219
2020-12-24,301.4797058105469
2020-12-28,304.5182189941406
2020-12-29,304.7908935546875
2020-12-30,304.8007202148437
2020-12-31,305.55059814453125
2021-01-04,301.2362670898437
2021-01-05,303.7196655273437
2021-01-06,299.51239013671875
2021-01-07,306.7582397460937
2021-01-08,310.7024841308594
2021-01-11,306.2127990722656
2021-01-12,305.7259216308594
2021-01-13,307.7904968261719
2021-01-14,306.1446228027344
2021-01-15,303.7196655273437
2021-01-19,308.1509094238281
2021-01-20,315.3186950683594
2021-01-21,317.8411560058594
2021-01-22,316.9256896972656
2021-01-25,319.54541015625
2021-01-26,320.012939453125
2021-01-27,311.092041015625
2021-01-28,312.9327392578125
2021-01-29,306.3492126464844
2021-02-01,314.00396728515625
2021-02-02,319.1266784667969
2021-02-03,317.8605651855469
2021-02-04,321.6198425292969
2021-02-05,322.71063232421875
2021-02-08,324.8726501464844
2021-02-09,324.80450439453125
2021-02-10,324.0644226074219
2021-02-11,325.8465576171875
2021-02-12,327.66778564453125
2021-02-16,326.781494140625
2021-02-17,325.2135314941406
2021-02-18,323.7917175292969
2021-02-19,322.3795471191406
2021-02-22,314.0234680175781
2021-02-23,313.0885314941406
2021-02-24,315.6693725585937
2021-02-25,304.66424560546875
2021-02-26,305.9400939941406
2021-03-01,315.1434631347656
2021-03-02,310.0888977050781
2021-03-03,301.090087890625
2021-03-04,296.16217041015625
2021-03-05,300.6226501464844
2021-03-08,292.1108093261719
2021-03-09,303.6319274902344
2021-03-10,302.7651672363281
2021-03-11,309.7383117675781
2021-03-12,307.22564697265625
2021-03-15,310.50762939453125
2021-03-16,312.21209716796875
2021-03-17,313.4975280761719
2021-03-18,303.8949890136719
2021-03-19,304.9663391113281
2021-03-22,310.68536376953125
2021-03-23,309.32989501953125
2021-03-24,304.1130065917969
2021-03-25,303.5863952636719
2021-03-26,308.1402893066406
2021-03-29,308.052490234375
2021-03-30,306.5021057128906
2021-03-31,311.1924743652344
2021-04-01,316.4970703125
2021-04-05,322.81591796875
2021-04-06,322.5917053222656
2021-04-07,323.3717346191406
2021-04-08,326.74566650390625
2021-04-09,328.7252197265625
2021-04-12,328.296142578125
2021-04-13,332.1284484863281
2021-04-14,328.14019775390625
2021-04-15,333.11328125
2021-04-16,333.5033874511719
2021-04-19,330.4511413574219
2021-04-20,328.0425720214844
2021-04-21,330.8509216308594
2021-04-22,326.8627319335937
2021-04-23,330.9777526855469
2021-04-26,333.1328125
2021-04-27,331.6895751953125
2021-04-28,330.568115234375
2021-04-29,331.7578430175781
2021-04-30,329.5833435058594
2021-05-03,327.8281555175781
2021-05-04,321.9285888671875
2021-05-05,320.8461303710937
2021-05-06,323.2644958496094
2021-05-07,325.8876037597656
2021-05-10,317.6575012207031
2021-05-11,317.2186889648437
2021-05-12,309.0081481933594
2021-05-13,311.3972473144531
2021-05-14,318.2718811035156
2021-05-17,316.3410949707031
2021-05-18,314.20556640625
2021-05-19,314.5663452148437
2021-05-20,320.6510925292969
2021-05-21,318.87646484375
2021-05-24,324.23956298828125
2021-05-25,324.6882019042969
2021-05-26,325.8193359375
2021-05-27,324.6004333496094
2021-05-28,325.62420654296875
2021-06-01,324.5419311523437
2021-06-02,325.1757202148437
2021-06-03,321.79205322265625
2021-06-04,327.2527770996094
2021-06-07,328.2279357910156
2021-06-08,328.38397216796875
2021-06-09,328.4619445800781
2021-06-10,331.8846435546875
2021-06-11,332.75244140625
2021-06-14,335.941162109375
2021-06-15,333.7471008300781
2021-06-16,332.52813720703125
2021-06-17,336.7505187988281
2021-06-18,334.10791015625
2021-06-21,336.1844177246094
2021-06-22,339.31817626953125
2021-06-23,339.4841613769531
2021-06-24,341.5831604003906
2021-06-25,341.163330078125
2021-06-28,345.3124084472656
2021-06-29,346.56201171875
2021-06-30,346.0152893066406
2021-07-01,346.1520080566406
2021-07-02,350.1253662109375
2021-07-06,351.6385498046875
2021-07-07,352.3805847167969
2021-07-08,350.2522888183594
2021-07-09,352.4390869140625
2021-07-12,353.815673828125
2021-07-13,353.815673828125
2021-07-14,354.4501953125
2021-07-15,351.9607238769531
2021-07-16,349.1100769042969
2021-07-19,346.2496337890625
2021-07-20,350.2718200683594
2021-07-21,352.9761047363281
2021-07-22,355.309326171875
2021-07-23,359.4584655761719
2021-07-26,359.7415771484375
2021-07-27,355.7779541015625
2021-07-28,357.14459228515625
2021-07-29,357.779296875
2021-07-30,355.91455078125
2021-08-02,355.94390869140625
2021-08-03,358.1014709472656
2021-08-04,358.6188659667969
2021-08-05,360.8935241699219
2021-08-06,359.3119506835937
2021-08-09,359.975830078125
2021-08-10,358.13067626953125
2021-08-11,357.51568603515625
2021-08-12,358.8042907714844
2021-08-13,360.0636291503906
2021-08-16,360.2198486328125
2021-08-17,357.0470275878906
2021-08-18,353.6106872558594
2021-08-19,355.319091796875
2021-08-20,358.9996032714844
2021-08-23,364.3690490722656
2021-08-24,365.4818420410156
2021-08-25,365.9017639160156
2021-08-26,363.5783081054688
2021-08-27,367.1123046875
2021-08-30,371.232177734375
2021-08-31,370.929443359375
2021-09-01,371.5444641113281
2021-09-02,371.3687744140625
2021-09-03,372.5110473632813
2021-09-07,373.0381774902344
2021-09-08,371.73974609375
2021-09-09,370.46087646484375
2021-09-10,367.6492004394531
2021-09-13,367.3953857421875
2021-09-14,366.3507995605469
2021-09-15,369.0745239257813
2021-09-16,369.3283386230469
2021-09-17,364.9547424316406
2021-09-20,357.41357421875
2021-09-21,357.8533935546875
2021-09-22,361.1958923339844
2021-09-23,364.5286560058594
2021-09-24,364.8706665039063
2021-09-27,361.9582214355469
2021-09-28,351.7156982421875
2021-09-29,351.1390380859375
2021-09-30,349.8489074707031
2021-10-01,352.01861572265625
2021-10-04,344.6299743652344
2021-10-05,349.2821044921875
2021-10-06,351.520263671875
2021-10-07,354.7454528808594
2021-10-08,352.9764404296875
2021-10-11,350.26922607421875
2021-10-12,349.047607421875
2021-10-13,351.8427124023437
2021-10-14,358.3225402832031
2021-10-15,360.5801696777344
2021-10-18,364.2061462402344
2021-10-19,366.9621887207031
2021-10-20,366.48333740234375
2021-10-21,368.7213439941406
2021-10-22,365.623291015625
2021-10-25,369.3664245605469
2021-10-26,370.5294799804688
2021-10-27,371.3895568847656
2021-10-28,375.5139465332031
2021-10-29,377.3610534667969
2021-11-01,378.6511535644531
2021-11-02,380.23443603515625
2021-11-03,384.2708435058594
2021-11-04,389.1966857910156
2021-11-05,389.5681457519531
2021-11-08,389.0402221679688
2021-11-09,386.3623962402344
2021-11-10,380.68402099609375
2021-11-11,381.7396240234375
2021-11-12,385.7565002441406
2021-11-15,385.6684875488281
2021-11-16,388.4148559570313
2021-11-17,388.6200866699219
2021-11-18,392.646728515625
2021-11-19,394.83599853515625
2021-11-22,390.2522277832031
2021-11-23,388.4734802246094
2021-11-24,389.7244567871094
2021-11-26,382.3357238769531
2021-11-29,390.6334228515625
2021-11-30,384.89642333984375
2021-12-01,378.3482360839844
2021-12-02,381.0750732421875
2021-12-03,374.4485778808594
2021-12-06,377.4490356445313
2021-12-07,388.8155212402344
2021-12-08,390.5551452636719
2021-12-09,384.8084411621094
2021-12-10,388.991455078125
2021-12-13,383.3717346191406
2021-12-14,379.4037170410156
2021-12-15,388.05322265625
2021-12-16,378.0746154785156
2021-12-17,376.1882019042969
2021-12-20,372.5391540527344
2021-12-21,380.8766784667969
2021-12-22,385.5152282714844
2021-12-23,388.4216918945313
2021-12-27,394.8411560058594
2021-12-28,393.0112609863281
2021-12-29,392.9525146484375
2021-12-30,391.7782287597656
2021-12-31,389.3317565917969
2022-01-03,393.0796508789063
2022-01-04,387.9812622070313
2022-01-05,376.06201171875
2022-01-06,375.7978210449219
2022-01-07,371.7268676757813
2022-01-10,371.9715576171875
2022-01-11,377.5592651367188
2022-01-12,379.0565490722656
2022-01-13,369.573974609375
2022-01-14,371.8736572265625
2022-01-18,362.61627197265625
2022-01-19,358.6333923339844
2022-01-20,353.97528076171875
2022-01-21,344.1600341796875
2022-01-24,345.73553466796875
2022-01-25,337.7209167480469
2022-01-26,337.1925354003906
2022-01-27,333.7967834472656
2022-01-28,344.2677001953125
2022-01-31,355.2768249511719
2022-02-01,357.6938781738281
2022-02-02,360.6003112792969
2022-02-03,345.9801025390625
2022-02-04,350.3447570800781
2022-02-07,347.5263977050781
2022-02-08,351.43096923828125
2022-02-09,358.87799072265625
2022-02-10,350.7556457519531
2022-02-11,339.629150390625
2022-02-14,340.04998779296875
2022-02-15,348.5050048828125
2022-02-16,348.4168701171875
2022-02-17,338.0536193847656
2022-02-18,334.1979675292969
2022-02-22,330.8414306640625
2022-02-23,322.3669128417969
2022-02-24,333.1997985839844
2022-02-25,338.3667907714844
2022-02-28,339.3747253417969
2022-03-01,334.17840576171875
2022-03-02,339.7857971191406
2022-03-03,334.9319763183594
2022-03-04,330.0781555175781
2022-03-07,317.90447998046875
2022-03-08,316.42681884765625
2022-03-09,327.8175964355469
2022-03-10,324.17724609375
2022-03-11,317.4543762207031
2022-03-14,311.35772705078125
2022-03-15,321.1240234375
2022-03-16,333.03350830078125
2022-03-17,337.0652770996094
2022-03-18,343.9642944335937
2022-03-21,343.0080871582031
2022-03-22,349.7491455078125
2022-03-23,344.7226867675781
2022-03-24,352.3847045898437
2022-03-25,352.0907592773437
2022-03-28,357.5384521484375
2022-03-29,363.6916198730469
2022-03-30,359.6744079589844
2022-03-31,355.21636962890625
2022-04-01,354.5403137207031
2022-04-04,361.83978271484375
2022-04-05,353.80548095703125
2022-04-06,346.12384033203125
2022-04-07,346.9468994140625
2022-04-08,342.0967712402344
2022-04-11,334.0037536621094
2022-04-12,332.5928039550781
2022-04-13,339.3534240722656
2022-04-14,331.5934143066406
2022-04-18,331.8481140136719
2022-04-19,339.2652587890625
2022-04-20,334.31719970703125
2022-04-21,327.3998718261719
2022-04-22,318.8266296386719
2022-04-25,322.92218017578125
2022-04-26,310.73345947265625
2022-04-27,310.3611145019531
2022-04-28,321.3839111328125
2022-04-29,306.9220275878906
2022-05-02,312.0463562011719
2022-05-03,312.3795166015625
2022-05-04,322.9417419433594
2022-05-05,306.6770935058594
2022-05-06,303.0028381347656
2022-05-09,291.1473083496094
2022-05-10,294.6843566894531
2022-05-11,285.944580078125
2022-05-12,285.2684936523437
2022-05-13,295.84051513671875
2022-05-16,292.4112548828125
2022-05-17,299.985107421875
2022-05-18,285.2586669921875
2022-05-19,283.7301940917969
2022-05-20,282.84832763671875
2022-05-23,287.55145263671875
2022-05-24,281.4374389648437
2022-05-25,285.37628173828125
2022-05-26,293.2832336425781
2022-05-27,302.8558959960937
2022-05-31,302.0523681640625
2022-06-01,299.81854248046875
2022-06-02,308.0292053222656
2022-06-03,300.01446533203125
2022-06-06,301.013916015625
2022-06-07,303.6102905273437
2022-06-08,301.4253845214844
2022-06-09,293.35186767578125
2022-06-10,283.00518798828125
2022-06-13,269.84649658203125
2022-06-14,270.3363342285156
2022-06-15,277.087158203125
2022-06-16,265.90771484375
2022-06-17,269.1409606933594
2022-06-21,275.9312438964844
2022-06-22,275.5288391113281
2022-06-23,279.6322631835937
2022-06-24,289.2134704589844
2022-06-27,287.093017578125
2022-06-28,278.34625244140625
2022-06-29,278.6014404296875
2022-06-30,275.1460266113281
2022-07-01,276.9620666503906
2022-07-05,281.70361328125
2022-07-06,283.5098571777344
2022-07-07,289.57672119140625
2022-07-08,289.9399108886719
2022-07-11,283.7455139160156
2022-07-12,280.9967346191406
2022-07-13,280.41754150390625
2022-07-14,281.4189453125
2022-07-15,286.5236511230469
2022-07-18,284.0989074707031
2022-07-19,292.8358154296875
2022-07-20,297.4792175292969
2022-07-21,301.7496032714844
2022-07-22,296.458251953125
2022-07-25,294.76983642578125
2022-07-26,288.97784423828125
2022-07-27,301.19000244140625
2022-07-28,304.1350402832031
2022-07-29,309.6815490722656
2022-08-01,309.4949645996094
2022-08-02,308.572265625
2022-08-03,316.9754943847656
2022-08-04,318.4577941894531
2022-08-05,315.8562927246094
2022-08-08,314.8353271484375
2022-08-09,311.2718505859375
2022-08-10,319.9598083496094
2022-08-11,318.1436767578125
2022-08-12,324.33807373046875
2022-08-15,326.9591369628906
2022-08-16,326.19342041015625
2022-08-17,322.4728698730469
2022-08-18,323.2484130859375
2022-08-19,316.9460144042969
2022-08-22,308.6016540527344
2022-08-23,308.3464660644531
2022-08-24,309.2397766113281
2022-08-25,314.7076721191406
2022-08-26,301.8084411621094
2022-08-29,298.8340148925781
2022-08-30,295.50604248046875
2022-08-31,293.7880859375
2022-09-01,293.915771484375
2022-09-02,289.7632141113281
2022-09-06,287.6820068359375
2022-09-07,293.4935913085937
2022-09-08,295.01519775390625
2022-09-09,301.4648742675781
2022-09-12,305.0480041503906
2022-09-13,288.3201904296875
2022-09-14,290.607421875
2022-09-15,285.7677307128906
2022-09-16,284.0204162597656
2022-09-19,286.23211669921875
2022-09-20,283.9505615234375
2022-09-21,278.8661193847656
2022-09-22,275.43389892578125
2022-09-23,270.9493713378906
2022-09-26,269.8282165527344
2022-09-27,269.9364929199219
2022-09-28,275.3060913085937
2022-09-29,267.36962890625
2022-09-30,262.8359680175781
2022-10-03,269.002197265625
2022-10-04,277.4598388671875
2022-10-05,277.31231689453125
2022-10-06,275.1290588378906
2022-10-07,264.6454772949219
2022-10-10,262.0000305175781
2022-10-11,258.400634765625
2022-10-12,258.3121337890625
2022-10-13,264.37017822265625
2022-10-14,256.4238586425781
2022-10-17,264.8913879394531
2022-10-18,266.986083984375
2022-10-19,266.0124816894531
2022-10-20,264.65533447265625
2022-10-21,270.86083984375
2022-10-24,273.8406982421875
2022-10-25,279.50537109375
2022-10-26,273.3293151855469
2022-10-27,268.35308837890625
2022-10-28,276.5648803710937
2022-10-31,273.3489990234375
2022-11-01,270.5559997558594
2022-11-02,261.2821350097656
2022-11-03,256.1779479980469
2022-11-04,260.2986145019531
2022-11-07,263.1604309082031
2022-11-08,265.0782165527344
2022-11-09,258.9611511230469
2022-11-10,278.0696105957031
2022-11-11,283.1932678222656
2022-11-14,280.7149963378906
2022-11-15,284.599609375
2022-11-16,280.7149963378906
2022-11-17,280.0954284667969
2022-11-18,280.10528564453125
2022-11-21,277.2237548828125
2022-11-22,281.2165832519531
2022-11-23,284.0390319824219
2022-11-25,282.1705627441406
2022-11-28,278.0301818847656
2022-11-29,275.9256286621094
2022-11-30,288.5038757324219
2022-12-01,288.85791015625
2022-12-02,287.7073059082031
2022-12-05,282.87860107421875
2022-12-06,277.0172119140625
2022-12-07,275.8862609863281
2022-12-08,279.1513366699219
2022-12-09,277.3713073730469
2022-12-12,280.85272216796875
2022-12-13,283.8719177246094
2022-12-14,281.7673034667969
2022-12-15,272.3065795898437
2022-12-16,269.7102355957031
2022-12-19,265.9198608398437
2022-12-20,265.7128295898437
2022-12-21,269.5672607421875
2022-12-22,262.9723205566406
2022-12-23,263.56378173828125
2022-12-27,259.8374938964844
2022-12-28,256.4068908691406
2022-12-29,262.6568908691406
2022-12-30,262.4991455078125
2023-01-03,260.7247009277344
2023-01-04,261.966796875
2023-01-05,257.8658447265625
2023-01-06,264.9833374023437
2023-01-09,266.6986083984375
2023-01-10,268.9560546875
2023-01-11,273.6091003417969
2023-01-12,275.0877990722656
2023-01-13,276.98052978515625
2023-01-17,277.5423889160156
2023-01-18,273.9344177246094
2023-01-19,271.2431640625
2023-01-20,278.666259765625
2023-01-23,284.8570556640625
2023-01-24,284.27545166015625
2023-01-25,283.64453125
2023-01-26,289.1748962402344
2023-01-27,292.05340576171875
2023-01-30,286.1484680175781
2023-01-31,290.43670654296875
2023-02-01,296.64727783203125
2023-02-02,307.2938842773437
2023-02-03,301.83258056640625
2023-02-06,299.2793273925781
2023-02-07,305.48004150390625
2023-02-08,300.0482788085937
2023-02-09,297.3964233398437
2023-02-10,295.444580078125
2023-02-13,300.17645263671875
2023-02-14,302.3944702148437
2023-02-15,304.7111511230469
2023-02-16,298.9934997558594
2023-02-17,296.88385009765625
2023-02-21,289.8550720214844
2023-02-22,290.0719909667969
2023-02-23,292.60552978515625
2023-02-24,287.7060241699219
2023-02-27,289.7663269042969
2023-02-28,289.39178466796875
2023-03-01,287.06524658203125
2023-03-02,289.4410400390625
2023-03-03,295.4248352050781
2023-03-06,295.76007080078125
2023-03-07,292.13232421875
2023-03-08,293.5912780761719
2023-03-09,288.5045471191406
2023-03-10,284.452880859375
2023-03-13,286.5625
2023-03-14,293.14764404296875
2023-03-15,294.6855163574219
2023-03-16,302.45361328125
2023-03-17,301.0242004394531
2023-03-20,302.0925598144531
2023-03-21,306.4071044921875
2023-03-22,302.2406005859375
2023-03-23,305.8246459960937
2023-03-24,306.9501342773437
2023-03-27,304.84716796875
2023-03-28,303.2279663085937
2023-03-29,308.7569274902344
2023-03-30,311.6794738769531
2023-03-31,316.8629455566406
2023-04-03,316.09283447265625
2023-04-04,315.0264892578125
2023-04-05,311.9164428710937
2023-04-06,314.0194396972656
2023-04-10,313.8416748046875
2023-04-11,311.8275756835937
2023-04-12,309.0729064941406
2023-04-13,315.1252136230469
2023-04-14,314.5328369140625
2023-04-17,314.79937744140625
2023-04-18,314.8191223144531
2023-04-19,314.6710510253906
2023-04-20,312.2718811035156
2023-04-21,312.59765625
2023-04-24,311.946044921875
2023-04-25,306.0615539550781
2023-04-26,307.917724609375
2023-04-27,316.290283203125
2023-04-28,318.4722900390625
2023-05-01,318.10693359375
2023-05-02,315.3326110839844
2023-05-03,313.26904296875
2023-05-04,312.16326904296875
2023-05-05,318.7981262207031
2023-05-08,319.58795166015625
2023-05-09,317.5639343261719
2023-05-10,321.0196228027344
2023-05-11,322.0661315917969
2023-05-12,320.91094970703125
2023-05-15,322.648681640625
2023-05-16,323.01397705078125
2023-05-17,326.9237670898437
2023-05-18,332.9958801269531
2023-05-19,332.2454833984375
2023-05-22,333.3611755371094
2023-05-23,329.13543701171875
2023-05-24,327.4470520019531
2023-05-25,335.414794921875
2023-05-26,343.9847717285156
2023-05-30,345.54473876953125
2023-05-31,343.5799865722656
2023-06-01,347.54901123046875
2023-06-02,350.15557861328125
2023-06-05,350.40240478515625
2023-06-06,350.3431701660156
2023-06-07,344.39947509765625
2023-06-08,348.67462158203125
2023-06-09,350.00750732421875
2023-06-12,355.92156982421875
2023-06-13,358.656494140625
2023-06-14,361.2630310058594
2023-06-15,365.5677795410156
2023-06-16,363.267333984375
2023-06-20,362.7472839355469
2023-06-21,357.8038635253906
2023-06-22,362.0255126953125
2023-06-23,358.4366455078125
2023-06-26,353.6316223144531
2023-06-27,359.7120361328125
2023-06-28,360.4139709472656
2023-06-29,359.6922302246094
2023-06-30,365.23876953125
2023-07-03,366.0989685058594
2023-07-05,366.0889892578125
2023-07-06,363.3009033203125
2023-07-07,362.0947265625
2023-07-10,362.2133483886719
2023-07-11,364.0028991699219
2023-07-12,368.6002502441406
2023-07-13,374.8585815429688
2023-07-14,374.7795104980469
2023-07-17,378.2794189453125
2023-07-18,381.37396240234375
2023-07-19,381.2850036621094
2023-07-20,372.4956665039063
2023-07-21,371.37841796875
2023-07-24,371.9716491699219
2023-07-25,374.4928283691406
2023-07-26,373.24700927734375
2023-07-27,372.3572692871094
2023-07-28,379.13958740234375
2023-07-31,379.3373718261719
2023-08-01,378.4574279785156
2023-08-02,370.1524963378906
2023-08-03,369.5592956542969
2023-08-04,367.82904052734375
2023-08-07,370.94342041015625
2023-08-08,367.7895202636719
2023-08-09,363.7458190917969
2023-08-10,364.4181823730469
2023-08-11,362.0947265625
2023-08-14,366.15826416015625
2023-08-15,362.2726745605469
2023-08-16,358.4366455078125
2023-08-17,354.5213928222656
2023-08-18,354.0765380859375
2023-08-21,359.7811889648437
2023-08-22,359.26708984375
2023-08-23,364.9322509765625
2023-08-24,357.13153076171875
2023-08-25,359.8998413085937
2023-08-28,362.6088562011719
2023-08-29,370.5281372070313
2023-08-30,372.5945129394531
2023-08-31,373.7117004394531
2023-09-01,373.3162536621094
2023-09-05,373.7908630371094
2023-09-06,370.49847412109375
2023-09-07,367.8488464355469
2023-09-08,368.3629455566406
2023-09-11,372.7032775878906
2023-09-12,368.5705871582031
2023-09-13,369.97454833984375
2023-09-14,372.9999084472656
2023-09-15,366.613037109375
2023-09-18,366.9952087402344
2023-09-19,366.2129821777344
2023-09-20,360.9356994628906
2023-09-21,354.3217163085937
2023-09-22,354.3712158203125
2023-09-25,356.05438232421875
2023-09-26,350.70782470703125
2023-09-27,351.5296936035156
2023-09-28,354.4703063964844
2023-09-29,354.7276916503906
2023-10-02,357.6881408691406
2023-10-03,351.41082763671875
2023-10-04,356.19305419921875
2023-10-05,355.1435546875
2023-10-06,361.0941162109375
2023-10-09,362.9357299804688
2023-10-10,364.9457092285156
2023-10-11,367.5496826171875
2023-10-12,366.27239990234375
2023-10-13,361.66839599609375
2023-10-16,365.7575378417969
2023-10-17,364.55950927734375
2023-10-18,359.7772521972656
2023-10-19,356.41094970703125
2023-10-20,351.093994140625
2023-10-23,352.1534423828125
2023-10-24,355.5791931152344
2023-10-25,346.8760681152344
2023-10-26,340.2621459960937
2023-10-27,341.8958435058594
2023-10-30,345.7474060058594
2023-10-31,347.4008178710937
2023-11-01,353.4306640625
2023-11-02,359.8465270996094
2023-11-03,364.0743713378906
2023-11-06,365.55950927734375
2023-11-07,369.0150451660156
2023-11-08,369.2526550292969
2023-11-09,366.4110107421875
2023-11-10,374.6488037109375
2023-11-13,373.48046875
2023-11-14,381.5201416015625
2023-11-15,381.8073120117188
2023-11-16,382.134033203125
2023-11-17,382.2231140136719
2023-11-20,386.8766784667969
2023-11-21,384.6290893554688
2023-11-22,386.203369140625
2023-11-24,385.6587829589844
2023-11-27,385.32220458984375
2023-11-28,386.33209228515625
2023-11-29,385.955810546875
2023-11-30,384.9855346679688
2023-12-01,386.0845642089844
2023-12-04,382.5003356933594
2023-12-05,383.4607238769531
2023-12-06,381.2428894042969
2023-12-07,386.56976318359375
2023-12-08,388.2925109863281
2023-12-11,391.609375
2023-12-12,394.7282409667969
2023-12-13,399.7481384277344
2023-12-14,399.4015808105469
2023-12-15,401.332275390625
2023-12-18,403.860107421875
2023-12-19,405.9237060546875
2023-12-20,399.8917541503906
2023-12-21,404.5447082519531
2023-12-22,405.14984130859375
2023-12-26,407.630126953125
2023-12-27,408.45989990234375
2023-12-28,408.2613830566406
2023-12-29,406.4945068359375
2024-01-02,399.61572265625
2024-01-03,395.38720703125
2024-01-04,393.3523864746094
2024-01-05,393.8189086914063
2024-01-08,401.9583129882813
2024-01-09,402.75238037109375
2024-01-10,405.4821166992188
2024-01-11,406.3258361816406
2024-01-12,406.53424072265625
2024-01-16,406.4945068359375
2024-01-17,404.20159912109375
2024-01-18,409.93890380859375
2024-01-19,418.06842041015625
2024-01-22,418.6143493652344
2024-01-23,420.3514099121094
2024-01-24,422.6840515136719
2024-01-25,423.2002258300781
2024-01-26,420.6789855957031
2024-01-29,424.9869079589844
2024-01-30,422.1580200195313
2024-01-31,413.8895263671875
2024-02-01,418.7632751464844
2024-02-02,425.8405456542969
2024-02-05,425.2846984863281
2024-02-06,424.4310302734375
2024-02-07,428.7985534667969
2024-02-08,429.5926818847656
2024-02-09,433.8211364746094
2024-02-12,432.123779296875
2024-02-13,425.3839416503906
2024-02-14,430.01947021484375
2024-02-15,431.2999572753906
2024-02-16,427.3890380859375
2024-02-20,424.1630859375
2024-02-21,422.4656677246094
2024-02-22,434.8336181640625
2024-02-23,433.5531311035156
2024-02-26,433.3248596191406
2024-02-27,434.3670959472656
2024-02-28,432.0543212890625
2024-02-29,435.7567443847656
2024-03-01,442.3179016113281
2024-03-04,440.73968505859375
2024-03-05,432.8285217285156
2024-03-06,435.5483093261719
2024-03-07,442.1591491699219
2024-03-08,435.7765808105469
2024-03-11,434.1586608886719
2024-03-12,440.38232421875
2024-03-13,436.9975280761719
2024-03-14,435.895751953125
2024-03-15,430.7143249511719
2024-03-18,434.82220458984375
2024-03-19,435.9055480957031
2024-03-20,441.0739440917969
2024-03-21,443.1612243652344
2024-03-22,443.6681213378906
2024-03-25,442.0579833984375
2024-03-26,440.6267395019531
2024-03-27,442.1275024414063
2024-03-28,441.3125
2024-04-01,442.2467956542969
2024-04-02,438.43011474609375
2024-04-03,439.41412353515625
2024-04-04,432.6951904296875
2024-04-05,437.79400634765625
2024-04-08,437.9232482910156
2024-04-09,439.5433349609375
2024-04-10,435.7068176269531
2024-04-11,442.6642456054688
2024-04-12,435.60736083984375
2024-04-15,428.4411926269531
2024-04-16,428.48095703125
2024-04-17,423.2528991699219
2024-04-18,420.8376770019531
2024-04-19,412.1308288574219
2024-04-22,416.2755737304688
2024-04-23,422.4875793457031
2024-04-24,423.9188537597656
2024-04-25,421.8713989257813
2024-04-26,428.3815612792969
2024-04-29,430.1209411621094
2024-04-30,422.0104675292969
2024-05-01,418.9591369628906
2024-05-02,424.3064575195313
2024-05-03,432.8343505859375
2024-05-06,437.5753479003906
2024-05-07,437.6449279785156
2024-05-08,437.3865051269531
2024-05-09,438.3406982421875
2024-05-10,439.3743591308594
2024-05-13,440.38812255859375
2024-05-14,443.2208557128906
2024-05-15,450.1485290527344
2024-05-16,449.2341003417969
2024-05-17,449.0154113769531
2024-05-20,452.1463012695313
2024-05-21,453.0308837890625
2024-05-22,452.94140625
2024-05-23,450.9039306640625
2024-05-24,455.1678161621094
2024-05-28,456.8873291015625
2024-05-29,453.6669921875
2024-05-30,448.80670166015625
2024-05-31,447.9718017578125
2024-06-03,450.3771362304688
2024-06-04,451.6095581054688
2024-06-05,460.71392822265625
2024-06-06,460.5549011230469
2024-06-07,460.1473693847656
2024-06-10,462.0060119628906
2024-06-11,465.1766357421875
2024-06-12,471.2694091796875
2024-06-13,473.8237915039063
2024-06-14,476.27880859375
2024-06-17,482.1131286621094
2024-06-18,482.26220703125
2024-06-20,478.5449523925781
2024-06-21,477.2627868652344
2024-06-24,471.8293151855469
2024-06-25,477.2249450683594
2024-06-26,478.2104797363281
2024-06-27,479.4449157714844
2024-06-28,476.9561462402344
2024-07-01,479.7535400390625
2024-07-02,484.790771484375
2024-07-03,488.8325500488281
2024-07-05,493.9295043945313
2024-07-08,495.1041870117188
2024-07-09,495.5322570800781
2024-07-10,500.698974609375
2024-07-11,489.7185363769531
2024-07-12,492.5955505371094
2024-07-15,493.9195556640625
2024-07-16,494.1087036132813
2024-07-17,479.6041870117188
2024-07-18,477.3344421386719
2024-07-19,473.1035461425781
2024-07-22,480.1517333984375
2024-07-23,478.4593811035156
2024-07-24,461.2969055175781
2024-07-25,456.2098388671875
2024-07-26,460.88873291015625
2024-07-29,461.8145446777344
2024-07-30,455.4731750488281
2024-07-31,468.9523010253906
2024-08-01,457.5935974121094
2024-08-02,446.7326354980469
2024-08-05,433.4128112792969
2024-08-06,437.5540771484375
2024-08-07,432.8154602050781
2024-08-08,446.05572509765625
2024-08-09,448.38519287109375
2024-08-12,449.350830078125
2024-08-13,460.5004577636719
2024-08-14,460.64984130859375
2024-08-15,472.2872619628906
2024-08-16,472.8945007324219
2024-08-19,479.1064453125
2024-08-20,478.10101318359375
2024-08-21,480.3309020996094
2024-08-22,472.7153015136719
2024-08-23,477.8421325683594
2024-08-26,473.2030944824219
2024-08-27,474.6167297363281
2024-08-28,469.2310485839844
2024-08-29,468.5441589355469
2024-08-30,474.1289367675781
2024-09-03,459.7339477539063
2024-09-04,458.539306640625
2024-09-05,458.9674072265625
2024-09-06,446.67291259765625
2024-09-09,452.4169921875
2024-09-10,456.5981140136719
2024-09-11,466.5133361816406
2024-09-12,471.0926513671875
2024-09-13,473.2030944824219
2024-09-16,471.112548828125
2024-09-17,471.3614196777344
2024-09-18,469.3206481933594
2024-09-19,481.1870727539063
2024-09-20,480.2711791992188
2024-09-23,481.5442504882813
2024-09-24,483.8670043945313
2024-09-25,484.3156127929688
2024-09-26,487.9543151855469
2024-09-27,485.2427368164063
2024-09-30,486.5586853027344
2024-10-01,479.7796936035156
2024-10-02,480.4576110839844
2024-10-03,480.0987243652344
2024-10-04,485.81097412109375
2024-10-07,480.6071472167969
2024-10-08,487.7848510742188
2024-10-09,491.6229248046875
2024-10-10,491.0646667480469
2024-10-11,491.832275390625
2024-10-14,495.9594421386719
2024-10-15,489.3300476074219
2024-10-16,489.3898620605469
2024-10-17,489.7287902832031
2024-10-18,492.9388427734375
2024-10-21,493.8859252929688
2024-10-22,494.4242248535156
2024-10-23,486.84771728515625
2024-10-24,490.7955017089844
2024-10-25,493.7862243652344
2024-10-28,493.865966796875
2024-10-29,498.6112365722656
2024-10-30,494.8429260253906
2024-10-31,482.3517456054688
2024-11-01,485.9206237792969
2024-11-04,484.5050354003906
2024-11-05,490.6858520507813
2024-11-06,504.014404296875
2024-11-07,511.9497375488281
2024-11-08,512.5479736328125
2024-11-11,512.2489013671875
2024-11-12,511.32171630859375
2024-11-13,510.6637878417969
2024-11-14,507.1148376464844
2024-11-15,495.0323486328125
2024-11-18,498.4716491699219
2024-11-19,501.9010009765625
2024-11-20,501.6119079589844
2024-11-21,503.4163208007813
2024-11-22,504.2237854003906
2024-11-25,505.0213012695313
2024-11-26,507.7328796386719
2024-11-27,503.73529052734375
2024-11-29,508.1615295410156
2024-12-02,513.6943359375
2024-12-03,515.2694702148438
2024-12-04,521.6397094726562
2024-12-05,520.1942138671875
2024-12-06,524.8497314453125
2024-12-09,520.762451171875
2024-12-10,518.9879150390625
2024-12-11,528.279052734375
2024-12-12,524.86962890625
2024-12-13,528.88720703125
2024-12-16,536.5035400390625
2024-12-17,534.1408081054688
2024-12-18,514.8706665039062
2024-12-19,512.5778198242188
2024-12-20,517.053955078125
2024-12-23,522.0914306640625
2024-12-24,529.1708984375
2024-12-26,528.8114013671875
2024-12-27,521.7818603515625
2024-12-30,514.8422241210938
2024-12-31,510.4687805175781
2025-01-02,509.4702453613281
2025-01-03,517.8078002929688
2025-01-06,523.7589111328125
2025-01-07,514.412841796875
2025-01-08,514.5027465820312
2025-01-10,506.4347839355469
2025-01-13,504.8071899414063
2025-01-14,504.3279113769531
2025-01-15,515.9306030273438
2025-01-16,512.3160400390625
2025-01-17,520.9630737304688
2025-01-21,524.0185546875
2025-01-22,530.7185668945312
2025-01-23,531.8468627929688
2025-01-24,528.8413696289062
2025-01-27,513.4443359375
2025-01-28,521.0330200195312
2025-01-29,520.0545043945312
2025-01-30,522.2711181640625
2025-01-31,521.5122680664062
2025-02-03,517.3385009765625
2025-02-04,523.6890258789062
2025-02-05,526.0654907226562
2025-02-06,528.8114013671875
2025-02-07,522.141357421875
2025-02-10,528.4619140625
2025-02-11,527.2037963867188
2025-02-12,527.5133056640625
2025-02-13,535.10205078125
2025-02-14,537.3486938476562
2025-02-18,538.5668334960938
2025-02-19,538.7166748046875
2025-02-20,536.4299926757812
2025-02-21,525.296630859375
2025-02-24,519.0958862304688
2025-02-25,512.5556640625
2025-02-26,513.7938232421875
2025-02-27,499.5250549316406
2025-02-28,507.413330078125
2025-03-03,496.3098449707031
2025-03-04,494.8121032714844
2025-03-05,501.2624816894531
2025-03-06,487.4730529785156
2025-03-07,491.0577087402344
2025-03-10,472.0260925292969
2025-03-11,470.8977661132813
2025-03-12,476.2098693847656
2025-03-13,467.6426086425781
2025-03-14,478.9457702636719
2025-03-17,482.0511169433594
2025-03-18,473.8334045410156
2025-03-19,480.1739501953125
2025-03-20,478.5463562011719
2025-03-21,480.1239929199219
2025-03-24,490.6600036621094
2025-03-25,493.4599914550781
2025-03-26,484.3800048828125
2025-03-27,481.6199951171875
2025-03-28,468.9400024414063
2025-03-31,468.9200134277344
2025-04-01,472.7000122070313
2025-04-02,476.1499938964844
2025-04-03,450.6600036621094
2025-04-04,422.6700134277344
2025-04-07,423.6900024414063
2025-04-08,416.05999755859375
2025-04-09,466.0
2025-04-10,446.1799926757813
2025-04-11,454.3999938964844
2025-04-14,457.4800109863281
2025-04-15,457.989990234375
2025-04-16,444.1799926757813
2025-04-17,444.1000061035156
2025-04-21,433.1099853515625
2025-04-22,444.4800109863281
