Date,y_true,y_y_pred,fold,model
2021-02-02,5.122711181640625,-1.2966311107702735,1,SARIMA
2021-02-03,-1.26611328125,0.5527323798855074,1,SARIMA
2021-02-04,3.75927734375,-0.15496284859747747,1,SARIMA
2021-02-05,1.090789794921875,0.2365925592724356,1,SARIMA
2021-02-08,2.162017822265625,-0.21295788929801573,1,SARIMA
2021-02-09,-0.068145751953125,0.23841765780607108,1,SARIMA
2021-02-10,-0.740081787109375,0.17051513825545442,1,SARIMA
2021-02-11,1.782135009765625,-0.05298026931108558,1,SARIMA
2021-02-12,1.82122802734375,0.5907267750818981,1,SARIMA
2021-02-16,-0.88629150390625,-0.4827561855476665,1,SARIMA
2021-02-17,-1.567962646484375,0.17277064447056917,1,SARIMA
2021-02-18,-1.42181396484375,0.3638030036186999,1,SARIMA
2021-02-19,-1.41217041015625,-0.05575126706537243,1,SARIMA
2021-02-22,-8.3560791015625,0.6778113211120598,1,SARIMA
2021-02-23,-0.9349365234375,-0.42818152617139116,1,SARIMA
2021-02-24,2.580841064453068,0.1319873127700845,1,SARIMA
2021-02-25,-11.005126953124943,0.3905130465354948,1,SARIMA
2021-02-26,1.275848388671875,0.013469970469162366,1,SARIMA
2021-03-01,9.203369140625,0.536932972902811,1,SARIMA
2021-03-02,-5.0545654296875,-0.19657099168302966,1,SARIMA
2021-03-03,-8.998809814453125,0.5928116692581068,2,SARIMA
2021-03-04,-4.92791748046875,0.654358799419452,2,SARIMA
2021-03-05,4.460479736328125,-0.1561076732917803,2,SARIMA
2021-03-08,-8.5118408203125,0.7426855840497337,2,SARIMA
2021-03-09,11.5211181640625,-0.003102068365902294,2,SARIMA
2021-03-10,-0.86676025390625,-0.2641502114422243,2,SARIMA
2021-03-11,6.97314453125,0.9506650844359732,2,SARIMA
2021-03-12,-2.512664794921875,-0.057050910792025476,2,SARIMA
2021-03-15,3.281982421875,0.397230401412276,2,SARIMA
2021-03-16,1.7044677734375,0.3899534955031559,2,SARIMA
2021-03-17,1.285430908203125,-0.197855686667776,2,SARIMA
2021-03-18,-9.6025390625,0.8688668179106835,2,SARIMA
2021-03-19,1.07135009765625,0.09226746310372827,2,SARIMA
2021-03-22,5.719024658203125,0.054341136040087376,2,SARIMA
2021-03-23,-1.35546875,0.6411618728681301,2,SARIMA
2021-03-24,-5.216888427734375,-0.05927223058840766,2,SARIMA
2021-03-25,-0.526611328125,0.6204860086914513,2,SARIMA
2021-03-26,4.55389404296875,0.22386658028240136,2,SARIMA
2021-03-29,-0.087799072265625,-0.19644858883193195,2,SARIMA
2021-03-30,-1.550384521484375,0.7154026514226873,2,SARIMA
2021-03-31,4.69036865234375,1.8513832698725192,3,SARIMA
2021-04-01,5.304595947265625,-1.060669996070782,3,SARIMA
2021-04-05,6.31884765625,0.9485817096804939,3,SARIMA
2021-04-06,-0.224212646484375,-0.9571556625523816,3,SARIMA
2021-04-07,0.780029296875,1.1440402776874135,3,SARIMA
2021-04-08,3.373931884765625,-0.49173945358371784,3,SARIMA
2021-04-09,1.97955322265625,0.30593977886089546,3,SARIMA
2021-04-12,-0.4290771484375,0.3938624021302861,3,SARIMA
2021-04-13,3.832305908203125,-0.3949249054634951,3,SARIMA
2021-04-14,-3.988250732421875,0.8797851751267071,3,SARIMA
2021-04-15,4.97308349609375,-0.714730457102339,3,SARIMA
2021-04-16,0.390106201171875,0.985621701405148,3,SARIMA
2021-04-19,-3.05224609375,-0.5895043443188264,3,SARIMA
2021-04-20,-2.4085693359375,0.651776471127945,3,SARIMA
2021-04-21,2.808349609375,-0.11206924782218086,3,SARIMA
2021-04-22,-3.988189697265682,0.1147701933507197,3,SARIMA
2021-04-23,4.115020751953182,0.4112426797148283,3,SARIMA
2021-04-26,2.155059814453125,-0.3291418755069897,3,SARIMA
2021-04-27,-1.4432373046875,0.7247301495117582,3,SARIMA
2021-04-28,-1.1214599609375,-0.48048626011325957,3,SARIMA
2021-04-29,1.189727783203125,-0.03998769766848387,4,SARIMA
2021-04-30,-2.17449951171875,0.3375875257134736,4,SARIMA
2021-05-03,-1.75518798828125,-0.5660523955641563,4,SARIMA
2021-05-04,-5.899566650390625,0.6575661240225084,4,SARIMA
2021-05-05,-1.0824584960938068,0.1615112256469104,4,SARIMA
2021-05-06,2.418365478515682,0.10771061991202313,4,SARIMA
2021-05-07,2.62310791015625,0.3674330229352299,4,SARIMA
2021-05-10,-8.2301025390625,-0.11879595305995472,4,SARIMA
2021-05-11,-0.43881225585943184,0.5040516938245326,4,SARIMA
2021-05-12,-8.210540771484318,-0.2446363905192923,4,SARIMA
2021-05-13,2.38909912109375,0.49249946319944893,4,SARIMA
2021-05-14,6.8746337890625,-0.10012181079250482,4,SARIMA
2021-05-17,-1.9307861328125,0.28823569431399615,4,SARIMA
2021-05-18,-2.135528564453125,0.13709727596542637,4,SARIMA
2021-05-19,0.36077880859369316,0.06463836653078903,4,SARIMA
2021-05-20,6.084747314453182,0.32893941870858173,4,SARIMA
2021-05-21,-1.774627685546875,-0.07301657703100894,4,SARIMA
2021-05-24,5.36309814453125,0.3944897770903265,4,SARIMA
2021-05-25,0.448638916015625,-0.06571991662834198,4,SARIMA
2021-05-26,1.131134033203125,0.3220003411516776,4,SARIMA
2021-05-27,-1.218902587890625,0.2953793835250228,5,SARIMA
2021-05-28,1.023773193359375,-0.9016524951138115,5,SARIMA
2021-06-01,-1.0822753906250568,1.1695797331822426,5,SARIMA
2021-06-02,0.6337890625,-1.4557174607449013,5,SARIMA
2021-06-03,-3.383666992187443,1.4518137238367037,5,SARIMA
2021-06-04,5.460723876953125,-0.9082651908783829,5,SARIMA
2021-06-07,0.97515869140625,0.8285228346792629,5,SARIMA
2021-06-08,0.156036376953125,-0.027007155712339248,5,SARIMA
2021-06-09,0.077972412109375,-0.07963444143379239,5,SARIMA
2021-06-10,3.422698974609375,0.7692716460656183,5,SARIMA
2021-06-11,0.8677978515625,-0.716861622673843,5,SARIMA
2021-06-14,3.188720703125,1.1161908199714292,5,SARIMA
2021-06-15,-2.194061279296875,-0.7806528947388508,5,SARIMA
2021-06-16,-1.218963623046875,0.9079576147175505,5,SARIMA
2021-06-17,4.222381591796875,-0.35554916645746104,5,SARIMA
2021-06-18,-2.642608642578125,0.35205025999819195,5,SARIMA
2021-06-21,2.076507568359375,0.24613162203111194,5,SARIMA
2021-06-22,3.133758544921875,-0.20413574561148895,5,SARIMA
2021-06-23,0.165985107421875,0.6843524781107708,5,SARIMA
2021-06-24,2.0989990234375,-0.47489506631244305,5,SARIMA
2021-06-25,-0.419830322265625,-0.3150365768234089,6,SARIMA
2021-06-28,4.149078369140625,0.7117789591309497,6,SARIMA
2021-06-29,1.249603271484375,-0.7485833916175108,6,SARIMA
2021-06-30,-0.546722412109375,0.5931524822878488,6,SARIMA
2021-07-01,0.13671875,-0.22839078911758748,6,SARIMA
2021-07-02,3.973358154296875,0.1729205751586429,6,SARIMA
2021-07-06,1.51318359375,0.3463451006588522,6,SARIMA
2021-07-07,0.742034912109375,-0.14130322193883604,6,SARIMA
2021-07-08,-2.1282958984375,0.5868105961996192,6,SARIMA
2021-07-09,2.186798095703125,-0.27436872535254253,6,SARIMA
2021-07-12,1.3765869140625,0.5678483069770972,6,SARIMA
2021-07-13,0.0,-0.15135238149815233,6,SARIMA
2021-07-14,0.634521484375,0.33875323652991685,6,SARIMA
2021-07-15,-2.489471435546875,0.1204325952451667,6,SARIMA
2021-07-16,-2.85064697265625,0.06672037837792644,6,SARIMA
2021-07-19,-2.860443115234375,0.3575881489942819,6,SARIMA
2021-07-20,4.022186279296875,-0.10272349026693295,6,SARIMA
2021-07-21,2.70428466796875,0.4453255179422634,6,SARIMA
2021-07-22,2.333221435546875,-0.10302850184499412,6,SARIMA
2021-07-23,4.149139404296875,0.3674593936759505,6,SARIMA
2021-07-26,0.283111572265625,2.818639775892926,7,SARIMA
2021-07-27,-3.963623046875,2.633670361307673,7,SARIMA
2021-07-28,1.36663818359375,3.0062286339597044,7,SARIMA
2021-07-29,0.63470458984375,3.5111404461664515,7,SARIMA
2021-07-30,-1.86474609375,2.966840113122987,7,SARIMA
2021-08-02,0.02935791015625,2.921105632204076,7,SARIMA
2021-08-03,2.157562255859375,2.721407394788163,7,SARIMA
2021-08-04,0.51739501953125,2.9750913322243937,7,SARIMA
2021-08-05,2.274658203125,3.2350973926776336,7,SARIMA
2021-08-06,-1.5815734863281818,2.972163158066245,7,SARIMA
2021-08-09,0.6638793945313068,2.8565111620406864,7,SARIMA
2021-08-10,-1.84515380859375,2.678632263984742,7,SARIMA
2021-08-11,-0.614990234375,2.8947035275640407,7,SARIMA
2021-08-12,1.288604736328125,3.1453597266826145,7,SARIMA
2021-08-13,1.25933837890625,2.8979339952277954,7,SARIMA
2021-08-16,0.156219482421875,2.801961842081752,7,SARIMA
2021-08-17,-3.172821044921875,2.647506955683044,7,SARIMA
2021-08-18,-3.43634033203125,2.837119795888146,7,SARIMA
2021-08-19,1.708404541015625,3.052378229688053,7,SARIMA
2021-08-20,3.680511474609375,2.8386920146147228,7,SARIMA
2021-08-23,5.36944580078125,-0.06045669104660434,8,SARIMA
2021-08-24,1.11279296875,0.6171462275845537,8,SARIMA
2021-08-25,0.419921875,0.5293126155996883,8,SARIMA
2021-08-26,-2.323455810546818,-0.08743600648628125,8,SARIMA
2021-08-27,3.533996582031193,0.03584941616546311,8,SARIMA
2021-08-30,4.119873046875,-0.044969764818736824,8,SARIMA
2021-08-31,-0.302734375,0.3832720702357798,8,SARIMA
2021-09-01,0.615020751953125,-0.07862513212296751,8,SARIMA
2021-09-02,-0.175689697265625,0.36380769917554684,8,SARIMA
2021-09-03,1.1422729492188068,0.10142479793090498,8,SARIMA
2021-09-07,0.5271301269530682,0.2055946612472051,8,SARIMA
2021-09-08,-1.298431396484375,0.21960595158599905,8,SARIMA
2021-09-09,-1.27886962890625,0.08084300557461466,8,SARIMA
2021-09-10,-2.811676025390625,0.31015187599565675,8,SARIMA
2021-09-13,-0.253814697265625,0.02259299044905716,8,SARIMA
2021-09-14,-1.044586181640625,0.31772187491115983,8,SARIMA
2021-09-15,2.723724365234432,0.06129499756948087,8,SARIMA
2021-09-16,0.25381469726556816,0.2487641698569582,8,SARIMA
2021-09-17,-4.37359619140625,0.14974399571073127,8,SARIMA
2021-09-20,-7.541168212890625,0.15646099527597934,8,SARIMA
2021-09-21,0.4398193359375,0.8921075412332693,9,SARIMA
2021-09-22,3.342498779296875,-0.4024185162151809,9,SARIMA
2021-09-23,3.332763671875,0.3551017817840407,9,SARIMA
2021-09-24,0.34201049804693184,0.466373043240223,9,SARIMA
2021-09-27,-2.912445068359432,0.3078575061554697,9,SARIMA
2021-09-28,-10.242523193359375,-0.10783306341546961,9,SARIMA
2021-09-29,-0.57666015625,0.13863569652891128,9,SARIMA
2021-09-30,-1.290130615234375,0.21140234829943486,9,SARIMA
2021-10-01,2.169708251953125,0.45226860689805115,9,SARIMA
2021-10-04,-7.388641357421875,0.27259633571954434,9,SARIMA
2021-10-05,4.652130126953125,-0.05383975469651647,9,SARIMA
2021-10-06,2.2381591796875,0.14385402471624753,9,SARIMA
2021-10-07,3.225189208984375,0.20505527032293422,9,SARIMA
2021-10-08,-1.769012451171875,0.40239411748012355,9,SARIMA
2021-10-11,-2.70721435546875,0.2549941390162649,9,SARIMA
2021-10-12,-1.22161865234375,-0.013105728789932235,9,SARIMA
2021-10-13,2.795104980468693,0.14924608015791258,9,SARIMA
2021-10-14,6.479827880859432,0.1994979431413596,9,SARIMA
2021-10-15,2.25762939453125,0.3615461164987821,9,SARIMA
2021-10-18,3.6259765625,0.24050666729160428,9,SARIMA
2021-10-19,2.75604248046875,-0.14931722097771663,10,SARIMA
2021-10-20,-0.478851318359375,0.07824633265073683,10,SARIMA
2021-10-21,2.238006591796875,-0.24612755451046842,10,SARIMA
2021-10-22,-3.098052978515625,0.2985641137603681,10,SARIMA
2021-10-25,3.743133544921875,0.5056872430079713,10,SARIMA
2021-10-26,1.1630554199219318,0.22150330260260828,10,SARIMA
2021-10-27,0.8600769042968182,-0.07300143352418469,10,SARIMA
2021-10-28,4.1243896484375,-0.13568080673195493,10,SARIMA
2021-10-29,1.84710693359375,0.2635117392203465,10,SARIMA
2021-11-01,1.29010009765625,0.4540489694609543,10,SARIMA
2021-11-02,1.583282470703125,0.21205388623276303,10,SARIMA
2021-11-03,4.036407470703125,-0.031572027198594727,10,SARIMA
2021-11-04,4.92584228515625,-0.08427714463855968,10,SARIMA
2021-11-05,0.3714599609375,0.24834947456621562,10,SARIMA
2021-11-08,-0.5279235839843182,0.40699362643376574,10,SARIMA
2021-11-09,-2.677825927734432,0.2054595130047544,10,SARIMA
2021-11-10,-5.678375244140625,0.00254830831131923,10,SARIMA
2021-11-11,1.05560302734375,-0.04134643757909441,10,SARIMA
2021-11-12,4.016876220703125,0.23568525989815475,10,SARIMA
2021-11-15,-0.0880126953125,0.36781409049652425,10,SARIMA
2021-11-16,2.746368408203182,0.41466949086663,11,SARIMA
2021-11-17,0.20523071289056816,0.06792364175200696,11,SARIMA
2021-11-18,4.026641845703125,-0.35030991767605496,11,SARIMA
2021-11-19,2.18927001953125,0.12839625452017278,11,SARIMA
2021-11-22,-4.583770751953125,0.2875780125900879,11,SARIMA
2021-11-23,-1.77874755859375,0.16887551088613403,11,SARIMA
2021-11-24,1.2509765625,0.13406344841994045,11,SARIMA
2021-11-26,-7.38873291015625,-0.28018205965339615,11,SARIMA
2021-11-29,8.297698974609375,0.14251950313183162,11,SARIMA
2021-11-30,-5.73699951171875,0.2693934098660488,11,SARIMA
2021-12-01,-6.548187255859375,0.17204127429302574,11,SARIMA
2021-12-02,2.726837158203125,0.1422892370425389,11,SARIMA
2021-12-03,-6.626495361328125,-0.20429740910512173,11,SARIMA
2021-12-06,3.000457763671932,0.14949903477805385,11,SARIMA
2021-12-07,11.366485595703068,0.25572614081566064,11,SARIMA
2021-12-08,1.7396240234375,0.17422476455748825,11,SARIMA
2021-12-09,-5.7467041015625,0.14932025536144722,11,SARIMA
2021-12-10,4.183013916015625,-0.140816692615156,11,SARIMA
2021-12-13,-5.619720458984375,0.1553554034082759,11,SARIMA
2021-12-14,-3.968017578125,0.24428074827610122,11,SARIMA
2021-12-15,8.649505615234375,0.7790844307514687,12,SARIMA
2021-12-16,-9.978607177734375,0.036284980767944654,12,SARIMA
2021-12-17,-1.88641357421875,0.07526469460141066,12,SARIMA
2021-12-20,-3.6490478515625,-0.047729473196981356,12,SARIMA
2021-12-21,8.3375244140625,0.35362498752439453,12,SARIMA
2021-12-22,4.6385498046875,0.3074083938652422,12,SARIMA
2021-12-23,2.906463623046932,0.2577685721907397,12,SARIMA
2021-12-27,6.419464111328068,0.04900259483857715,12,SARIMA
2021-12-28,-1.82989501953125,0.004791847917809358,12,SARIMA
2021-12-29,-0.058746337890625,0.32218026216544093,12,SARIMA
2021-12-30,-1.174285888671875,0.2885557434599631,12,SARIMA
2021-12-31,-2.44647216796875,0.24558905500892403,12,SARIMA
2022-01-03,3.747894287109432,0.07145127030341368,12,SARIMA
2022-01-04,-5.098388671875,0.034366610848532625,12,SARIMA
2022-01-05,-11.919250488281307,0.2997746703653699,12,SARIMA
2022-01-06,-0.264190673828125,0.27165085962062124,12,SARIMA
2022-01-07,-4.070953369140568,0.23572845841096524,12,SARIMA
2022-01-10,0.24468994140619316,0.09012802717248711,12,SARIMA
2022-01-11,5.587707519531307,0.059121127292919656,12,SARIMA
2022-01-12,1.4972839355468182,0.2810333573847944,12,SARIMA
2022-01-13,-9.482574462890625,-0.3458203971003521,13,SARIMA
2022-01-14,2.2996826171875,0.835386885056106,13,SARIMA
2022-01-18,-9.25738525390625,-0.288021967956575,13,SARIMA
2022-01-19,-3.982879638671875,0.5329228407862563,13,SARIMA
2022-01-20,-4.658111572265625,0.6572931844502438,13,SARIMA
2022-01-21,-9.81524658203125,-0.05171214346323313,13,SARIMA
2022-01-24,1.57550048828125,0.8788139975528474,13,SARIMA
2022-01-25,-8.014617919921875,-0.19153429002515313,13,SARIMA
2022-01-26,-0.52838134765625,0.2150525134085619,13,SARIMA
2022-01-27,-3.395751953125,0.5038279639397691,13,SARIMA
2022-01-28,10.470916748046875,0.021276502738485636,13,SARIMA
2022-01-31,11.009124755859375,0.7115767835498693,13,SARIMA
2022-02-01,2.41705322265625,-0.09328715823000444,13,SARIMA
2022-02-02,2.90643310546875,0.19427164804340774,13,SARIMA
2022-02-03,-14.620208740234375,0.4196621493839843,13,SARIMA
2022-02-04,4.364654541015625,0.06614168692799365,13,SARIMA
2022-02-07,-2.818359375,0.5757213613341594,13,SARIMA
2022-02-08,3.904571533203125,-0.019102981210782514,13,SARIMA
2022-02-09,7.447021484375,0.19229868535197164,13,SARIMA
2022-02-10,-8.122344970703125,0.3593760882796652,13,SARIMA
2022-02-11,-11.126495361328125,2.778245694489509,14,SARIMA
2022-02-14,0.42083740234375,-1.3072941264359421,14,SARIMA
2022-02-15,8.45501708984375,0.4301171194073688,14,SARIMA
2022-02-16,-0.088134765625,0.147118412483133,14,SARIMA
2022-02-17,-10.363250732421875,1.4221067562485086,14,SARIMA
2022-02-18,-3.85565185546875,0.3397482893489996,14,SARIMA
2022-02-22,-3.356536865234375,-0.18917853958098985,14,SARIMA
2022-02-23,-8.474517822265625,0.5249525254591682,14,SARIMA
2022-02-24,10.8328857421875,-0.3292135173387703,14,SARIMA
2022-02-25,5.1669921875,1.7533330879052658,14,SARIMA
2022-02-28,1.0079345703125,-0.15179905802163884,14,SARIMA
2022-03-01,-5.196319580078125,0.24695528554292295,14,SARIMA
2022-03-02,5.607391357421875,0.18765473189082982,14,SARIMA
2022-03-03,-4.85382080078125,-0.03903318516725825,14,SARIMA
2022-03-04,-4.85382080078125,1.313619101792172,14,SARIMA
2022-03-07,-12.173675537109375,0.0022797556181466533,14,SARIMA
2022-03-08,-1.4776611328125,0.1728371085788673,14,SARIMA
2022-03-09,11.390777587890625,0.22455699045996314,14,SARIMA
2022-03-10,-3.640350341796875,-0.022629285663877258,14,SARIMA
2022-03-11,-6.722869873046875,1.1082207608958987,14,SARIMA
2022-03-14,-6.096649169921875,0.9026730914180239,15,SARIMA
2022-03-15,9.76629638671875,0.31500309616514194,15,SARIMA
2022-03-16,11.90948486328125,-0.13879402984712258,15,SARIMA
2022-03-17,4.031768798828125,0.4142243894043656,15,SARIMA
2022-03-18,6.899017333984318,-0.09649602657515044,15,SARIMA
2022-03-21,-0.9562072753905682,0.3564778007299853,15,SARIMA
2022-03-22,6.741058349609375,-0.04245645567314621,15,SARIMA
2022-03-23,-5.026458740234375,0.30844120774021433,15,SARIMA
2022-03-24,7.662017822265568,-0.00013374247132469375,15,SARIMA
2022-03-25,-0.2939453125,0.2712119987028657,15,SARIMA
2022-03-28,5.447692871093807,0.03260557495762245,15,SARIMA
2022-03-29,6.153167724609375,0.2424225746547536,15,SARIMA
2022-03-30,-4.0172119140625,0.05792141141499224,15,SARIMA
2022-03-31,-4.458038330078125,0.22016125758481972,15,SARIMA
2022-04-01,-0.676055908203125,0.07749675067198974,15,SARIMA
2022-04-04,7.299468994140625,0.20294781577304608,15,SARIMA
2022-04-05,-8.0343017578125,0.09263327383458289,15,SARIMA
2022-04-06,-7.681640625,0.1896376169442145,15,SARIMA
2022-04-07,0.82305908203125,0.10433750676198739,15,SARIMA
2022-04-08,-4.850128173828125,0.17934557922391733,15,SARIMA
2022-04-11,-8.093017578125,1.1721215493201425,16,SARIMA
2022-04-12,-1.41094970703125,-0.9768828270795754,16,SARIMA
2022-04-13,6.7606201171875,-0.23813335092742616,16,SARIMA
2022-04-14,-7.760009765625,0.006360608015015902,16,SARIMA
2022-04-18,0.25469970703125,0.3005382585070843,16,SARIMA
2022-04-19,7.417144775390625,-0.05427151450200101,16,SARIMA
2022-04-20,-4.94805908203125,0.045711519813107004,16,SARIMA
2022-04-21,-6.917327880859375,0.5244879338782902,16,SARIMA
2022-04-22,-8.5732421875,-0.008793310581621867,16,SARIMA
2022-04-25,4.095550537109375,0.6871524088547268,16,SARIMA
2022-04-26,-12.188720703125,-0.08339903557662617,16,SARIMA
2022-04-27,-0.372344970703125,0.1718844837840536,16,SARIMA
2022-04-28,11.022796630859375,0.4635964480785342,16,SARIMA
2022-04-29,-14.461883544921875,0.04860496710447074,16,SARIMA
2022-05-02,5.12432861328125,0.5384288055913469,16,SARIMA
2022-05-03,0.333160400390625,-0.0014490303313444489,16,SARIMA
2022-05-04,10.562225341796875,0.17889467615308977,16,SARIMA
2022-05-05,-16.2646484375,0.35421153663214155,16,SARIMA
2022-05-06,-3.67425537109375,0.09232955097416823,16,SARIMA
2022-05-09,-11.85552978515625,0.39582284933237283,16,SARIMA
2022-05-10,3.53704833984375,1.0699452364000297,17,SARIMA
2022-05-11,-8.739776611328125,0.9346505899499845,17,SARIMA
2022-05-12,-0.6760864257813068,-0.7248039358218277,17,SARIMA
2022-05-13,10.572021484375057,2.0027385706823035,17,SARIMA
2022-05-16,-3.42926025390625,-0.3246786052662781,17,SARIMA
2022-05-17,7.5738525390625,1.2372202078758252,17,SARIMA
2022-05-18,-14.7264404296875,-0.8072455792560622,17,SARIMA
2022-05-19,-1.528472900390625,1.0225206449358437,17,SARIMA
2022-05-20,-0.881866455078125,0.23681607054943676,17,SARIMA
2022-05-23,4.703125,0.9997419949403956,17,SARIMA
2022-05-24,-6.114013671875057,-0.05174939228828855,17,SARIMA
2022-05-25,3.938842773437557,0.31318852564864375,17,SARIMA
2022-05-26,7.906951904296875,0.03195645417110307,17,SARIMA
2022-05-27,9.572662353515568,0.9354286994120823,17,SARIMA
2022-05-31,-0.8035278320311932,0.20995976684706052,17,SARIMA
2022-06-01,-2.23382568359375,0.5297682039878306,17,SARIMA
2022-06-02,8.210662841796875,-0.19770501006833446,17,SARIMA
2022-06-03,-8.014739990234375,0.4671953341678064,17,SARIMA
2022-06-06,0.99945068359375,0.4212180588867918,17,SARIMA
2022-06-07,2.596374511718693,0.5123183396395606,17,SARIMA
2022-06-08,-2.184906005859318,-0.75795176524285,18,SARIMA
2022-06-09,-8.073516845703125,1.277944313741823,18,SARIMA
2022-06-10,-10.3466796875,-1.1866705711877656,18,SARIMA
2022-06-13,-13.15869140625,2.339598074778876,18,SARIMA
2022-06-14,0.489837646484375,-2.3749138360002107,18,SARIMA
2022-06-15,6.750823974609375,2.1434756144657405,18,SARIMA
2022-06-16,-11.179443359375,-1.4235105208344845,18,SARIMA
2022-06-17,3.233245849609375,0.5186077889605514,18,SARIMA
2022-06-21,6.790283203125,-0.5091402355582315,18,SARIMA
2022-06-22,-0.40240478515625,-0.3716742556472624,18,SARIMA
2022-06-23,4.103424072265568,0.9091875230978053,18,SARIMA
2022-06-24,9.581207275390682,-1.3766327293161915,18,SARIMA
2022-06-27,-2.120452880859375,1.8056937134971733,18,SARIMA
2022-06-28,-8.74676513671875,-1.3592749963573552,18,SARIMA
2022-06-29,0.25518798828125,1.049112407835869,18,SARIMA
2022-06-30,-3.455413818359375,-0.6469308690366483,18,SARIMA
2022-07-01,1.8160400390625,0.30756869600484726,18,SARIMA
2022-07-05,4.741546630859375,0.009493789326454961,18,SARIMA
2022-07-06,1.806243896484375,-0.6761708817182204,18,SARIMA
2022-07-07,6.066864013671875,0.8013061586006368,18,SARIMA
2022-07-08,0.363189697265625,-0.8637823802588358,19,SARIMA
2022-07-11,-6.19439697265625,0.2236530301565118,19,SARIMA
2022-07-12,-2.748779296875,0.5338343686500008,19,SARIMA
2022-07-13,-0.579193115234375,0.7222217157156235,19,SARIMA
2022-07-14,1.00140380859375,-0.006611431569033571,19,SARIMA
2022-07-15,5.104705810546875,0.08723310255782638,19,SARIMA
2022-07-18,-2.42474365234375,0.04610128217922449,19,SARIMA
2022-07-19,8.736907958984375,0.11168437824391593,19,SARIMA
2022-07-20,4.643402099609375,0.4115295150794389,19,SARIMA
2022-07-21,4.2703857421875,-0.3278730671398288,19,SARIMA
2022-07-22,-5.291351318359375,0.15957773845318618,19,SARIMA
2022-07-25,-1.68841552734375,0.06577593559369638,19,SARIMA
2022-07-26,-5.7919921875,0.08971986273410426,19,SARIMA
2022-07-27,12.212158203125,0.2747723618594442,19,SARIMA
2022-07-28,2.945037841796875,-0.16531512827635253,19,SARIMA
2022-07-29,5.5465087890625,0.14857466025935906,19,SARIMA
2022-08-01,-0.18658447265625,0.0895898276307816,19,SARIMA
2022-08-02,-0.922698974609375,0.101260965942565,19,SARIMA
2022-08-03,8.403228759765625,0.20418539173278094,19,SARIMA
2022-08-04,1.4822998046875,-0.03896958217092013,19,SARIMA
2022-08-05,-2.60150146484375,1.2896616148439315,20,SARIMA
2022-08-08,-1.020965576171875,-0.5858740452807463,20,SARIMA
2022-08-09,-3.5634765625,0.7554412092299618,20,SARIMA
2022-08-10,8.687957763671875,-0.4734748970041941,20,SARIMA
2022-08-11,-1.816131591796875,-0.2449404947233127,20,SARIMA
2022-08-12,6.19439697265625,0.6167752285276803,20,SARIMA
2022-08-15,2.621063232421875,-0.4419920544556213,20,SARIMA
2022-08-16,-0.765716552734375,0.9296627193582772,20,SARIMA
2022-08-17,-3.720550537109375,-0.7087222234622479,20,SARIMA
2022-08-18,0.775543212890625,0.5891066466847494,20,SARIMA
2022-08-19,-6.302398681640625,-0.13053067027670973,20,SARIMA
2022-08-22,-8.3443603515625,0.2550891001191719,20,SARIMA
2022-08-23,-0.25518798828125,0.35572003728867424,20,SARIMA
2022-08-24,0.893310546875,-0.244566321671573,20,SARIMA
2022-08-25,5.4678955078125,0.5535004577885505,20,SARIMA
2022-08-26,-12.89923095703125,-0.2569332353499776,20,SARIMA
2022-08-29,-2.97442626953125,0.5659428347473336,20,SARIMA
2022-08-30,-3.327972412109375,-0.08026993861559545,20,SARIMA
2022-08-31,-1.71795654296875,0.2719146321784188,20,SARIMA
2022-09-01,0.127685546875,0.16406397909300194,20,SARIMA
2022-09-02,-4.152557373046875,-0.19255719046724631,21,SARIMA
2022-09-06,-2.081207275390625,1.9938308177368191,21,SARIMA
2022-09-07,5.811584472656193,-0.6731649452811698,21,SARIMA
2022-09-08,1.5216064453125568,0.8410594579199844,21,SARIMA
2022-09-09,6.449676513671875,-1.1312642453270865,21,SARIMA
2022-09-12,3.5831298828125,1.3423714285898258,21,SARIMA
2022-09-13,-16.727813720703125,0.2825335103784373,21,SARIMA
2022-09-14,2.2872314453125,0.5205829517868946,21,SARIMA
2022-09-15,-4.839691162109375,0.034760945436896507,21,SARIMA
2022-09-16,-1.747314453125,-0.5674697582485968,21,SARIMA
2022-09-19,2.211700439453125,1.1583366400507442,21,SARIMA
2022-09-20,-2.28155517578125,-0.13709101919763536,21,SARIMA
2022-09-21,-5.084442138671875,1.0452818362448881,21,SARIMA
2022-09-22,-3.432220458984375,-0.6714709454039434,21,SARIMA
2022-09-23,-4.484527587890625,0.35935848702034634,21,SARIMA
2022-09-26,-1.12115478515625,0.22386765518488927,21,SARIMA
2022-09-27,0.1082763671875,0.5069339552978057,21,SARIMA
2022-09-28,5.369598388671818,0.435265788799863,21,SARIMA
2022-09-29,-7.936462402343693,-0.2704277961818121,21,SARIMA
2022-09-30,-4.533660888671875,0.290614526456645,21,SARIMA
2022-10-03,6.166229248046875,1.3748111031305692,22,SARIMA
2022-10-04,8.4576416015625,0.45699707537656986,22,SARIMA
2022-10-05,-0.14752197265625,0.46062112439890784,22,SARIMA
2022-10-06,-2.183258056640625,0.07216911655156574,22,SARIMA
2022-10-07,-10.48358154296875,0.4644965679761915,22,SARIMA
2022-10-10,-2.64544677734375,-0.0010675629185763896,22,SARIMA
2022-10-11,-3.599395751953125,1.0649373130909103,22,SARIMA
2022-10-12,-0.0885009765625,-0.15534380832069275,22,SARIMA
2022-10-13,6.05804443359375,0.5596316890527967,22,SARIMA
2022-10-14,-7.946319580078125,-0.026263115712929865,22,SARIMA
2022-10-17,8.467529296875,0.3945066202613535,22,SARIMA
2022-10-18,2.094696044921875,0.5550087424460864,22,SARIMA
2022-10-19,-0.973602294921875,0.18719199479664006,22,SARIMA
2022-10-20,-1.357147216796875,0.2159916497635933,22,SARIMA
2022-10-21,6.20550537109375,0.22833278408723703,22,SARIMA
2022-10-24,2.9798583984375,0.1381245759323858,22,SARIMA
2022-10-25,5.6646728515625,0.6514593995450852,22,SARIMA
2022-10-26,-6.176055908203125,0.013604621963938524,22,SARIMA
2022-10-27,-4.976226806640625,0.33639937859268315,22,SARIMA
2022-10-28,8.211791992187443,0.08168577383815198,22,SARIMA
2022-10-31,-3.215881347656193,-0.9226548554522453,23,SARIMA
2022-11-01,-2.792999267578125,0.4684055095570796,23,SARIMA
2022-11-02,-9.27386474609375,0.10565745523508024,23,SARIMA
2022-11-03,-5.10418701171875,0.2876296833601689,23,SARIMA
2022-11-04,4.12066650390625,0.6204644947822074,23,SARIMA
2022-11-07,2.86181640625,-0.38294220321526085,23,SARIMA
2022-11-08,1.91778564453125,0.0330452761511334,23,SARIMA
2022-11-09,-6.1170654296875,0.4734803960038726,23,SARIMA
2022-11-10,19.10845947265625,0.5458322999272056,23,SARIMA
2022-11-11,5.1236572265625,0.05236647029543581,23,SARIMA
2022-11-14,-2.478271484375,-0.22498492888544688,23,SARIMA
2022-11-15,3.884613037109375,0.028159996514032105,23,SARIMA
2022-11-16,-3.884613037109375,0.40203872881755365,23,SARIMA
2022-11-17,-0.61956787109375,0.4495259418333989,23,SARIMA
2022-11-18,0.009857177734375,0.03487399942870684,23,SARIMA
2022-11-21,-2.88153076171875,-0.1295235002009441,23,SARIMA
2022-11-22,3.992828369140625,0.049352706913391026,23,SARIMA
2022-11-23,2.82244873046875,0.3235734079600818,23,SARIMA
2022-11-25,-1.86846923828125,0.3574563593779754,23,SARIMA
2022-11-28,-4.140380859375,0.05361893200752276,23,SARIMA
2022-11-29,-2.10455322265625,0.298995524904954,24,SARIMA
2022-11-30,12.5782470703125,-0.1342970524195413,24,SARIMA
2022-12-01,0.354034423828125,1.189434949776757,24,SARIMA
2022-12-02,-1.150604248046875,-0.31606910179214975,24,SARIMA
2022-12-05,-4.828704833984375,-0.31859657743900244,24,SARIMA
2022-12-06,-5.86138916015625,0.19285547887570667,24,SARIMA
2022-12-07,-1.130950927734375,-0.305583216398738,24,SARIMA
2022-12-08,3.26507568359375,0.8090545897159078,24,SARIMA
2022-12-09,-1.780029296875,-0.10999527650477281,24,SARIMA
2022-12-12,3.481414794921875,0.028707672218692522,24,SARIMA
2022-12-13,3.019195556640625,0.16512641315347296,24,SARIMA
2022-12-14,-2.1046142578125,-0.20927020708939825,24,SARIMA
2022-12-15,-9.460723876953182,0.6059705044481729,24,SARIMA
2022-12-16,-2.596343994140568,-0.04053757942160771,24,SARIMA
2022-12-19,-3.790374755859432,0.07128233287012528,24,SARIMA
2022-12-20,-0.20703125,0.14938498663982933,24,SARIMA
2022-12-21,3.854431152343807,-0.12110946830977617,24,SARIMA
2022-12-22,-6.594940185546875,0.466069334030928,24,SARIMA
2022-12-23,0.591461181640625,0.0025982757056652733,24,SARIMA
2022-12-27,-3.726287841796875,0.08401645332985595,24,SARIMA
2022-12-28,-3.43060302734375,0.34974629057593476,25,SARIMA
2022-12-29,6.25,-0.03282689716010784,25,SARIMA
2022-12-30,-0.157745361328125,0.0030811053789470658,25,SARIMA
2023-01-03,-1.774444580078125,-0.00028918999897781857,25,SARIMA
2023-01-04,1.242095947265625,2.7143133785761865e-05,25,SARIMA
2023-01-05,-4.1009521484375,-2.5476320561427066e-06,25,SARIMA
2023-01-06,7.117492675781193,2.3911863474255573e-07,25,SARIMA
2023-01-09,1.7152709960938068,-2.2443477009672604e-08,25,SARIMA
2023-01-10,2.2574462890625,2.1065261635757322e-09,25,SARIMA
2023-01-11,4.653045654296875,-1.977168010071103e-10,25,SARIMA
2023-01-12,1.47869873046875,1.8557535185857112e-11,25,SARIMA
2023-01-13,1.892730712890625,-1.7417948824791076e-12,25,SARIMA
2023-01-17,0.561859130859375,1.6348342504787682e-13,25,SARIMA
2023-01-18,-3.60797119140625,-1.5344418871724032e-14,25,SARIMA
2023-01-19,-2.691253662109375,1.4402144464612711e-15,25,SARIMA
2023-01-20,7.423095703125,-1.351773351037761e-16,25,SARIMA
2023-01-23,6.1907958984375,1.2687632713764724e-17,25,SARIMA
2023-01-24,-0.58160400390625,-1.1908506981278406e-18,25,SARIMA
2023-01-25,-0.63092041015625,1.1177226021786168e-19,25,SARIMA
2023-01-26,5.530364990234375,-1.0490851769957335e-20,25,SARIMA
2023-01-27,2.878509521484375,-0.5078829390449632,26,SARIMA
2023-01-30,-5.904937744140625,0.046641601454593715,26,SARIMA
2023-01-31,4.288238525390625,-0.004283347242063128,26,SARIMA
2023-02-01,6.2105712890625,0.00039336264244594905,26,SARIMA
2023-02-02,10.646606445312443,-3.612459128985534e-05,26,SARIMA
2023-02-03,-5.461303710937443,3.317514057116918e-06,26,SARIMA
2023-02-06,-2.553253173828125,-3.0466502529702194e-07,26,SARIMA
2023-02-07,6.200714111328125,2.797901562469966e-08,26,SARIMA
2023-02-08,-5.431762695312557,-2.5694623613721364e-09,26,SARIMA
2023-02-09,-2.65185546875,2.359674448546274e-10,26,SARIMA
2023-02-10,-1.9518432617186932,-2.1670150093767954e-11,26,SARIMA
2023-02-13,4.73187255859375,1.9900855619118777e-12,26,SARIMA
2023-02-14,2.218017578124943,-1.827601805521912e-13,26,SARIMA
2023-02-15,2.316680908203182,1.6783842983806624e-14,26,SARIMA
2023-02-16,-5.7176513671875,-1.5413498960985646e-15,26,SARIMA
2023-02-17,-2.109649658203125,1.4155038893626653e-16,26,SARIMA
2023-02-21,-7.028778076171875,-1.2999327835116714e-17,26,SARIMA
2023-02-22,0.2169189453125,1.1937976676342801e-18,26,SARIMA
2023-02-23,2.533538818359375,-1.0963281250582073e-19,26,SARIMA
2023-02-24,-4.899505615234375,1.0068166410271939e-20,26,SARIMA
2023-02-27,2.060302734375,0.4403593659017705,27,SARIMA
2023-02-28,-0.374542236328125,-0.039578762913231834,27,SARIMA
2023-03-01,-2.3265380859375,0.003557272979839935,27,SARIMA
2023-03-02,2.37579345703125,-0.00031972174271441885,27,SARIMA
2023-03-03,5.983795166015625,2.873605521523532e-05,27,SARIMA
2023-03-06,0.335235595703125,-2.5827485560487427e-06,27,SARIMA
2023-03-07,-3.62774658203125,2.3213311826583783e-07,27,SARIMA
2023-03-08,1.458953857421875,-2.086373621993596e-08,27,SARIMA
2023-03-09,-5.08673095703125,1.8751976982300696e-09,27,SARIMA
2023-03-10,-4.051666259765625,-1.685396311753286e-10,27,SARIMA
2023-03-13,2.109619140625,1.5148060017099428e-11,27,SARIMA
2023-03-14,6.58514404296875,-1.3614822856882815e-12,27,SARIMA
2023-03-15,1.537872314453125,1.2236774954354345e-13,27,SARIMA
2023-03-16,7.768096923828125,-1.0998208559710723e-14,27,SARIMA
2023-03-17,-1.429412841796875,9.885005810281042e-16,27,SARIMA
2023-03-20,1.068359375,-8.884477807343928e-17,27,SARIMA
2023-03-21,4.314544677734375,7.985219981063683e-18,27,SARIMA
2023-03-22,-4.16650390625,-7.176982094915184e-19,27,SARIMA
2023-03-23,3.584045410156193,6.450551407836332e-20,27,SARIMA
2023-03-24,1.12548828125,-5.797647662325819e-21,27,SARIMA
2023-03-27,-2.102966308593693,-0.0998633884163397,28,SARIMA
2023-03-28,-1.6192016601563068,0.008860773152534971,28,SARIMA
2023-03-29,5.528961181640682,-0.0007862070585203391,28,SARIMA
2023-03-30,2.92254638671875,6.975932328099e-05,28,SARIMA
2023-03-31,5.1834716796875,-6.189671196516967e-06,28,SARIMA
2023-04-03,-0.770111083984375,5.492029985249605e-07,28,SARIMA
2023-04-04,-1.06634521484375,-4.873020294818513e-08,28,SARIMA
2023-04-05,-3.110046386718807,4.3237795236898865e-09,28,SARIMA
2023-04-06,2.102996826171932,-3.836443978975098e-10,28,SARIMA
2023-04-10,-0.177764892578125,3.404036288893328e-11,28,SARIMA
2023-04-11,-2.014099121093807,-3.0203655050368383e-12,28,SARIMA
2023-04-12,-2.754669189453068,2.6799384641643316e-13,28,SARIMA
2023-04-13,6.05230712890625,-2.3778811404548468e-14,28,SARIMA
2023-04-14,-0.592376708984375,2.109868862191951e-15,28,SARIMA
2023-04-17,0.26654052734375,-1.8720643937634556e-16,28,SARIMA
2023-04-18,0.019744873046875,1.6610629964726652e-17,28,SARIMA
2023-04-19,-0.1480712890625,-1.473843681575506e-18,28,SARIMA
2023-04-20,-2.399169921875,1.3077259576143885e-19,28,SARIMA
2023-04-21,0.325775146484375,-1.1603314527836224e-20,28,SARIMA
2023-04-24,-0.651611328125,1.0295498628589262e-21,28,SARIMA
2023-04-25,-5.884490966796875,0.05747852970467844,29,SARIMA
2023-04-26,1.856170654296875,-0.005070171794769397,29,SARIMA
2023-04-27,8.37255859375,0.0004472390327406504,29,SARIMA
2023-04-28,2.1820068359375,-3.945088263343354e-05,29,SARIMA
2023-05-01,-0.3653564453125,3.479955966767045e-06,29,SARIMA
2023-05-02,-2.774322509765625,-3.06966352138712e-07,29,SARIMA
2023-05-03,-2.063568115234375,2.707745219916904e-08,29,SARIMA
2023-05-04,-1.10577392578125,-2.3884976724320946e-09,29,SARIMA
2023-05-05,6.634857177734375,2.1068899279189225e-10,29,SARIMA
2023-05-08,0.789825439453125,-1.8584841926373716e-11,29,SARIMA
2023-05-09,-2.024017333984375,1.639365895917795e-12,29,SARIMA
2023-05-10,3.4556884765625,-1.4460820013133923e-13,29,SARIMA
2023-05-11,1.0465087890625,1.2755865909677345e-14,29,SARIMA
2023-05-12,-1.155181884765625,-1.1251928656735004e-15,29,SARIMA
2023-05-15,1.73773193359375,9.925308042020398e-17,29,SARIMA
2023-05-16,0.36529541015625,-8.755098146665653e-18,29,SARIMA
2023-05-17,3.909790039062443,7.722857893501218e-19,29,SARIMA
2023-05-18,6.072113037109432,-6.812320438227036e-20,29,SARIMA
2023-05-19,-0.750396728515625,6.009136823835366e-21,29,SARIMA
2023-05-22,1.115692138671875,-5.300649858592391e-22,29,SARIMA
2023-05-23,-4.225738525390625,0.04691480769974349,30,SARIMA
2023-05-24,-1.688385009765625,0.13934544529252846,30,SARIMA
2023-05-25,7.967742919921875,0.13135180384989242,30,SARIMA
2023-05-26,8.569976806640625,0.13204311470933863,30,SARIMA
2023-05-30,1.559967041015625,0.1319833283519172,30,SARIMA
2023-05-31,-1.964752197265625,0.1319884988312824,30,SARIMA
2023-06-01,3.969024658203125,0.13198805167480693,30,SARIMA
2023-06-02,2.6065673828125,0.13198809034605954,30,SARIMA
2023-06-05,0.246826171875,0.13198808700166922,30,SARIMA
2023-06-06,-0.059234619140625,0.13198808729090078,30,SARIMA
2023-06-07,-5.943695068359375,0.1319880872658873,30,SARIMA
2023-06-08,4.275146484375,0.13198808726805053,30,SARIMA
2023-06-09,1.3328857421875,0.13198808726786343,30,SARIMA
2023-06-12,5.9140625,0.1319880872678796,30,SARIMA
2023-06-13,2.73492431640625,0.13198808726787822,30,SARIMA
2023-06-14,2.606536865234375,0.13198808726787833,30,SARIMA
2023-06-15,4.30474853515625,0.13198808726787833,30,SARIMA
2023-06-16,-2.300445556640625,0.13198808726787833,30,SARIMA
2023-06-20,-0.520050048828125,0.13198808726787833,30,SARIMA
2023-06-21,-4.94342041015625,0.13198808726787833,30,SARIMA
2023-06-22,4.221649169921875,0.5672637294228025,31,SARIMA
2023-06-23,-3.5888671875,0.11835117650688784,31,SARIMA
2023-06-26,-4.805023193359375,0.154920588772436,31,SARIMA
2023-06-27,6.080413818359375,0.1519415633369452,31,SARIMA
2023-06-28,0.701934814453125,0.15218424135651132,31,SARIMA
2023-06-29,-0.72174072265625,0.15216447226676846,31,SARIMA
2023-06-30,5.546539306640625,0.1521660827006675,31,SARIMA
2023-07-03,0.860198974609375,0.1521659515111501,31,SARIMA
2023-07-05,-0.009979248046875,0.15216596219813916,31,SARIMA
2023-07-06,-2.7880859375,0.1521659613275533,31,SARIMA
2023-07-07,-1.2061767578125,0.15216596139847316,31,SARIMA
2023-07-10,0.118621826171875,0.1521659613926959,31,SARIMA
2023-07-11,1.78955078125,0.15216596139316652,31,SARIMA
2023-07-12,4.59735107421875,0.15216596139312816,31,SARIMA
2023-07-13,6.258331298828182,0.1521659613931313,31,SARIMA
2023-07-14,-0.07907104492193184,0.15216596139313104,31,SARIMA
2023-07-17,3.499908447265625,0.15216596139313107,31,SARIMA
2023-07-18,3.09454345703125,0.15216596139313104,31,SARIMA
2023-07-19,-0.088958740234375,0.15216596139313107,31,SARIMA
2023-07-20,-8.789337158203068,0.15216596139313104,31,SARIMA
2023-07-21,-1.1172485351563068,0.8785272895893845,32,SARIMA
2023-07-24,0.593231201171875,0.09992751809517143,32,SARIMA
2023-07-25,2.52117919921875,0.1626319144429361,32,SARIMA
2023-07-26,-1.245819091796875,0.15758202685590025,32,SARIMA
2023-07-27,-0.889739990234375,0.15798871866902714,32,SARIMA
2023-07-28,6.782318115234375,0.1579559658150252,32,SARIMA
2023-07-31,0.197784423828125,0.1579586035603907,32,SARIMA
2023-08-01,-0.87994384765625,0.1579583911300293,32,SARIMA
2023-08-02,-8.304931640625,0.15795840823807128,32,SARIMA
2023-08-03,-0.59320068359375,0.1579584068602781,32,SARIMA
2023-08-04,-1.730255126953125,0.15795840697123842,32,SARIMA
2023-08-07,3.1143798828125,0.15795840696230226,32,SARIMA
2023-08-08,-3.153900146484375,0.15795840696302194,32,SARIMA
2023-08-09,-4.043701171875,0.15795840696296398,32,SARIMA
2023-08-10,0.67236328125,0.15795840696296864,32,SARIMA
2023-08-11,-2.323455810546875,0.15795840696296826,32,SARIMA
2023-08-14,4.06353759765625,0.1579584069629683,32,SARIMA
2023-08-15,-3.885589599609375,0.15795840696296828,32,SARIMA
2023-08-16,-3.836029052734375,0.15795840696296828,32,SARIMA
2023-08-17,-3.915252685546875,0.15795840696296828,32,SARIMA
2023-08-18,-0.444854736328125,0.46441124109339427,33,SARIMA
2023-08-21,5.704650878906193,0.11958190571249736,33,SARIMA
2023-08-22,-0.5140991210936932,0.1467317675582777,33,SARIMA
2023-08-23,5.6651611328125,0.1445941449066818,33,SARIMA
2023-08-24,-7.80072021484375,0.1447624489159829,33,SARIMA
2023-08-25,2.768310546874943,0.14474919763445962,33,SARIMA
2023-08-28,2.709014892578182,0.14475024096350886,33,SARIMA
2023-08-29,7.919281005859432,0.14475015881783088,33,SARIMA
2023-08-30,2.066375732421818,0.1447501652855051,33,SARIMA
2023-08-31,1.1171875,0.14475016477627795,33,SARIMA
2023-09-01,-0.39544677734375,0.14475016481637154,33,SARIMA
2023-09-05,0.474609375,0.14475016481321482,33,SARIMA
2023-09-06,-3.292388916015625,0.14475016481346337,33,SARIMA
2023-09-07,-2.649627685546875,0.1447501648134438,33,SARIMA
2023-09-08,0.51409912109375,0.14475016481344533,33,SARIMA
2023-09-11,4.34033203125,0.14475016481344521,33,SARIMA
2023-09-12,-4.1326904296875,0.14475016481344521,33,SARIMA
2023-09-13,1.403961181640625,0.14475016481344521,33,SARIMA
2023-09-14,3.025360107421875,0.14475016481344521,33,SARIMA
2023-09-15,-6.386871337890625,0.14475016481344521,33,SARIMA
2023-09-18,0.382171630859375,0.6779022261276189,34,SARIMA
2023-09-19,-0.7822265625,0.110876546081151,34,SARIMA
2023-09-20,-5.27728271484375,0.15638658528038174,34,SARIMA
2023-09-21,-6.613983154296932,0.15273390473909518,34,SARIMA
2023-09-22,0.04949951171880684,0.15302707247464217,34,SARIMA
2023-09-25,1.68316650390625,0.15300354254362458,34,SARIMA
2023-09-26,-5.3465576171875,0.15300543107904838,34,SARIMA
2023-09-27,0.821868896484375,0.15300527950333637,34,SARIMA
2023-09-28,2.94061279296875,0.15300529166895221,34,SARIMA
2023-09-29,0.25738525390625,0.1530052906925279,34,SARIMA
2023-10-02,2.96044921875,0.1530052907708967,34,SARIMA
2023-10-03,-6.277313232421875,0.15300529076460673,34,SARIMA
2023-10-04,4.7822265625,0.15300529076511157,34,SARIMA
2023-10-05,-1.04949951171875,0.15300529076507105,34,SARIMA
2023-10-06,5.9505615234375,0.1530052907650743,34,SARIMA
2023-10-09,1.8416137695313068,0.15300529076507405,34,SARIMA
2023-10-10,2.009979248046818,0.15300529076507408,34,SARIMA
2023-10-11,2.603973388671875,0.15300529076507408,34,SARIMA
2023-10-12,-1.27728271484375,0.15300529076507408,34,SARIMA
2023-10-13,-4.60400390625,0.15300529076507408,34,SARIMA
2023-10-16,4.089141845703125,0.5265406675135369,35,SARIMA
2023-10-17,-1.198028564453125,0.1178779128168373,35,SARIMA
2023-10-18,-4.782257080078125,0.150429086415508,35,SARIMA
2023-10-19,-3.366302490234375,0.14783629103478585,35,SARIMA
2023-10-20,-5.31695556640625,0.14804281470637992,35,SARIMA
2023-10-23,1.0594482421875,0.14802636449698592,35,SARIMA
2023-10-24,3.425750732421875,0.14802767480387238,35,SARIMA
2023-10-25,-8.703125,0.14802757043412879,35,SARIMA
2023-10-26,-6.613922119140682,0.14802757874748154,35,SARIMA
2023-10-27,1.6336975097656818,0.14802757808529887,35,SARIMA
2023-10-30,3.8515625,0.14802757813804365,35,SARIMA
2023-10-31,1.6534118652343182,0.14802757813384237,35,SARIMA
2023-11-01,6.029846191406307,0.14802757813417702,35,SARIMA
2023-11-02,6.415863037109375,0.14802757813415038,35,SARIMA
2023-11-03,4.22784423828125,0.1480275781341525,35,SARIMA
2023-11-06,1.485137939453125,0.14802757813415232,35,SARIMA
2023-11-07,3.455535888671875,0.14802757813415235,35,SARIMA
2023-11-08,0.23760986328125,0.14802757813415235,35,SARIMA
2023-11-09,-2.841644287109375,0.14802757813415235,35,SARIMA
2023-11-10,8.23779296875,0.14802757813415235,35,SARIMA
2023-11-13,-1.1683349609375,-0.44845356548519155,36,SARIMA
2023-11-14,8.0396728515625,0.19479747285636206,36,SARIMA
2023-11-15,0.28717041015630684,0.1471621799025317,36,SARIMA
2023-11-16,0.32672119140619316,0.1506897624473614,36,SARIMA
2023-11-17,0.089080810546875,0.15042853095619269,36,SARIMA
2023-11-20,4.653564453125,0.1504478761851451,36,SARIMA
2023-11-21,-2.247589111328068,0.15044644359414489,36,SARIMA
2023-11-22,1.5742797851561932,0.1504465496831955,36,SARIMA
2023-11-24,-0.544586181640625,0.15044654182688016,36,SARIMA
2023-11-27,-0.336578369140625,0.1504465424086715,36,SARIMA
2023-11-28,1.0098876953125,0.15044654236558755,36,SARIMA
2023-11-29,-0.37628173828125,0.15044654236877808,36,SARIMA
2023-11-30,-0.9702758789061932,0.15044654236854182,36,SARIMA
2023-12-01,1.0990295410155682,0.1504465423685593,36,SARIMA
2023-12-04,-3.584228515625,0.150446542368558,36,SARIMA
2023-12-05,0.96038818359375,0.15044654236855812,36,SARIMA
2023-12-06,-2.21783447265625,0.1504465423685581,36,SARIMA
2023-12-07,5.326873779296875,0.1504465423685581,36,SARIMA
2023-12-08,1.722747802734375,0.1504465423685581,36,SARIMA
2023-12-11,3.316864013671875,0.1504465423685581,36,SARIMA
2023-12-12,3.118865966796875,-0.07606019978455905,37,SARIMA
2023-12-13,5.0198974609375,0.17912573097861734,37,SARIMA
2023-12-14,-0.3465576171875,0.15993288870963843,37,SARIMA
2023-12-15,1.930694580078125,0.16137640557304953,37,SARIMA
2023-12-18,2.52783203125,0.16126783692512603,37,SARIMA
2023-12-19,2.0635986328125,0.1612760025043518,37,SARIMA
2023-12-20,-6.031951904296875,0.16127538836126937,37,SARIMA
2023-12-21,4.6529541015625,0.16127543455171284,37,SARIMA
2023-12-22,0.605133056640625,0.16127543107767378,37,SARIMA
2023-12-26,2.48028564453125,0.16127543133896044,37,SARIMA
2023-12-27,0.82977294921875,0.16127543131930877,37,SARIMA
2023-12-28,-0.198516845703125,0.16127543132078678,37,SARIMA
2023-12-29,-1.766876220703125,0.16127543132067562,37,SARIMA
2024-01-02,-6.8787841796875,0.16127543132068398,37,SARIMA
2024-01-03,-4.228515625,0.16127543132068337,37,SARIMA
2024-01-04,-2.034820556640625,0.1612754313206834,37,SARIMA
2024-01-05,0.46652221679693184,0.1612754313206834,37,SARIMA
2024-01-08,8.139404296875,0.1612754313206834,37,SARIMA
2024-01-09,0.7940673828124432,0.1612754313206834,37,SARIMA
2024-01-10,2.729736328125057,0.1612754313206834,37,SARIMA
2024-01-11,0.8437194824218182,-0.022069112873667446,38,SARIMA
2024-01-12,0.208404541015625,0.17673295295008176,38,SARIMA
2024-01-16,-0.03973388671875,0.16237065073679507,38,SARIMA
2024-01-17,-2.29290771484375,0.1634082442045041,38,SARIMA
2024-01-18,5.7373046875,0.16333328406313927,38,SARIMA
2024-01-19,8.1295166015625,0.16333869950084998,38,SARIMA
2024-01-22,0.545928955078125,0.16333830826672122,38,SARIMA
2024-01-23,1.737060546875,0.1633383365311297,38,SARIMA
2024-01-24,2.3326416015625,0.16333833448918927,38,SARIMA
2024-01-25,0.51617431640625,0.1633383346367077,38,SARIMA
2024-01-26,-2.521240234375,0.16333833462605032,38,SARIMA
2024-01-29,4.30792236328125,0.16333833462682026,38,SARIMA
2024-01-30,-2.828887939453068,0.16333833462676464,38,SARIMA
2024-01-31,-8.268493652343807,0.16333833462676864,38,SARIMA
2024-02-01,4.873748779296875,0.16333833462676836,38,SARIMA
2024-02-02,7.0772705078125,0.1633383346267684,38,SARIMA
2024-02-05,-0.55584716796875,0.1633383346267684,38,SARIMA
2024-02-06,-0.853668212890625,0.1633383346267684,38,SARIMA
2024-02-07,4.367523193359375,0.1633383346267684,38,SARIMA
2024-02-08,0.79412841796875,0.1633383346267684,38,SARIMA
2024-02-09,4.22845458984375,0.13810715173602653,39,SARIMA
2024-02-12,-1.697357177734375,0.18457472875124908,39,SARIMA
2024-02-13,-6.739837646484375,0.18128331759614236,39,SARIMA
2024-02-14,4.635528564453125,0.18151645622931042,39,SARIMA
2024-02-15,1.280487060546875,0.18149994245460588,39,SARIMA
2024-02-16,-3.910919189453125,0.18150111216531098,39,SARIMA
2024-02-20,-3.2259521484375,0.1815010293118654,39,SARIMA
2024-02-21,-1.697418212890625,0.18150103518057586,39,SARIMA
2024-02-22,12.367950439453125,0.18150103476488086,39,SARIMA
2024-02-23,-1.280487060546875,0.18150103479432556,39,SARIMA
2024-02-26,-0.228271484375,0.18150103479223992,39,SARIMA
2024-02-27,1.042236328125,0.18150103479238766,39,SARIMA
2024-02-28,-2.312774658203125,0.18150103479237717,39,SARIMA
2024-02-29,3.702423095703125,0.18150103479237792,39,SARIMA
2024-03-01,6.5611572265625,0.18150103479237786,39,SARIMA
2024-03-04,-1.578216552734375,0.1815010347923779,39,SARIMA
2024-03-05,-7.911163330078125,0.18150103479237786,39,SARIMA
2024-03-06,2.71978759765625,0.1815010347923779,39,SARIMA
2024-03-07,6.61083984375,0.18150103479237786,39,SARIMA
2024-03-08,-6.382568359375,0.1815010347923779,39,SARIMA
2024-03-11,-1.617919921875,0.6738936694228765,40,SARIMA
2024-03-12,6.223663330078125,0.15147446588613073,40,SARIMA
2024-03-13,-3.384796142578125,0.19015133017168293,40,SARIMA
2024-03-14,-1.101776123046875,0.18728792120655324,40,SARIMA
2024-03-15,-5.181427001953125,0.1874999112696838,40,SARIMA
2024-03-18,4.107879638671875,0.18748421676449317,40,SARIMA
2024-03-19,1.083343505859375,0.18748537869392298,40,SARIMA
2024-03-20,5.16839599609375,0.18748529267145947,40,SARIMA
2024-03-21,2.0872802734375,0.18748529904005987,40,SARIMA
2024-03-22,0.50689697265625,0.1874852985685659,40,SARIMA
2024-03-25,-1.610137939453125,0.18748529860347257,40,SARIMA
2024-03-26,-1.431243896484375,0.1874852986008883,40,SARIMA
2024-03-27,1.5007629394531818,0.18748529860107963,40,SARIMA
2024-03-28,-0.8150024414063068,0.18748529860106544,40,SARIMA
2024-04-01,0.934295654296875,0.1874852986010665,40,SARIMA
2024-04-02,-3.816680908203125,0.1874852986010664,40,SARIMA
2024-04-03,0.9840087890625,0.18748529860106644,40,SARIMA
2024-04-04,-6.71893310546875,0.18748529860106644,40,SARIMA
2024-04-05,5.09881591796875,0.18748529860106644,40,SARIMA
2024-04-08,0.129241943359375,0.18748529860106644,40,SARIMA
2024-04-09,1.620086669921875,0.1932884572836169,41,SARIMA
2024-04-10,-3.836517333984375,0.18857555969020015,41,SARIMA
2024-04-11,6.957427978515682,0.18892236082526748,41,SARIMA
2024-04-12,-7.056884765625057,0.18889684127494838,41,SARIMA
2024-04-15,-7.166168212890625,0.1888987191449512,41,SARIMA
2024-04-16,0.039764404296875,0.18889858096086476,41,SARIMA
2024-04-17,-5.228057861328125,0.18889859112921598,41,SARIMA
2024-04-18,-2.41522216796875,0.18889859038097231,41,SARIMA
2024-04-19,-8.70684814453125,0.18889859043603224,41,SARIMA
2024-04-22,4.144744873046932,0.18889859043198062,41,SARIMA
2024-04-23,6.212005615234318,0.18889859043227877,41,SARIMA
2024-04-24,1.4312744140625,0.18889859043225682,41,SARIMA
2024-04-25,-2.047454833984318,0.18889859043225843,41,SARIMA
2024-04-26,6.510162353515568,0.18889859043225832,41,SARIMA
2024-04-29,1.7393798828125,0.18889859043225832,41,SARIMA
2024-04-30,-8.1104736328125,0.18889859043225832,41,SARIMA
2024-05-01,-3.05133056640625,0.18889859043225832,41,SARIMA
2024-05-02,5.347320556640682,0.18889859043225832,41,SARIMA
2024-05-03,8.527893066406193,0.18889859043225832,41,SARIMA
2024-05-06,4.740997314453125,0.18889859043225832,41,SARIMA
2024-05-07,0.069580078125,-0.13004165176127602,42,SARIMA
2024-05-08,-0.2584228515625,0.2065822279027554,42,SARIMA
2024-05-09,0.954193115234375,0.18331909304671684,42,SARIMA
2024-05-10,1.033660888671875,0.1849267432344289,42,SARIMA
2024-05-13,1.013763427734375,0.184815643026222,42,SARIMA
2024-05-14,2.832733154296875,0.18482332085088682,42,SARIMA
2024-05-15,6.92767333984375,0.18482279025789752,42,SARIMA
2024-05-16,-0.9144287109375,0.18482282692569507,42,SARIMA
2024-05-17,-0.21868896484375,0.18482282439168612,42,SARIMA
2024-05-20,3.130889892578182,0.1848228245668044,42,SARIMA
2024-05-21,0.8845825195311932,0.18482282455470248,42,SARIMA
2024-05-22,-0.0894775390625,0.1848228245555388,42,SARIMA
2024-05-23,-2.0374755859375,0.184822824555481,42,SARIMA
2024-05-24,4.263885498046875,0.184822824555485,42,SARIMA
2024-05-28,1.719512939453125,0.1848228245554847,42,SARIMA
2024-05-29,-3.2203369140625,0.18482282455548474,42,SARIMA
2024-05-30,-4.86029052734375,0.18482282455548474,42,SARIMA
2024-05-31,-0.83489990234375,0.18482282455548474,42,SARIMA
2024-06-03,2.405334472656307,0.18482282455548474,42,SARIMA
2024-06-04,1.232421875,0.18482282455548474,42,SARIMA
2024-06-05,9.104370117187443,0.10789930027240133,43,SARIMA
2024-06-06,-0.159027099609375,0.18854314444606082,43,SARIMA
2024-06-07,-0.40753173828125,0.18854314444606082,43,SARIMA
2024-06-10,1.858642578125,0.18854314444606082,43,SARIMA
2024-06-11,3.170623779296875,0.18854314444606082,43,SARIMA
2024-06-12,6.0927734375,0.18854314444606082,43,SARIMA
2024-06-13,2.554382324218807,0.18854314444606082,43,SARIMA
2024-06-14,2.455017089843693,0.18854314444606082,43,SARIMA
2024-06-17,5.834320068359375,0.18854314444606082,43,SARIMA
2024-06-18,0.149078369140625,0.18854314444606082,43,SARIMA
2024-06-20,-3.717254638671875,0.18854314444606082,43,SARIMA
2024-06-21,-1.28216552734375,0.18854314444606082,43,SARIMA
2024-06-24,-5.4334716796875,0.18854314444606082,43,SARIMA
2024-06-25,5.3956298828125,0.18854314444606082,43,SARIMA
2024-06-26,0.98553466796875,0.18854314444606082,43,SARIMA
2024-06-27,1.23443603515625,0.18854314444606082,43,SARIMA
2024-06-28,-2.48876953125,0.18854314444606082,43,SARIMA
2024-07-01,2.797393798828125,0.18854314444606082,43,SARIMA
2024-07-02,5.0372314453125,0.18854314444606082,43,SARIMA
2024-07-03,4.041778564453125,0.18854314444606082,43,SARIMA
2024-07-05,5.096954345703182,-0.03442069055135841,44,SARIMA
2024-07-08,1.1746826171875,0.22671988530572637,44,SARIMA
2024-07-09,0.42807006835931816,0.20998998666908703,44,SARIMA
2024-07-10,5.166717529296875,0.21106178298979897,44,SARIMA
2024-07-11,-10.980438232421875,0.21099311865548104,44,SARIMA
2024-07-12,2.87701416015625,0.2109975176170339,44,SARIMA
2024-07-15,1.324005126953125,0.21099723579878085,44,SARIMA
2024-07-16,0.18914794921880684,0.21099725385338916,44,SARIMA
2024-07-17,-14.5045166015625,0.21099725269672567,44,SARIMA
2024-07-18,-2.269744873046932,0.210997252770827,44,SARIMA
2024-07-19,-4.23089599609375,0.21099725276607972,44,SARIMA
2024-07-22,7.048187255859375,0.21099725276638387,44,SARIMA
2024-07-23,-1.692352294921875,0.21099725276636438,44,SARIMA
2024-07-24,-17.1624755859375,0.21099725276636563,44,SARIMA
2024-07-25,-5.087066650390625,0.21099725276636555,44,SARIMA
2024-07-26,4.67889404296875,0.21099725276636555,44,SARIMA
2024-07-29,0.925811767578125,0.21099725276636555,44,SARIMA
2024-07-30,-6.34136962890625,0.21099725276636555,44,SARIMA
2024-07-31,13.4791259765625,0.21099725276636555,44,SARIMA
2024-08-01,-11.35870361328125,0.21099725276636555,44,SARIMA
2024-08-02,-10.8609619140625,0.9302284263814116,45,SARIMA
2024-08-05,-13.31982421875,0.1900090779810832,45,SARIMA
2024-08-06,4.141265869140625,0.1900090779810832,45,SARIMA
2024-08-07,-4.738616943359375,0.1900090779810832,45,SARIMA
2024-08-08,13.240264892578125,0.1900090779810832,45,SARIMA
2024-08-09,2.3294677734375,0.1900090779810832,45,SARIMA
2024-08-12,0.96563720703125,0.1900090779810832,45,SARIMA
2024-08-13,11.149627685546875,0.1900090779810832,45,SARIMA
2024-08-14,0.149383544921875,0.1900090779810832,45,SARIMA
2024-08-15,11.637420654296875,0.1900090779810832,45,SARIMA
2024-08-16,0.60723876953125,0.1900090779810832,45,SARIMA
2024-08-19,6.211944580078125,0.1900090779810832,45,SARIMA
2024-08-20,-1.00543212890625,0.1900090779810832,45,SARIMA
2024-08-21,2.229888916015625,0.1900090779810832,45,SARIMA
2024-08-22,-7.6156005859375,0.1900090779810832,45,SARIMA
2024-08-23,5.1268310546875,0.1900090779810832,45,SARIMA
2024-08-26,-4.6390380859375,0.1900090779810832,45,SARIMA
2024-08-27,1.41363525390625,0.1900090779810832,45,SARIMA
2024-08-28,-5.38568115234375,0.1900090779810832,45,SARIMA
2024-08-29,-0.6868896484375,0.1900090779810832,45,SARIMA
2024-08-30,5.58477783203125,0.2517360538747675,46,SARIMA
2024-09-03,-14.394989013671818,0.1920455645056077,46,SARIMA
2024-09-04,-1.1946411132813068,0.19584149137225174,46,SARIMA
2024-09-05,0.4281005859375,0.19560009511416787,46,SARIMA
2024-09-06,-12.29449462890625,0.19561544634601824,46,SARIMA
2024-09-09,5.74407958984375,0.19561447010752475,46,SARIMA
2024-09-10,4.181121826171875,0.19561453218994299,46,SARIMA
2024-09-11,9.91522216796875,0.195614528241905,46,SARIMA
2024-09-12,4.579315185546875,0.19561452849297456,46,SARIMA
2024-09-13,2.110443115234375,0.19561452847700816,46,SARIMA
2024-09-16,-2.090545654296875,0.19561452847802352,46,SARIMA
2024-09-17,0.248870849609375,0.19561452847795893,46,SARIMA
2024-09-18,-2.040771484375,0.19561452847796304,46,SARIMA
2024-09-19,11.866424560546932,0.1956145284779628,46,SARIMA
2024-09-20,-0.9158935546875,0.19561452847796282,46,SARIMA
2024-09-23,1.2730712890625,0.1956145284779628,46,SARIMA
2024-09-24,2.32275390625,0.19561452847796282,46,SARIMA
2024-09-25,0.4486083984375,0.1956145284779628,46,SARIMA
2024-09-26,3.638702392578068,0.19561452847796282,46,SARIMA
2024-09-27,-2.711578369140568,0.1956145284779628,46,SARIMA
2024-09-30,1.3159484863280682,0.08989994737966223,47,SARIMA
2024-10-01,-6.77899169921875,0.5309183367117944,47,SARIMA
2024-10-02,0.67791748046875,-0.11125663022630843,47,SARIMA
2024-10-03,-0.35888671875,-0.5400088201743961,47,SARIMA
2024-10-04,5.712249755859375,0.5666093756954556,47,SARIMA
2024-10-07,-5.203826904296875,-0.06992009739057829,47,SARIMA
2024-10-08,7.177703857421932,0.31009905959709855,47,SARIMA
2024-10-09,3.838073730468693,-0.026994608691565072,47,SARIMA
2024-10-10,-0.558258056640625,-0.5223406136686355,47,SARIMA
2024-10-11,0.767608642578125,0.6402444664210283,47,SARIMA
2024-10-14,4.127166748046875,0.024411774814698868,47,SARIMA
2024-10-15,-6.62939453125,0.2607203715029334,47,SARIMA
2024-10-16,0.059814453125,0.06670188696970594,47,SARIMA
2024-10-17,0.33892822265625,-0.2504011753304901,47,SARIMA
2024-10-18,3.210052490234375,0.4876094344266184,47,SARIMA
2024-10-21,0.9470825195313068,0.09980676051973118,47,SARIMA
2024-10-22,0.5382995605468182,0.24017731321651514,47,SARIMA
2024-10-23,-7.576507568359375,0.12648656803199468,47,SARIMA
2024-10-24,3.947784423828125,-0.06278454403357449,47,SARIMA
2024-10-25,2.99072265625,0.3771107042073743,47,SARIMA
2024-10-28,0.079742431640625,-0.08194246375286399,48,SARIMA
2024-10-29,4.745269775390625,0.5768259782082387,48,SARIMA
2024-10-30,-3.768310546875,-0.00482265475999491,48,SARIMA
2024-10-31,-12.491180419921818,0.010108534505781752,48,SARIMA
2024-11-01,3.568878173828068,0.007017789991810255,48,SARIMA
2024-11-04,-1.41558837890625,0.08229556793710714,48,SARIMA
2024-11-05,6.180816650390682,0.4435350395429162,48,SARIMA
2024-11-06,13.328552246093693,0.5081494548642014,48,SARIMA
2024-11-07,7.935333251953125,-0.14012685806012362,48,SARIMA
2024-11-08,0.598236083984375,-0.08759144365486676,48,SARIMA
2024-11-11,-0.299072265625,0.14047127131176826,48,SARIMA
2024-11-12,-0.92718505859375,0.35501148537337424,48,SARIMA
2024-11-13,-0.657928466796875,0.4333413866575626,48,SARIMA
2024-11-14,-3.5489501953125,-0.020052851593241147,48,SARIMA
2024-11-15,-12.082489013671875,0.01679702011801726,48,SARIMA
2024-11-18,3.439300537109375,0.17170046802328964,48,SARIMA
2024-11-19,3.429351806640625,0.3008297371409308,48,SARIMA
2024-11-20,-0.289093017578125,0.3518185139773832,48,SARIMA
2024-11-21,1.8044128417969318,0.07234870649213689,48,SARIMA
2024-11-22,0.8074645996093182,0.09507154655875016,48,SARIMA
2024-11-25,0.7975158691406818,0.22484096417911564,49,SARIMA
2024-11-26,2.711578369140568,-0.041493402337773364,49,SARIMA
2024-11-27,-3.997589111328125,-0.049542867370728064,49,SARIMA
2024-11-29,4.426239013671875,0.37899022750032274,49,SARIMA
2024-12-02,5.532806396484375,0.7800921640645223,49,SARIMA
2024-12-03,1.57513427734375,0.07454642213324371,49,SARIMA
2024-12-04,6.3702392578125,-0.1350524653701437,49,SARIMA
2024-12-05,-1.44549560546875,0.0697415020449669,49,SARIMA
2024-12-06,4.655517578125,0.24458603678845564,49,SARIMA
2024-12-09,-4.0872802734375,0.574370204676869,49,SARIMA
2024-12-10,-1.7745361328125,0.12550641355752057,49,SARIMA
2024-12-11,9.2911376953125,-0.0026011200484512137,49,SARIMA
2024-12-12,-3.409423828125,0.1376385999538154,49,SARIMA
2024-12-13,4.017578125,0.23291306826828728,49,SARIMA
2024-12-16,7.6163330078125,0.4354865034938156,49,SARIMA
2024-12-17,-2.36273193359375,0.1687324400040152,49,SARIMA
2024-12-18,-19.2701416015625,0.0930622129485137,49,SARIMA
2024-12-19,-2.2928466796875,0.1772834759023599,49,SARIMA
2024-12-20,4.47613525390625,0.2324947399956665,49,SARIMA
2024-12-23,5.0374755859375,0.3522429518928003,49,SARIMA
2024-12-24,7.0794677734375,0.031098872805621347,50,SARIMA
2024-12-26,-0.3594970703125,-0.6149779042907725,50,SARIMA
2024-12-27,-7.029541015625,0.653571143796782,50,SARIMA
2024-12-30,-6.93963623046875,-0.36414724358967543,50,SARIMA
2024-12-31,-4.373443603515625,-0.12548293772783428,50,SARIMA
2025-01-02,-0.99853515625,0.4103531882704987,50,SARIMA
2025-01-03,8.337554931640625,0.753371866420714,50,SARIMA
2025-01-06,5.95111083984375,0.6713051510287517,50,SARIMA
2025-01-07,-9.3460693359375,-0.4164848538998187,50,SARIMA
2025-01-08,0.08990478515625,-0.2829632042248452,50,SARIMA
2025-01-10,-8.067962646484375,0.37138045619814786,50,SARIMA
2025-01-13,-1.6275939941405682,0.6454863549718062,50,SARIMA
2025-01-14,-0.47927856445318184,0.516878140480941,50,SARIMA
2025-01-15,11.602691650390625,-0.17886700879461362,50,SARIMA
2025-01-16,-3.61456298828125,-0.0999028338701686,50,SARIMA
2025-01-17,8.64703369140625,0.32293244083178707,50,SARIMA
2025-01-21,3.05548095703125,0.4933511129926339,50,SARIMA
2025-01-22,6.70001220703125,0.40892934814789006,50,SARIMA
2025-01-23,1.1282958984375,-0.01134816089777152,50,SARIMA
2025-01-24,-3.0054931640625,0.03578227582224641,50,SARIMA
2025-01-27,-15.39703369140625,0.7410181130475972,51,SARIMA
2025-01-28,7.58868408203125,0.1441327033056931,51,SARIMA
2025-01-29,-0.978515625,0.27223945106151554,51,SARIMA
2025-01-30,2.21661376953125,-0.11301769855496863,51,SARIMA
2025-01-31,-0.75885009765625,0.5580468643357243,51,SARIMA
2025-02-03,-4.17376708984375,-0.041655119492381265,51,SARIMA
2025-02-04,6.35052490234375,0.013463210278861076,51,SARIMA
2025-02-05,2.37646484375,-0.12912360951306953,51,SARIMA
2025-02-06,2.74591064453125,-0.03939179278602953,51,SARIMA
2025-02-07,-6.6700439453125,0.6416383925623038,51,SARIMA
2025-02-10,6.320556640625,0.02985882846854146,51,SARIMA
2025-02-11,-1.25811767578125,0.10136147029862468,51,SARIMA
2025-02-12,0.30950927734375,0.00203043125592825,51,SARIMA
2025-02-13,7.5887451171875,0.08296566882904895,51,SARIMA
2025-02-14,2.24664306640625,0.4798020327386481,51,SARIMA
2025-02-18,1.2181396484375,0.12312899069338115,51,SARIMA
2025-02-19,0.14984130859375,0.16572124910716937,51,SARIMA
2025-02-20,-2.28668212890625,0.11054511533254054,51,SARIMA
2025-02-21,-11.13336181640625,0.15710242908389724,51,SARIMA
2025-02-24,-6.20074462890625,0.37079941948575335,51,SARIMA
2025-02-25,-6.54022216796875,0.73995002976735,52,SARIMA
2025-02-26,1.2381591796875,-0.25755074182791976,52,SARIMA
2025-02-27,-14.268768310546875,0.12026985856173389,52,SARIMA
2025-02-28,7.888275146484375,-0.2851386971338753,52,SARIMA
2025-03-03,-11.103485107421875,0.7031225537525383,52,SARIMA
2025-03-04,-1.49774169921875,0.3004275583416224,52,SARIMA
2025-03-05,6.45037841796875,-0.07703020127602962,52,SARIMA
2025-03-06,-13.7894287109375,0.2919365267477333,52,SARIMA
2025-03-07,3.58465576171875,0.4895730645541248,52,SARIMA
2025-03-10,-19.0316162109375,0.8856616240818154,52,SARIMA
2025-03-11,-1.1283264160155682,0.2524501202972294,52,SARIMA
2025-03-12,5.312103271484318,0.054431842473842376,52,SARIMA
2025-03-13,-8.5672607421875,0.2794774257876743,52,SARIMA
2025-03-14,11.30316162109375,0.43206055396028875,52,SARIMA
2025-03-17,3.1053466796875,0.6429350281121716,52,SARIMA
2025-03-18,-8.21771240234375,0.2437654517357638,52,SARIMA
2025-03-19,6.340545654296875,0.13219540633050136,52,SARIMA
2025-03-20,-1.627593994140625,0.2621567739142594,52,SARIMA
2025-03-21,1.57763671875,0.35304064915791256,52,SARIMA
2025-03-24,10.5360107421875,0.47216400414623344,52,SARIMA
2025-03-25,2.79998779296875,-0.47992407012881677,53,SARIMA
2025-03-26,-9.079986572265625,0.2545458341176445,53,SARIMA
2025-03-27,-2.760009765625,0.20557622332794728,53,SARIMA
2025-03-28,-12.679992675781193,0.20884119411440136,53,SARIMA
2025-03-31,-0.019989013671931843,0.20862350738860364,53,SARIMA
2025-04-01,3.779998779296932,0.20863802130425185,53,SARIMA
2025-04-02,3.449981689453068,0.20863705361204798,53,SARIMA
2025-04-03,-25.489990234375,0.20863711813138405,53,SARIMA
2025-04-04,-27.989990234375,0.2086371138296601,53,SARIMA
2025-04-07,1.0199890136719318,0.2086371141164707,53,SARIMA
2025-04-08,-7.630004882812557,0.20863711409734806,53,SARIMA
2025-04-09,49.94000244140625,0.20863711409862304,53,SARIMA
2025-04-10,-19.820007324218693,0.20863711409853802,53,SARIMA
2025-04-11,8.220001220703068,0.20863711409854369,53,SARIMA
2025-04-14,3.08001708984375,0.20863711409854332,53,SARIMA
2025-04-15,0.509979248046875,0.20863711409854332,53,SARIMA
2025-04-16,-13.809997558593693,0.20863711409854332,53,SARIMA
2025-04-17,-0.07998657226568184,0.20863711409854332,53,SARIMA
2025-04-21,-10.990020751953125,0.20863711409854332,53,SARIMA
2025-04-22,11.370025634765625,0.20863711409854332,53,SARIMA
