Horizon,Model,Block,n_obs,RMSE,MAE,MDA
1,ARIMA,1,21,0.00995,0.00746,0.52381
1,ARIMA,2,20,0.01076,0.00822,0.45
1,ARIMA,3,20,0.009,0.00724,0.5
1,ARIMA,4,22,0.01205,0.01026,0.40909
1,ARIMA,5,22,0.00795,0.00581,0.45455
1,ARIMA,6,19,0.00813,0.00649,0.52632
1,ARIMA,7,22,0.01575,0.01202,0.45455
1,ARIMA,8,22,0.0164,0.01279,0.72727
1,ARIMA,9,20,0.01133,0.00808,0.6
1,ARIMA,10,23,0.00931,0.00678,0.65217
1,ARIMA,11,20,0.01084,0.00754,0.4
1,ARIMA,12,21,0.01272,0.01,0.47619
1,ARIMAX,1,21,0.01001,0.00759,0.47619
1,ARIMAX,2,20,0.01097,0.00828,0.5
1,ARIMAX,3,20,0.00901,0.00711,0.55
1,ARIMAX,4,22,0.01206,0.01025,0.5
1,ARIMAX,5,22,0.00799,0.00578,0.40909
1,ARIMAX,6,19,0.00839,0.00661,0.47368
1,ARIMAX,7,22,0.01574,0.01216,0.5
1,ARIMAX,8,22,0.01652,0.01275,0.45455
1,ARIMAX,9,20,0.01137,0.00832,0.6
1,ARIMAX,10,23,0.00926,0.0066,0.73913
1,ARIMAX,11,20,0.01136,0.00795,0.5
1,ARIMAX,12,21,0.01371,0.01122,0.47619
1,LSTM,1,21,0.00975,0.00751,0.47619
1,LSTM,2,20,0.01075,0.00829,0.2
1,LSTM,3,20,0.00896,0.00716,0.6
1,LSTM,4,22,0.01223,0.0102,0.54545
1,LSTM,5,22,0.00767,0.00596,0.59091
1,LSTM,6,19,0.00772,0.006,0.68421
1,LSTM,7,22,0.01607,0.0123,0.40909
1,LSTM,8,22,0.01624,0.01262,0.59091
1,LSTM,9,20,0.01125,0.00803,0.45
1,LSTM,10,23,0.00949,0.00685,0.65217
1,LSTM,11,20,0.00978,0.00692,0.6
1,LSTM,12,21,0.01212,0.00965,0.42857
1,LSTM_FULL,1,21,0.00944,0.00749,0.52381
1,LSTM_FULL,2,20,0.01067,0.00808,0.4
1,LSTM_FULL,3,20,0.00914,0.00723,0.5
1,LSTM_FULL,4,22,0.01173,0.00991,0.59091
1,LSTM_FULL,5,22,0.00747,0.00574,0.59091
1,LSTM_FULL,6,19,0.00758,0.00573,0.68421
1,LSTM_FULL,7,22,0.01586,0.0118,0.68182
1,LSTM_FULL,8,22,0.01647,0.01315,0.36364
1,LSTM_FULL,9,20,0.01088,0.00779,0.6
1,LSTM_FULL,10,23,0.01057,0.00782,0.69565
1,LSTM_FULL,11,20,0.01087,0.00763,0.45
1,LSTM_FULL,12,21,0.01241,0.00971,0.42857
1,LSTM_SENT,1,21,0.00998,0.00762,0.57143
1,LSTM_SENT,2,20,0.01045,0.00819,0.5
1,LSTM_SENT,3,20,0.00877,0.00701,0.7
1,LSTM_SENT,4,22,0.01167,0.00987,0.59091
1,LSTM_SENT,5,22,0.00723,0.00533,0.63636
1,LSTM_SENT,6,19,0.00768,0.00583,0.68421
1,LSTM_SENT,7,22,0.01611,0.01229,0.5
1,LSTM_SENT,8,22,0.01641,0.01305,0.45455
1,LSTM_SENT,9,20,0.01185,0.00873,0.25
1,LSTM_SENT,10,23,0.00968,0.00718,0.52174
1,LSTM_SENT,11,20,0.01034,0.00735,0.6
1,LSTM_SENT,12,21,0.01219,0.0097,0.52381
1,RW,1,21,0.00978,0.00736,0.0
1,RW,2,20,0.01072,0.00813,0.0
1,RW,3,20,0.00898,0.00725,0.0
1,RW,4,22,0.01189,0.0101,0.0
1,RW,5,22,0.00774,0.00559,0.0
1,RW,6,19,0.00819,0.0064,0.0
1,RW,7,22,0.0158,0.01206,0.0
1,RW,8,22,0.01644,0.01295,0.0
1,RW,9,20,0.01137,0.00817,0.0
1,RW,10,23,0.00948,0.00715,0.0
1,RW,11,20,0.01053,0.00752,0.0
1,RW,12,21,0.01227,0.00966,0.0
1,SARIMAX,1,21,0.01001,0.00759,0.47619
1,SARIMAX,2,20,0.01097,0.00828,0.5
1,SARIMAX,3,20,0.00901,0.00711,0.55
1,SARIMAX,4,22,0.01206,0.01025,0.5
1,SARIMAX,5,22,0.00799,0.00578,0.40909
1,SARIMAX,6,19,0.00839,0.00661,0.47368
1,SARIMAX,7,22,0.01574,0.01216,0.5
1,SARIMAX,8,22,0.01652,0.01275,0.45455
1,SARIMAX,9,20,0.01137,0.00832,0.6
1,SARIMAX,10,23,0.00926,0.0066,0.73913
1,SARIMAX,11,20,0.01136,0.00795,0.5
1,SARIMAX,12,21,0.01371,0.01122,0.47619
5,ARIMA,1,21,0.02078,0.01672,0.90476
5,ARIMA,2,20,0.01325,0.01102,0.8
5,ARIMA,3,20,0.01357,0.01149,0.45
5,ARIMA,4,22,0.02583,0.02028,0.45455
5,ARIMA,5,22,0.01778,0.01503,0.81818
5,ARIMA,6,19,0.02189,0.01911,0.78947
5,ARIMA,7,22,0.03866,0.03262,0.22727
5,ARIMA,8,22,0.03648,0.03135,0.5
5,ARIMA,9,20,0.02143,0.018,0.75
5,ARIMA,10,23,0.01726,0.0128,0.6087
5,ARIMA,11,20,0.02619,0.0221,0.7
5,ARIMA,12,21,0.01998,0.01666,0.52381
5,ARIMAX,1,21,0.02235,0.01862,0.61905
5,ARIMAX,2,20,0.01414,0.01182,0.75
5,ARIMAX,3,20,0.01334,0.01126,0.45
5,ARIMAX,4,22,0.02574,0.01994,0.45455
5,ARIMAX,5,22,0.0179,0.01501,0.77273
5,ARIMAX,6,19,0.0235,0.02029,0.47368
5,ARIMAX,7,22,0.03767,0.03139,0.31818
5,ARIMAX,8,22,0.03645,0.03132,0.45455
5,ARIMAX,9,20,0.02121,0.01728,0.8
5,ARIMAX,10,23,0.01879,0.01397,0.56522
5,ARIMAX,11,20,0.02823,0.02384,0.7
5,ARIMAX,12,21,0.02048,0.01683,0.52381
5,LSTM,1,21,0.02309,0.01955,0.47619
5,LSTM,2,20,0.01286,0.01082,0.75
5,LSTM,3,20,0.01356,0.01156,0.45
5,LSTM,4,22,0.02639,0.02115,0.45455
5,LSTM,5,22,0.01775,0.01531,0.77273
5,LSTM,6,19,0.02167,0.01878,0.78947
5,LSTM,7,22,0.04011,0.03407,0.22727
5,LSTM,8,22,0.0364,0.0319,0.5
5,LSTM,9,20,0.02101,0.01729,0.75
5,LSTM,10,23,0.01761,0.01375,0.6087
5,LSTM,11,20,0.02611,0.02181,0.7
5,LSTM,12,21,0.02186,0.0175,0.52381
5,LSTM_FULL,1,21,0.02081,0.01698,0.71429
5,LSTM_FULL,2,20,0.01482,0.01263,0.55
5,LSTM_FULL,3,20,0.01334,0.01135,0.45
5,LSTM_FULL,4,22,0.02694,0.02209,0.45455
5,LSTM_FULL,5,22,0.01846,0.01551,0.81818
5,LSTM_FULL,6,19,0.01904,0.01718,0.78947
5,LSTM_FULL,7,22,0.03878,0.03251,0.31818
5,LSTM_FULL,8,22,0.03509,0.03059,0.5
5,LSTM_FULL,9,20,0.01985,0.01662,0.75
5,LSTM_FULL,10,23,0.01853,0.01366,0.6087
5,LSTM_FULL,11,20,0.02653,0.02225,0.65
5,LSTM_FULL,12,21,0.02172,0.01814,0.47619
5,LSTM_SENT,1,21,0.01999,0.01609,0.90476
5,LSTM_SENT,2,20,0.01283,0.01065,0.8
5,LSTM_SENT,3,20,0.01357,0.01151,0.45
5,LSTM_SENT,4,22,0.02637,0.0211,0.45455
5,LSTM_SENT,5,22,0.01755,0.01486,0.81818
5,LSTM_SENT,6,19,0.02213,0.01922,0.78947
5,LSTM_SENT,7,22,0.03989,0.03409,0.22727
5,LSTM_SENT,8,22,0.0368,0.0317,0.36364
5,LSTM_SENT,9,20,0.02192,0.0183,0.7
5,LSTM_SENT,10,23,0.01795,0.0141,0.6087
5,LSTM_SENT,11,20,0.02445,0.02045,0.7
5,LSTM_SENT,12,21,0.02141,0.01695,0.52381
5,RW,1,21,0.02296,0.01912,0.0
5,RW,2,20,0.01451,0.01243,0.0
5,RW,3,20,0.01332,0.01113,0.0
5,RW,4,22,0.02519,0.0198,0.0
5,RW,5,22,0.01962,0.01665,0.0
5,RW,6,19,0.02397,0.02061,0.0
5,RW,7,22,0.03669,0.03077,0.0
5,RW,8,22,0.03669,0.03095,0.0
5,RW,9,20,0.02319,0.0191,0.0
5,RW,10,23,0.01868,0.01359,0.0
5,RW,11,20,0.02717,0.02315,0.0
5,RW,12,21,0.01992,0.01709,0.0
5,SARIMAX,1,21,0.02235,0.01862,0.61905
5,SARIMAX,2,20,0.01414,0.01182,0.75
5,SARIMAX,3,20,0.01334,0.01126,0.45
5,SARIMAX,4,22,0.02574,0.01994,0.45455
5,SARIMAX,5,22,0.0179,0.01501,0.77273
5,SARIMAX,6,19,0.0235,0.02029,0.47368
5,SARIMAX,7,22,0.03767,0.03139,0.31818
5,SARIMAX,8,22,0.03645,0.03132,0.45455
5,SARIMAX,9,20,0.02121,0.01728,0.8
5,SARIMAX,10,23,0.01879,0.01397,0.56522
5,SARIMAX,11,20,0.02823,0.02384,0.7
5,SARIMAX,12,21,0.02048,0.01683,0.52381
10,ARIMA,1,21,0.02893,0.02406,1.0
10,ARIMA,2,20,0.01232,0.01013,0.8
10,ARIMA,3,20,0.01498,0.0121,0.55
10,ARIMA,4,22,0.03641,0.03283,0.45455
10,ARIMA,5,22,0.02971,0.02456,0.86364
10,ARIMA,6,19,0.03035,0.02503,1.0
10,ARIMA,7,22,0.0591,0.05185,0.09091
10,ARIMA,8,22,0.0494,0.04115,0.59091
10,ARIMA,9,20,0.0281,0.02139,0.9
10,ARIMA,10,23,0.02075,0.01816,0.69565
10,ARIMA,11,20,0.02492,0.02342,0.7
10,ARIMA,12,21,0.03008,0.0244,0.42857
10,ARIMAX,1,21,0.03221,0.02915,0.57143
10,ARIMAX,2,20,0.01342,0.01091,0.8
10,ARIMAX,3,20,0.01441,0.01163,0.55
10,ARIMAX,4,22,0.03594,0.03209,0.45455
10,ARIMAX,5,22,0.03043,0.02499,0.86364
10,ARIMAX,6,19,0.03402,0.02879,0.94737
10,ARIMAX,7,22,0.058,0.05029,0.13636
10,ARIMAX,8,22,0.04849,0.04082,0.59091
10,ARIMAX,9,20,0.02762,0.02138,0.85
10,ARIMAX,10,23,0.01879,0.01664,0.69565
10,ARIMAX,11,20,0.02841,0.02675,0.7
10,ARIMAX,12,21,0.03112,0.02571,0.42857
10,LSTM,1,21,0.03231,0.02757,0.90476
10,LSTM,2,20,0.01302,0.01084,0.8
10,LSTM,3,20,0.01515,0.01207,0.55
10,LSTM,4,22,0.03732,0.03326,0.45455
10,LSTM,5,22,0.0287,0.0237,0.86364
10,LSTM,6,19,0.0294,0.02422,1.0
10,LSTM,7,22,0.06168,0.05454,0.09091
10,LSTM,8,22,0.04753,0.04009,0.59091
10,LSTM,9,20,0.02689,0.01987,0.9
10,LSTM,10,23,0.02055,0.01784,0.69565
10,LSTM,11,20,0.02332,0.02223,0.7
10,LSTM,12,21,0.03133,0.0256,0.42857
10,LSTM_FULL,1,21,0.0291,0.02515,1.0
10,LSTM_FULL,2,20,0.0116,0.00991,0.8
10,LSTM_FULL,3,20,0.0164,0.01323,0.55
10,LSTM_FULL,4,22,0.03808,0.03386,0.45455
10,LSTM_FULL,5,22,0.02627,0.02129,0.86364
10,LSTM_FULL,6,19,0.02851,0.02328,1.0
10,LSTM_FULL,7,22,0.06531,0.0578,0.09091
10,LSTM_FULL,8,22,0.04769,0.04004,0.59091
10,LSTM_FULL,9,20,0.0231,0.01832,0.9
10,LSTM_FULL,10,23,0.01973,0.01706,0.69565
10,LSTM_FULL,11,20,0.02256,0.02112,0.7
10,LSTM_FULL,12,21,0.03208,0.02663,0.42857
10,LSTM_SENT,1,21,0.03099,0.02661,1.0
10,LSTM_SENT,2,20,0.01148,0.00978,0.8
10,LSTM_SENT,3,20,0.01551,0.01238,0.55
10,LSTM_SENT,4,22,0.0381,0.03347,0.45455
10,LSTM_SENT,5,22,0.02771,0.02262,0.86364
10,LSTM_SENT,6,19,0.02957,0.02435,1.0
10,LSTM_SENT,7,22,0.06147,0.05406,0.09091
10,LSTM_SENT,8,22,0.05067,0.04304,0.59091
10,LSTM_SENT,9,20,0.02736,0.02082,0.9
10,LSTM_SENT,10,23,0.01989,0.01731,0.69565
10,LSTM_SENT,11,20,0.02122,0.01979,0.7
10,LSTM_SENT,12,21,0.03169,0.02608,0.42857
10,RW,1,21,0.03417,0.03017,0.0
10,RW,2,20,0.01584,0.01256,0.0
10,RW,3,20,0.01409,0.01206,0.0
10,RW,4,22,0.03536,0.03191,0.0
10,RW,5,22,0.03439,0.02861,0.0
10,RW,6,19,0.03555,0.03103,0.0
10,RW,7,22,0.05368,0.04653,0.0
10,RW,8,22,0.05095,0.04199,0.0
10,RW,9,20,0.03298,0.02668,0.0
10,RW,10,23,0.02423,0.02065,0.0
10,RW,11,20,0.02844,0.02547,0.0
10,RW,12,21,0.02742,0.02165,0.0
10,SARIMAX,1,21,0.03221,0.02915,0.57143
10,SARIMAX,2,20,0.01342,0.01091,0.8
10,SARIMAX,3,20,0.01441,0.01163,0.55
10,SARIMAX,4,22,0.03594,0.03209,0.45455
10,SARIMAX,5,22,0.03043,0.02499,0.86364
10,SARIMAX,6,19,0.03402,0.02879,0.94737
10,SARIMAX,7,22,0.058,0.05029,0.13636
10,SARIMAX,8,22,0.04849,0.04082,0.59091
10,SARIMAX,9,20,0.02762,0.02138,0.85
10,SARIMAX,10,23,0.01879,0.01664,0.69565
10,SARIMAX,11,20,0.02841,0.02675,0.7
10,SARIMAX,12,21,0.03112,0.02571,0.42857
20,ARIMA,1,21,0.03802,0.03236,1.0
20,ARIMA,2,20,0.01545,0.01138,0.9
20,ARIMA,3,20,0.04064,0.03207,0.2
20,ARIMA,4,22,0.04405,0.03934,0.63636
20,ARIMA,5,22,0.04237,0.04138,1.0
20,ARIMA,6,19,0.04547,0.04068,0.63158
20,ARIMA,7,22,0.07932,0.06312,0.22727
20,ARIMA,8,22,0.02233,0.01722,0.86364
20,ARIMA,9,20,0.03116,0.02559,1.0
20,ARIMA,10,23,0.01813,0.01516,0.95652
20,ARIMA,11,20,0.03119,0.02512,1.0
20,ARIMA,12,21,0.03155,0.02619,0.33333
20,ARIMAX,1,21,0.04463,0.03972,1.0
20,ARIMAX,2,20,0.01707,0.01373,0.9
20,ARIMAX,3,20,0.0385,0.03037,0.2
20,ARIMAX,4,22,0.04322,0.03841,0.63636
20,ARIMAX,5,22,0.04572,0.0446,1.0
20,ARIMAX,6,19,0.04883,0.04267,0.57895
20,ARIMAX,7,22,0.076,0.06066,0.22727
20,ARIMAX,8,22,0.02002,0.01647,0.86364
20,ARIMAX,9,20,0.02746,0.0222,1.0
20,ARIMAX,10,23,0.01427,0.01328,0.95652
20,ARIMAX,11,20,0.02643,0.02146,1.0
20,ARIMAX,12,21,0.03201,0.02707,0.33333
20,LSTM,1,21,0.04691,0.04155,0.80952
20,LSTM,2,20,0.02019,0.01698,0.9
20,LSTM,3,20,0.04303,0.03506,0.2
20,LSTM,4,22,0.04252,0.03837,0.63636
20,LSTM,5,22,0.04107,0.03987,1.0
20,LSTM,6,19,0.04483,0.04001,0.63158
20,LSTM,7,22,0.07938,0.06299,0.22727
20,LSTM,8,22,0.02126,0.01725,0.86364
20,LSTM,9,20,0.02844,0.0231,1.0
20,LSTM,10,23,0.01788,0.01486,0.95652
20,LSTM,11,20,0.03033,0.0236,1.0
20,LSTM,12,21,0.0366,0.03023,0.33333
20,LSTM_FULL,1,21,0.03898,0.03333,1.0
20,LSTM_FULL,2,20,0.0136,0.00988,0.9
20,LSTM_FULL,3,20,0.04247,0.03445,0.2
20,LSTM_FULL,4,22,0.04308,0.03973,0.63636
20,LSTM_FULL,5,22,0.03767,0.03615,1.0
20,LSTM_FULL,6,19,0.0447,0.04034,0.63158
20,LSTM_FULL,7,22,0.08826,0.07141,0.22727
20,LSTM_FULL,8,22,0.01885,0.01446,0.86364
20,LSTM_FULL,9,20,0.02644,0.02152,1.0
20,LSTM_FULL,10,23,0.01807,0.0149,0.95652
20,LSTM_FULL,11,20,0.02292,0.01682,1.0
20,LSTM_FULL,12,21,0.03612,0.03071,0.33333
20,LSTM_SENT,1,21,0.0405,0.03423,1.0
20,LSTM_SENT,2,20,0.01326,0.00968,0.9
20,LSTM_SENT,3,20,0.04444,0.03633,0.2
20,LSTM_SENT,4,22,0.04329,0.03929,0.63636
20,LSTM_SENT,5,22,0.03893,0.03733,1.0
20,LSTM_SENT,6,19,0.04426,0.03992,0.63158
20,LSTM_SENT,7,22,0.08664,0.0706,0.22727
20,LSTM_SENT,8,22,0.02253,0.01703,0.86364
20,LSTM_SENT,9,20,0.02801,0.02254,1.0
20,LSTM_SENT,10,23,0.01466,0.01236,0.95652
20,LSTM_SENT,11,20,0.02379,0.01751,1.0
20,LSTM_SENT,12,21,0.03528,0.03041,0.33333
20,RW,1,21,0.0487,0.04386,0.0
20,RW,2,20,0.02439,0.02112,0.0
20,RW,3,20,0.03184,0.02382,0.0
20,RW,4,22,0.04977,0.04171,0.0
20,RW,5,22,0.05412,0.05331,0.0
20,RW,6,19,0.04998,0.04318,0.0
20,RW,7,22,0.0714,0.05637,0.0
20,RW,8,22,0.02926,0.02292,0.0
20,RW,9,20,0.04183,0.03678,0.0
20,RW,10,23,0.02822,0.02421,0.0
20,RW,11,20,0.04188,0.03748,0.0
20,RW,12,21,0.02491,0.02153,0.0
20,SARIMAX,1,21,0.04463,0.03972,1.0
20,SARIMAX,2,20,0.01707,0.01373,0.9
20,SARIMAX,3,20,0.0385,0.03037,0.2
20,SARIMAX,4,22,0.04322,0.03841,0.63636
20,SARIMAX,5,22,0.04572,0.0446,1.0
20,SARIMAX,6,19,0.04883,0.04267,0.57895
20,SARIMAX,7,22,0.076,0.06066,0.22727
20,SARIMAX,8,22,0.02002,0.01647,0.86364
20,SARIMAX,9,20,0.02746,0.0222,1.0
20,SARIMAX,10,23,0.01427,0.01328,0.95652
20,SARIMAX,11,20,0.02643,0.02146,1.0
20,SARIMAX,12,21,0.03201,0.02707,0.33333
