Date,y_true,y_y_pred
2015-04-15,99.88035583496094,99.05876
2015-04-16,99.7414779663086,99.214264
2015-04-17,98.18548583984376,99.2981
2015-04-20,99.65811157226562,98.74448
2015-04-21,100.08414459228516,98.846016
2015-04-22,100.6305923461914,99.20211
2015-04-23,101.01034545898438,99.68115
2015-04-24,102.381103515625,100.14159
2015-04-27,102.1218032836914,100.94216
2015-04-28,101.9180145263672,101.390236
2015-04-29,101.27894592285156,101.51045
2015-04-30,99.68589782714844,101.2702
2015-05-01,101.00109100341795,100.44364
2015-05-04,101.1678237915039,100.339355
2015-05-05,99.51917266845705,100.48649
2015-05-06,98.8337860107422,99.99828
2015-05-07,99.42654418945312,99.320206
2015-05-08,100.66765594482422,99.09851
2015-05-11,100.27864837646484,99.5292
2015-05-12,99.82482147216795,99.77134
2015-05-13,100.02857208251952,99.70539
2015-05-14,101.49195861816406,99.67851
2015-05-15,101.49195861816406,100.227615
2015-05-18,101.93649291992188,100.67238
2015-05-19,101.8253936767578,101.09133
2015-05-20,101.89020538330078,101.29416
2015-05-21,102.41814422607422,101.39834
2015-05-22,102.31626892089844,101.64626
2015-05-26,101.1400146484375,101.78609
2015-05-27,102.77010345458984,101.39754
2015-05-28,102.53855895996094,101.69314
2015-05-29,101.92727661132812,101.91698
2015-06-01,102.26994323730467,101.80504
2015-06-02,101.94580841064452,101.80576
2015-06-03,102.25142669677734,101.70261
2015-06-04,101.4734344482422,101.73982
2015-06-05,101.23262786865234,101.48931
2015-06-08,100.20455169677734,101.19086
2015-06-09,100.03785705566406,100.60634
2015-06-10,101.40858459472656,100.13578
2015-06-11,101.5567855834961,100.40087
2015-06-12,100.72323608398438,100.76395
2015-06-15,100.22308349609376,100.68177
2015-06-16,100.76953887939452,100.35007
2015-06-17,101.0474090576172,100.30715
2015-06-18,102.52003479003906,100.44333
2015-06-19,102.01316833496094,101.12863
2015-06-22,102.76512908935548,101.453964
2015-06-23,102.84867095947266,101.869354
2015-06-24,102.3195343017578,102.16628
2015-06-25,102.11526489257812,102.11573
2015-06-26,101.43761444091795,101.938995
2015-06-29,99.04254150390624,101.547806
2015-06-30,99.39529418945312,100.35335
2015-07-01,100.1843719482422,99.617836
2015-07-02,100.21222686767578,99.56785
2015-07-06,99.9801254272461,99.688416
2015-07-07,100.23078155517578,99.70781
2015-07-08,98.48555755615234,99.792465
2015-07-09,98.42985534667967,99.184654
2015-07-10,99.93372344970705,98.65596
2015-07-13,101.68827056884766,98.920044
2015-07-14,102.35667419433594,99.90914
2015-07-15,102.46805572509766,100.91016
2015-07-16,103.91620635986328,101.556725
2015-07-17,105.4479522705078,102.432076
2015-07-20,105.81000518798828,103.59586
2015-07-21,105.7450180053711,104.49039
2015-07-22,104.5474853515625,104.946884
2015-07-23,104.1575698852539,104.664635
2015-07-24,103.1364288330078,104.20591
2015-07-27,102.28238677978516,103.50559
2015-07-28,103.1642837524414,102.71839
2015-07-29,103.5541763305664,102.58144
2015-07-30,104.04620361328124,102.78305
2015-07-31,103.92547607421876,103.16573
2015-08-03,103.60059356689452,103.382034
2015-08-04,103.40564727783205,103.348465
2015-08-05,104.20403289794922,103.19908
2015-08-06,102.53303527832033,103.39494
2015-08-07,102.40309143066406,102.92608
2015-08-10,103.57274627685548,102.46872
2015-08-11,102.24525451660156,102.65056
2015-08-12,102.5979995727539,102.37006
2015-08-13,102.43091583251952,102.25271
2015-08-14,102.58875274658205,102.14834
2015-08-17,103.44277954101562,102.150154
2015-08-18,102.91364288330078,102.50327
2015-08-19,102.2359390258789,102.57737
2015-08-20,99.40460205078124,102.30423
2015-08-21,95.0600814819336,100.978806
2015-08-24,91.4024658203125,98.32644
2015-08-25,91.05899047851562,95.10479
2015-08-26,95.6448974609375,92.91048
2015-08-27,98.06781768798828,93.46671
2015-08-28,98.04925537109376,95.28704
2015-08-31,96.8331527709961,96.656204
2015-09-01,93.80683135986328,96.92446
2015-09-02,96.45254516601562,95.70876
2015-09-03,95.97908020019533,95.64375
2015-09-04,94.83726501464844,95.65346
2015-09-08,97.51080322265624,95.25032
2015-09-09,96.41539764404295,95.92283
2015-09-10,97.46440887451172,96.1434
2015-09-11,98.0028305053711,96.58256
2015-09-14,97.70577239990234,97.09625
2015-09-15,98.8568878173828,97.31102
2015-09-16,99.41387176513672,97.81581
2015-09-17,99.45101928710938,98.39183
2015-09-18,98.03653717041016,98.77044
2015-09-21,98.34362030029295,98.42221
2015-09-22,96.87329864501952,98.18315
2015-09-23,96.94776153564452,97.503876
2015-09-24,96.59412384033205,97.03536
2015-09-25,95.77523803710938,96.66165
2015-09-28,93.0486297607422,96.14798
2015-09-29,92.56471252441406,94.78865
2015-09-30,94.69576263427734,93.607956
2015-10-01,95.1238250732422,93.70609
2015-10-02,96.78955078125,94.187775
2015-10-05,98.17611694335938,95.18271
2015-10-06,97.71083068847656,96.41343
2015-10-07,98.29706573486328,97.03013
2015-10-08,98.68795013427734,97.494576
2015-10-09,99.13460540771484,97.888504
2015-10-12,99.37654876708984,98.28251
2015-10-13,98.7344741821289,98.61636
2015-10-14,98.5762710571289,98.56683
2015-10-15,100.19547271728516,98.40523
2015-10-16,100.61424255371094,98.90599
2015-10-19,101.1911849975586,99.50773
2015-10-20,100.67008209228516,100.11831
2015-10-21,100.05587768554688,100.29016
2015-10-22,102.09384155273438,100.071365
2015-10-23,104.95075225830078,100.64418
2015-10-26,105.015869140625,102.25389
2015-10-27,105.22990417480467,103.45731
2015-10-28,106.10465240478516,104.18258
2015-10-29,105.93714904785156,104.86224
2015-10-30,105.46253967285156,105.190506
2015-11-02,106.6537094116211,105.134094
2015-11-03,107.02593231201172,105.50065
2015-11-04,107.03523254394533,105.95251
2015-11-05,106.74674987792967,106.24903
2015-11-06,106.82121276855467,106.28637
2015-11-09,105.68590545654295,106.29225
2015-11-10,105.41602325439452,105.843864
2015-11-11,105.28575897216795,105.38998
2015-11-12,104.2621078491211,105.071175
2015-11-13,102.21480560302734,104.50983
2015-11-16,103.6851577758789,103.33436
2015-11-17,103.75028228759766,103.091
2015-11-18,105.74172973632812,103.150345
2015-11-19,105.816162109375,104.026474
2015-11-20,106.53273010253906,104.73591
2015-11-23,106.2256317138672,105.40562
2015-11-24,106.132568359375,105.6681
2015-11-25,106.2256317138672,105.704926
2015-11-27,106.37451934814452,105.71829
2015-11-30,106.10465240478516,105.78247
2015-12-01,107.16551208496094,105.72821
2015-12-02,106.50477600097656,106.09798
2015-12-03,104.69947814941406,106.14051
2015-12-04,107.14691162109376,105.395874
2015-12-07,106.66300201416016,105.771385
2015-12-08,106.67229461669922,106.016594
2015-12-09,105.0531005859375,106.14659
2015-12-10,105.5277099609375,105.56152
2015-12-11,103.09888458251952,105.265465
2015-12-14,103.88053894042967,104.18955
2015-12-15,104.51333618164062,103.71062
2015-12-16,106.0674285888672,103.78599
2015-12-17,104.52264404296876,104.550514
2015-12-18,102.5176773071289,104.532524
2015-12-21,103.65645599365234,103.58561
2015-12-22,104.33786010742188,103.28089
2015-12-23,105.11258697509766,103.483894
2015-12-24,105.09391021728516,104.00909
2015-12-28,105.03792572021484,104.3784
2015-12-29,106.6900634765625,104.54488
2015-12-30,105.72865295410156,105.25139
2015-12-31,104.41252136230467,105.3938
2016-01-04,102.20960235595705,104.85363
2016-01-05,102.03226470947266,103.540764
2016-01-06,101.05220794677734,102.54506
2016-01-07,97.88790130615234,101.63497
2016-01-08,97.08516693115234,99.89845
2016-01-11,97.38384246826172,98.394196
2016-01-12,98.51331329345705,97.642075
2016-01-13,95.11563110351562,97.76188
2016-01-14,97.1411590576172,96.72236
2016-01-15,94.12622833251952,96.614845
2016-01-19,94.33155822753906,95.59263
2016-01-20,94.0421905517578,94.85598
2016-01-21,94.13558197021484,94.34654
2016-01-22,96.86111450195312,94.1105
2016-01-25,95.42366790771484,95.033264
2016-01-26,96.2824249267578,95.29525
2016-01-27,93.88353729248048,95.63675
2016-01-28,95.208984375,94.9575
2016-01-29,97.19717407226562,94.824745
2016-02-01,97.45853424072266,95.596016
2016-02-02,95.3489761352539,96.3541
2016-02-03,94.89163208007812,96.02202
2016-02-04,94.8823013305664,95.42557
2016-02-05,91.58729553222656,95.001686
2016-02-08,90.18717956542967,93.55526
2016-02-09,89.90713500976562,91.94989
2016-02-10,90.25252532958984,90.82688
2016-02-11,90.1218719482422,90.35881
2016-02-12,91.49394989013672,90.15702
2016-02-16,93.55683135986328,90.58309
2016-02-17,95.67571258544922,91.72856
2016-02-18,94.5835952758789,93.36488
2016-02-19,94.86363220214844,94.06135
2016-02-22,96.40375518798828,94.38756
2016-02-23,94.81696319580078,95.07838
2016-02-24,95.72233581542967,94.98271
2016-02-25,96.66511535644533,95.10413
2016-02-26,96.54377746582033,95.57989
2016-02-29,95.67571258544922,95.90452
2016-03-01,98.74665832519533,95.751945
2016-03-02,98.7839813232422,96.71925
2016-03-03,98.5972900390625,97.555984
2016-03-04,98.6346435546875,97.970894
2016-03-07,98.02790832519533,98.151245
2016-03-08,97.21585083007812,97.9827
2016-03-09,97.84124755859376,97.50449
2016-03-10,97.69188690185548,97.39111
2016-03-11,99.40007019042967,97.34259
2016-03-14,99.56807708740234,97.97785
2016-03-15,99.53072357177734,98.56792
2016-03-16,100.41748046875,98.90346
2016-03-17,100.36148834228516,99.39225
2016-03-18,100.51873779296876,99.69524
2016-03-21,100.91195678710938,99.90166
2016-03-22,101.22090911865234,100.15848
2016-03-23,100.3876724243164,100.44437
2016-03-24,100.41578674316406,100.305534
2016-03-28,100.27536010742188,100.1525
2016-03-29,101.88556671142578,100.00628
2016-03-30,102.38178253173828,100.5417
2016-03-31,102.2319793701172,101.19469
2016-04-01,103.31796264648438,101.55642
2016-04-04,102.92476654052734,102.136955
2016-04-05,101.93242645263672,102.37445
2016-04-06,103.60818481445312,102.06604
2016-04-07,102.11966705322266,102.425316
2016-04-08,102.04473114013672,102.195244
2016-04-11,101.67023468017578,101.919846
2016-04-12,102.52217864990234,101.60316
2016-04-13,103.83287048339844,101.73801
2016-04-14,103.84220886230467,102.41862
2016-04-15,103.58009338378906,102.9401
2016-04-18,104.13245391845705,103.119514
2016-04-19,103.49581909179688,103.37302
2016-04-20,103.58009338378906,103.28839
2016-04-21,103.5894546508789,103.206314
2016-04-22,102.0260238647461,103.1625
2016-04-25,102.0260238647461,102.538956
2016-04-26,101.52983856201172,102.05799
2016-04-27,100.71536254882812,101.60741
2016-04-28,99.49830627441406,101.03266
2016-04-29,98.97404479980467,100.19828
2016-05-02,99.91024780273438,99.44576
2016-05-03,98.98340606689452,99.36462
2016-05-04,98.3468017578125,99.09381
2016-05-05,98.31869506835938,98.649315
2016-05-06,98.84297943115234,98.33074
2016-05-09,99.12384033203124,98.35762
2016-05-10,100.4813003540039,98.546524
2016-05-11,99.5731964111328,99.2085
2016-05-12,99.1332015991211,99.35345
2016-05-13,98.7680892944336,99.1674
2016-05-16,100.00384521484376,98.84631
2016-05-17,98.74934387207033,99.0952
2016-05-18,99.10511016845705,98.882225
2016-05-19,98.5901870727539,98.79996
2016-05-20,99.67617797851562,98.580154
2016-05-23,99.54512786865234,98.83411
2016-05-24,101.53919982910156,99.03263
2016-05-25,102.26944732666016,99.90483
2016-05-26,102.56902313232422,100.84614
2016-05-27,103.1026382446289,101.54165
2016-05-31,103.29924011230467,102.11437
2016-06-01,103.30859375,102.50724
2016-06-02,103.5239028930664,102.710625
2016-06-03,103.03710174560548,102.880615
2016-06-06,103.4115753173828,102.789696
2016-06-07,103.14942169189452,102.834656
2016-06-08,103.32730102539062,102.78982
2016-06-09,103.1588134765625,102.819145
2016-06-10,101.98857879638672,102.78815
2016-06-13,101.13663482666016,102.30564
2016-06-14,101.13663482666016,101.60111
2016-06-15,100.84642028808594,101.13563
2016-06-16,101.14599609375,100.791885
2016-06-17,99.96044158935548,100.726006
2016-06-20,100.58936309814452,100.285255
2016-06-21,100.90851593017578,100.18665
2016-06-22,100.66443634033205,100.31374
2016-06-23,102.10063934326172,100.3397
2016-06-24,97.89533233642578,100.88582
2016-06-27,95.9522705078125,99.69998
2016-06-28,98.0548858642578,97.911064
2016-06-29,99.79147338867188,97.50093
2016-06-30,100.94606018066406,98.18793
2016-07-01,101.45295715332033,99.27306
2016-07-05,100.83342742919922,100.205154
2016-07-06,101.65943908691406,100.49343
2016-07-07,101.95983123779295,100.84983
2016-07-08,103.53681182861328,101.18798
2016-07-11,104.12815856933594,101.99745
2016-07-12,104.65386199951172,102.80821
2016-07-13,104.40039825439452,103.502525
2016-07-14,105.11383056640624,103.7973
2016-07-15,104.94482421875,104.17668
2016-07-18,105.6394500732422,104.355095
2016-07-19,105.25462341308594,104.69969
2016-07-20,106.48429107666016,104.78925
2016-07-21,106.240234375,105.28178
2016-07-22,106.68142700195312,105.557915
2016-07-25,106.69080352783205,105.85801
2016-07-26,106.8128433227539,106.04472
2016-07-27,107.55441284179688,106.18316
2016-07-28,107.9298858642578,106.55066
2016-07-29,108.1645278930664,106.962265
2016-08-01,108.73712921142578,107.309425
2016-08-02,107.9111099243164,107.731514
2016-08-03,108.26779174804688,107.66566
2016-08-04,108.57756042480467,107.67902
2016-08-05,109.61949920654295,107.82605
2016-08-08,109.49746704101562,108.35826
2016-08-09,109.75091552734376,108.698906
2016-08-10,109.46930694580078,108.968254
2016-08-11,109.93862915039062,109.00032
2016-08-12,110.01374053955078,109.1646
2016-08-15,110.48307037353516,109.317245
2016-08-16,109.87296295166016,109.59697
2016-08-17,110.07008361816406,109.54144
2016-08-18,110.09823608398438,109.52888
2016-08-19,110.07008361816406,109.54186
2016-08-22,110.15454864501952,109.5457
2016-08-23,110.3516616821289,109.583046
2016-08-24,109.63826751708984,109.69258
2016-08-25,109.45987701416016,109.48444
2016-08-26,109.61949920654295,109.23346
2016-08-29,109.76966857910156,109.14251
2016-08-30,109.41299438476562,109.18079
2016-08-31,109.30032348632812,109.08612
2016-09-01,109.58197021484376,108.96177
2016-09-02,109.93862915039062,108.99593
2016-09-06,110.62387084960938,109.18872
2016-09-07,110.6895980834961,109.60773
2016-09-08,110.04187774658205,109.921906
2016-09-09,107.27277374267578,109.82472
2016-09-12,109.19707489013672,108.57899
2016-09-13,108.22084045410156,108.40602
2016-09-14,108.73712921142578,108.112434
2016-09-15,110.4267578125,108.132515
2016-09-16,110.37408447265624,108.88145
2016-09-19,109.89411926269533,109.43815
2016-09-20,110.10115814208984,109.53481
2016-09-21,111.183349609375,109.58374
2016-09-22,112.06790924072266,110.03496
2016-09-23,111.35276794433594,110.73126
2016-09-26,110.42111206054688,110.8957
2016-09-27,111.51274871826172,110.51741
2016-09-28,111.700927734375,110.63697
2016-09-29,110.89163970947266,110.87573
2016-09-30,111.71971893310548,110.71506
2016-10-03,111.55974578857422,110.886185
2016-10-04,111.39039611816406,110.98224
2016-10-05,111.78562927246094,110.95838
2016-10-06,111.72916412353516,111.08273
2016-10-07,111.48448181152344,111.15925
2016-10-10,112.19026184082033,111.09645
2016-10-11,110.59049987792967,111.3205
2016-10-12,110.49641418457033,110.85428
2016-10-13,110.10115814208984,110.42005
2016-10-14,110.2329330444336,110.0111
2016-10-17,109.9317855834961,109.83232
2016-10-18,110.91046905517578,109.65105
2016-10-19,110.9010238647461,109.94078
2016-10-20,110.76930236816406,110.19321
2016-10-21,111.183349609375,110.280495
2016-10-24,112.51964569091795,110.46512
2016-10-25,112.16204071044922,111.12943
2016-10-26,111.39981842041016,111.45945
2016-10-27,110.89163970947266,111.28107
2016-10-28,110.19525909423828,110.87593
2016-10-31,110.09175872802734,110.31624
2016-11-01,109.2636489868164,109.92255
2016-11-02,108.38849639892578,109.39378
2016-11-03,107.32510375976562,108.71323
2016-11-04,106.9487075805664,107.86346
2016-11-07,109.48948669433594,107.18384
2016-11-08,110.20468139648438,107.82655
2016-11-09,110.71283721923828,108.74123
2016-11-10,108.92488861083984,109.53521
2016-11-11,108.9719467163086,109.25115
2016-11-14,107.87091827392578,108.894966
2016-11-15,109.36715698242188,108.22393
2016-11-16,110.01647186279295,108.37024
2016-11-17,110.8163604736328,108.872025
2016-11-18,110.40230560302734,109.561554
2016-11-21,111.55034637451172,109.83555
2016-11-22,111.88916015625,110.3807
2016-11-23,111.43743896484376,110.88329
2016-11-25,111.79502868652344,110.985535
2016-11-28,111.5409698486328,111.115814
2016-11-29,111.9267807006836,111.09324
2016-11-30,110.5716781616211,111.21121
2016-12-01,108.66141510009766,110.758896
2016-12-02,108.87781524658205,109.624405
2016-12-05,109.72474670410156,108.924904
2016-12-06,109.9882354736328,108.936165
2016-12-07,111.38097381591795,109.18623
2016-12-08,111.57858276367188,109.941765
2016-12-09,112.4537582397461,110.55581
2016-12-12,111.9456024169922,111.23908
2016-12-13,113.3571319580078,111.43653
2016-12-14,113.1218719482422,112.03201
2016-12-15,113.30067443847656,112.35175
2016-12-16,112.88068389892578,112.56236
2016-12-19,113.34315490722656,112.49399
2016-12-20,113.77731323242188,112.59557
2016-12-21,113.69237518310548,112.86649
2016-12-22,113.3714828491211,113.02508
2016-12-23,113.4469985961914,112.96921
2016-12-27,114.03215789794922,112.93048
2016-12-28,113.14496612548828,113.151825
2016-12-29,112.98448181152344,112.96557
2016-12-30,111.82359313964844,112.72058
2017-01-03,112.82408142089844,112.0933
2017-01-04,113.43755340576172,112.06911
2017-01-05,114.07933044433594,112.41569
2017-01-06,115.0797882080078,112.95123
2017-01-09,115.45730590820312,113.70758
2017-01-10,115.712158203125,114.33869
2017-01-11,116.02359771728516,114.78265
2017-01-12,115.84426879882812,115.1298
2017-01-13,116.2406997680664,115.236176
2017-01-17,115.89149475097656,115.41949
2017-01-18,116.12742614746094,115.39631
2017-01-19,116.07079315185548,115.44882
2017-01-20,116.32562255859376,115.47279
2017-01-23,116.41999816894533,115.59175
2017-01-24,117.203369140625,115.71937
2017-01-25,118.3831558227539,116.12243
2017-01-26,118.5058135986328,116.89615
2017-01-27,118.73236846923828,117.458084
2017-01-30,117.80742645263672,117.836494
2017-01-31,117.57147216796876,117.62896
2017-02-01,118.3831558227539,117.30764
2017-02-02,118.2793197631836,117.44355
2017-02-03,118.61910247802734,117.562805
2017-02-06,118.76068878173828,117.777405
2017-02-07,119.19483947753906,117.97866
2017-02-08,119.3930435180664,118.275185
2017-02-09,119.82720184326172,118.54449
2017-02-10,120.2236099243164,118.87638
2017-02-13,120.90313720703124,119.243095
2017-02-14,121.30899047851562,119.7455
2017-02-15,122.02631378173828,120.22687
2017-02-16,121.98851013183594,120.801994
2017-02-17,122.51708984375,121.1277
2017-02-21,123.12110900878906,121.49526
2017-02-22,123.1683120727539,121.96853
2017-02-23,122.70582580566406,122.27637
2017-02-24,122.94178009033205,122.22606
2017-02-27,123.09280395507812,122.239655
2017-02-28,122.71527099609376,122.32499
2017-03-01,124.05548858642578,122.22824
2017-03-02,123.43258666992188,122.72239
2017-03-03,123.65910339355467,122.83518
2017-03-06,123.38541412353516,122.93531
2017-03-07,123.17774963378906,122.86947
2017-03-08,123.39486694335938,122.71548
2017-03-09,123.4892349243164,122.70788
2017-03-10,124.00830078125,122.770805
2017-03-13,124.21590423583984,123.044395
2017-03-14,123.91392517089844,123.324875
2017-03-15,124.67842864990234,123.35428
2017-03-16,124.5934600830078,123.657364
2017-03-17,124.5500030517578,123.83534
2017-03-20,124.66345977783205,123.896935
2017-03-21,122.77191162109376,123.96074
2017-03-22,123.60419464111328,123.18176
2017-03-23,123.29210662841795,122.96478
2017-03-24,123.54744720458984,122.80353
2017-03-27,123.74603271484376,122.84043
2017-03-28,124.50270080566406,122.98329
2017-03-29,125.07962036132812,123.408966
2017-03-30,125.28768157958984,123.94394
2017-03-31,125.20254516601562,124.35038
2017-04-03,125.12689208984376,124.51548
2017-04-04,125.32551574707033,124.53027
2017-04-05,124.8147964477539,124.59716
2017-04-06,124.88101196289062,124.422745
2017-04-07,124.8147964477539,124.31697
2017-04-10,124.86209106445312,124.243126
2017-04-11,124.32301330566406,124.2318
2017-04-12,123.82170104980467,124.00569
2017-04-13,123.32989501953124,123.62873
2017-04-17,124.3513412475586,123.18061
2017-04-18,124.16217041015624,123.35822
2017-04-19,124.36083221435548,123.483154
2017-04-20,125.40116119384766,123.63303
2017-04-21,125.37278747558594,124.168045
2017-04-24,126.8860321044922,124.517204
2017-04-25,127.80342864990234,125.33669
2017-04-26,127.62377166748048,126.26915
2017-04-27,128.38986206054688,126.72699
2017-04-28,128.6168670654297,127.23451
2017-05-01,129.76121520996094,127.619385
2017-05-02,129.97872924804688,128.31778
2017-05-03,129.56260681152344,128.85364
2017-05-04,129.60986328125,128.94226
2017-05-05,130.08282470703125,128.93996
2017-05-08,130.3665313720703,129.13426
2017-05-09,130.82049560546875,129.40356
2017-05-10,130.89613342285156,129.771
2017-05-11,130.79212951660156,130.02522
2017-05-12,131.08534240722656,130.10098
2017-05-15,131.50140380859375,130.24327
2017-05-16,132.050048828125,130.51689
2017-05-17,128.6925048828125,130.93442
2017-05-18,129.81797790527344,129.69127
2017-05-19,130.3665313720703,129.24551
2017-05-22,131.46360778808594,129.3677
2017-05-23,131.5960693359375,130.02731
2017-05-24,132.20130920410156,130.54298
2017-05-25,133.3268280029297,131.07333
2017-05-26,133.5632781982422,131.86415
2017-05-30,133.67674255371094,132.43909
2017-05-31,133.6294708251953,132.76544
2017-06-01,134.14964294433594,132.87762
2017-06-02,135.68185424804688,133.13821
2017-06-05,135.65341186523438,133.99957
2017-06-06,135.1143341064453,134.55502
2017-06-07,135.6439971923828,134.56718
2017-06-08,135.78587341308594,134.7274
2017-06-09,132.39048767089844,134.90088
2017-06-12,131.68115234375,133.46135
2017-06-13,132.74989318847656,132.11948
2017-06-14,132.17298889160156,131.88576
2017-06-15,131.58656311035156,131.68883
2017-06-16,131.01560974121094,131.33952
2017-06-19,133.20640563964844,130.8706
2017-06-20,132.16319274902344,131.57254
2017-06-21,133.47189331054688,131.67197
2017-06-22,133.43399047851562,132.21808
2017-06-23,133.94613647460938,132.55898
2017-06-26,133.32015991210938,132.93863
2017-06-27,130.90187072753906,132.86275
2017-06-28,132.7890625,131.66078
2017-06-29,130.48460388183594,131.6745
2017-06-30,130.53201293945312,130.84549
2017-07-03,129.15689086914062,130.29698
2017-07-05,130.42774963378906,129.43268
2017-07-06,129.25169372558594,129.47943
2017-07-07,130.64581298828125,129.13243
2017-07-10,131.49935913085938,129.50166
2017-07-11,131.86920166015625,130.19507
2017-07-12,133.43399047851562,130.79144
2017-07-13,133.7279815673828,131.79605
2017-07-14,134.78067016601562,132.53328
2017-07-17,134.84706115722656,133.36066
2017-07-18,135.74798583984375,133.84637
2017-07-19,136.5446319580078,134.46089
2017-07-20,136.7247772216797,135.17426
2017-07-21,136.66786193847656,135.65991
2017-07-24,137.29379272460938,135.86218
2017-07-25,136.94290161132812,136.21404
2017-07-26,137.38865661621094,136.26775
2017-07-27,136.52565002441406,136.45923
2017-07-28,136.4117889404297,136.1898
2017-07-31,135.83334350585938,135.92577
2017-08-01,136.14630126953125,135.52126
2017-08-02,136.5161590576172,135.42908
2017-08-03,135.9850616455078,135.6001
2017-08-04,136.23159790039062,135.49434
2017-08-07,137.0946502685547,135.5073
2017-08-08,136.85757446289062,135.9236
2017-08-09,136.67735290527344,136.10072
2017-08-10,133.74696350097656,136.07541
2017-08-11,134.76173400878906,134.68948
2017-08-14,136.49720764160156,134.19402
2017-08-15,136.59201049804688,134.85303
2017-08-16,136.82913208007812,135.44847
2017-08-17,134.0314483642578,135.87663
2017-08-18,133.93661499023438,134.79878
2017-08-21,133.76589965820312,133.93669
2017-08-22,135.8048858642578,133.42014
2017-08-23,135.3212127685547,134.1278
2017-08-24,134.9228973388672,134.49431
2017-08-25,134.6383819580078,134.46475
2017-08-28,135.05572509765625,134.25009
2017-08-29,135.5867462158203,134.28781
2017-08-30,137.1800079345703,134.58713
2017-08-31,138.64996337890625,135.51826
2017-09-01,138.46026611328125,136.79501
2017-09-05,137.21798706054688,137.44705
2017-09-06,137.63522338867188,137.12012
2017-09-07,137.95762634277344,136.9754
2017-09-08,136.76272583007812,137.06961
2017-09-11,138.3369598388672,136.61609
2017-09-12,138.66893005371094,137.02011
2017-09-13,138.85858154296875,137.52574
2017-09-14,138.04298400878906,137.90778
2017-09-15,138.51719665527344,137.7147
2017-09-18,138.33567810058594,137.73721
2017-09-19,138.57327270507812,137.69366
2017-09-20,138.14559936523438,137.77196
2017-09-21,137.29971313476562,137.6361
2017-09-22,137.16664123535156,137.14282
2017-09-25,135.7219696044922,136.7634
2017-09-26,136.0736083984375,135.91696
2017-09-27,137.29971313476562,135.5572
2017-09-28,137.25216674804688,136.0022
2017-09-29,138.2406463623047,136.3518
2017-10-02,138.36416625976562,136.98157
2017-10-03,138.65879821777344,137.41257
2017-10-04,138.79188537597656,137.74188
2017-10-05,140.15101623535156,137.95552
2017-10-06,140.34107971191406,138.67633
2017-10-09,140.17955017089844,139.226
2017-10-10,140.28402709960938,139.41937
2017-10-11,140.7022247314453,139.51411
2017-10-12,140.44561767578125,139.743
2017-10-13,140.98731994628906,139.76834
2017-10-16,141.47207641601562,140.00804
2017-10-17,141.6526641845703,140.3963
2017-10-18,141.4815673828125,140.71251
2017-10-19,140.95887756347656,140.78947
2017-10-20,141.33901977539062,140.54774
2017-10-23,140.41709899902344,140.54774
2017-10-24,140.65472412109375,140.15385
2017-10-25,140.12246704101562,140.00145
2017-10-26,139.67576599121094,139.71037
2017-10-27,143.74362182617188,139.33228
2017-10-30,144.06674194335938,141.01875
2017-10-31,144.60848999023438,142.3831
2017-11-01,144.56100463867188,143.31425
2017-11-02,144.2853546142578,143.69745
2017-11-03,145.6729736328125,143.6695
2017-11-06,146.1671905517578,144.24406
2017-11-07,146.25277709960938,144.87042
2017-11-08,146.84205627441406,145.2548
2017-11-09,146.07220458984375,145.70433
2017-11-10,146.06265258789062,145.58025
2017-11-13,146.24325561523438,145.43004
2017-11-14,145.71104431152344,145.4354
2017-11-15,145.02670288085938,145.213
2017-11-16,146.88002014160156,144.74442
2017-11-17,146.3192901611328,145.35184
2017-11-20,146.20530700683594,145.5614
2017-11-21,147.79244995117188,145.56387
2017-11-22,147.97305297851562,146.28847
2017-11-24,148.51478576660156,146.85298
2017-11-27,148.44822692871094,147.38264
2017-11-28,148.8284912109375,147.6121
2017-11-29,146.2337646484375,147.86572
2017-11-30,147.45980834960938,146.74666
2017-12-01,146.8325653076172,146.56386
2017-12-04,145.14077758789062,146.30501
2017-12-05,145.23583984375,145.36827
2017-12-06,145.89158630371094,144.83824
2017-12-07,146.3858184814453,144.9384
2017-12-08,147.03211975097656,145.32835
2017-12-11,148.1726837158203,145.8878
2017-12-12,147.97305297851562,146.7468
2017-12-13,148.25823974609375,147.13106
2017-12-14,148.15367126464844,147.38823
2017-12-15,149.83590698242188,147.4407
2017-12-18,151.09214782714844,148.24716
2017-12-19,150.19686889648438,149.38309
2017-12-20,150.03497314453125,149.58354
2017-12-21,150.0540313720703,149.47064
2017-12-22,149.88253784179688,149.3695
2017-12-26,149.07302856445312,149.23854
2017-12-27,149.092041015625,148.78178
2017-12-28,149.27305603027344,148.51796
2017-12-29,148.3491973876953,148.50346
2018-01-02,150.9492950439453,148.09195
2018-01-03,152.41603088378906,149.08772
2018-01-04,152.6826934814453,150.51726
2018-01-05,154.216064453125,151.44499
2018-01-08,154.8160858154297,152.58743
2018-01-09,154.8256378173828,153.47511
2018-01-10,154.46372985839844,153.88075
2018-01-11,155.52090454101562,153.8281
2018-01-12,156.6637725830078,154.25853
2018-01-16,156.2161865234375,155.11642
2018-01-17,157.90196228027344,155.395
2018-01-18,157.93051147460938,156.30322
2018-01-19,158.42578125,156.85692
2018-01-22,160.12110900878906,157.33543
2018-01-23,161.44493103027344,158.41377
2018-01-24,160.3972930908203,159.70145
2018-01-25,160.34014892578125,159.83165
2018-01-26,162.79737854003906,159.70169
2018-01-29,162.00689697265625,160.84485
2018-01-30,160.67349243164062,161.17882
2018-01-31,161.34022521972656,160.56148
2018-02-01,159.96875,160.46706
2018-02-02,156.77813720703125,159.79294
2018-02-05,150.59690856933594,157.78268
2018-02-06,154.58755493164062,153.53972
2018-02-07,152.58746337890625,153.11745
2018-02-08,146.14910888671875,152.4595
2018-02-09,148.67303466796875,148.99658
2018-02-12,151.3112335205078,148.08208
2018-02-13,152.09222412109375,149.24062
2018-02-14,154.93991088867188,150.53702
2018-02-15,157.81625366210938,152.61916
2018-02-16,157.11146545410156,155.19173
2018-02-20,157.4257354736328,156.17462
2018-02-21,156.9781036376953,156.56635
2018-02-22,156.9590301513672,156.42245
2018-02-23,160.1687469482422,156.26233
2018-02-26,162.2926025390625,157.80598
2018-02-27,160.2830047607422,159.91127
2018-02-28,159.25440979003906,160.02695
2018-03-01,156.65431213378906,159.28682
2018-03-02,158.0924835205078,157.47598
2018-03-05,159.84490966796875,157.16507
2018-03-06,160.5211639404297,158.11394
2018-03-07,160.892578125,159.12914
2018-03-08,161.77828979492188,159.83694
2018-03-09,164.9213409423828,160.58017
2018-03-12,165.7975616455078,162.5418
2018-03-13,163.54026794433594,164.10477
2018-03-14,163.51174926757812,163.62717
2018-03-15,163.36886596679688,163.08667
2018-03-16,162.88311767578125,162.7257
2018-03-19,159.4078369140625,162.3375
2018-03-20,159.9324951171875,160.38489
2018-03-21,159.23611450195312,159.51181
2018-03-22,155.30580139160156,158.88496
2018-03-23,151.21324157714844,156.6537
2018-03-26,156.83213806152344,153.31502
2018-03-27,151.7570343017578,154.28639
2018-03-28,150.01123046875,152.86354
2018-03-29,152.7586669921875,150.99696
2018-04-02,148.35133361816406,151.31622
2018-04-03,150.02081298828125,149.62459
2018-04-04,152.3866424560547,149.30617
2018-04-05,153.25473022460938,150.47577
2018-04-06,149.41983032226562,151.72008
2018-04-09,150.46913146972656,150.48056
2018-04-10,153.78892517089844,149.99574
2018-04-11,152.90174865722656,151.4578
2018-04-12,154.74295043945312,152.05672
2018-04-13,153.94158935546875,153.15796
2018-04-16,155.11497497558594,153.37708
2018-04-17,158.45388793945312,153.93925
2018-04-18,158.77822875976562,155.92557
2018-04-19,157.31863403320312,157.28862
2018-04-20,154.8287811279297,157.14587
2018-04-23,154.4376678466797,155.6027
2018-04-24,151.16555786132812,154.4365
2018-04-25,151.3468017578125,152.29266
2018-04-26,154.53309631347656,151.19582
2018-04-27,154.62843322753906,152.37079
2018-04-30,153.5313720703125,153.36082
2018-05-01,155.28672790527344,153.30128
2018-05-02,154.3708953857422,153.96994
2018-05-03,154.35177612304688,153.92635
2018-05-04,157.28053283691406,153.78403
2018-05-07,158.5874481201172,155.14157
2018-05-08,158.42526245117188,156.68756
2018-05-09,160.1519317626953,157.409
2018-05-10,161.8118133544922,158.51361
2018-05-11,161.65921020507812,159.94206
2018-05-14,161.9358367919922,160.60999
2018-05-15,160.1423797607422,160.97112
2018-05-16,161.2012939453125,160.18344
2018-05-17,160.5812225341797,160.18527
2018-05-18,159.7512969970703,159.98349
2018-05-21,160.6479949951172,159.456
2018-05-22,160.43809509277344,159.61922
2018-05-23,161.7927703857422,159.6928
2018-05-24,161.74505615234375,160.41562
2018-05-25,161.90721130371094,160.83145
2018-05-29,161.1917724609375,161.07233
2018-05-30,162.3460693359375,160.78838
2018-05-31,162.24111938476562,161.16122
2018-06-01,164.7882080078125,161.37447
2018-06-04,166.2764129638672,162.77264
2018-06-05,166.79153442382812,164.38512
2018-06-06,167.76455688476562,165.46487
2018-06-07,166.40040588378906,166.40886
2018-06-08,166.40992736816406,166.11269
2018-06-11,166.8583221435547,165.80469
2018-06-12,167.73599243164062,165.88678
2018-06-13,167.72642517089844,166.45148
2018-06-14,169.42445373535156,166.79756
2018-06-15,168.83303833007812,167.8367
2018-06-18,168.7355194091797,168.11075
2018-06-19,168.25746154785156,168.08832
2018-06-20,169.45254516601562,167.77591
2018-06-21,167.98025512695312,168.21721
2018-06-22,167.60745239257812,167.75214
2018-06-25,163.83114624023438,167.2269
2018-06-26,164.5003662109375,164.99426
2018-06-27,162.26332092285156,164.06563
2018-06-28,163.65907287597656,162.63982
2018-06-29,164.0988311767578,162.63535
2018-07-02,165.19827270507812,163.06012
2018-07-03,163.28622436523438,163.90565
2018-07-05,165.31298828125,163.37366
2018-07-06,167.88467407226562,163.96764
2018-07-09,169.39512634277344,165.7223
2018-07-10,169.51943969726562,167.51631
2018-07-11,168.65902709960938,168.43872
2018-07-12,171.56524658203125,168.28801
2018-07-13,171.70867919921875,169.59305
2018-07-16,171.29763793945312,170.47305
2018-07-17,172.3396453857422,170.62814
2018-07-18,172.01461791992188,171.16151
2018-07-19,171.1541748046875,171.28706
2018-07-20,171.11595153808594,170.84302
2018-07-23,171.66087341308594,170.5449
2018-07-24,172.3682861328125,170.71904
2018-07-25,174.77752685546875,171.24973
2018-07-26,172.1293487548828,172.84354
2018-07-27,169.80621337890625,172.3003
2018-07-30,167.40664672851562,170.52618
2018-07-31,168.68765258789062,168.2481
2018-08-01,169.32818603515625,167.79025
2018-08-02,171.63218688964844,168.16882
2018-08-03,172.1580047607422,169.71169
2018-08-06,173.17137145996094,170.88223
2018-08-07,173.80235290527344,171.91586
2018-08-08,174.0126495361328,172.69087
2018-08-09,173.90753173828125,173.10728
2018-08-10,172.5786590576172,173.1818
2018-08-13,172.387451171875,172.45197
2018-08-14,173.46774291992188,171.91226
2018-08-15,171.3454132080078,172.27463
2018-08-16,171.90945434570312,171.4433
2018-08-17,171.94769287109375,171.22435
2018-08-20,171.7947235107422,171.22171
2018-08-21,172.4257049560547,171.1781
2018-08-22,173.09490966796875,171.49289
2018-08-23,172.8463134765625,172.04143
2018-08-24,174.45240783691406,172.19067
2018-08-27,176.2305908203125,173.06378
2018-08-28,176.48870849609375,174.51253
2018-08-29,178.5250244140625,175.3944
2018-08-30,178.20957946777344,176.82784
2018-08-31,178.43898010253906,177.36598
2018-09-04,177.67420959472656,177.61588
2018-09-05,175.37973022460938,177.26274
2018-09-06,173.81192016601562,175.77693
2018-09-07,173.14268493652344,174.11797
2018-09-10,173.725830078125,172.98991
2018-09-11,175.0642852783203,172.87775
2018-09-12,174.54803466796875,173.70451
2018-09-13,176.41224670410156,173.94485
2018-09-14,175.89602661132812,174.98663
2018-09-17,173.36256408691406,175.26628
2018-09-18,174.79661560058594,173.91077
2018-09-19,174.66273498535156,173.83351
2018-09-20,176.59388732910156,173.87715
2018-09-21,175.6283416748047,174.97766
2018-09-24,176.11676025390625,175.1043
2018-09-25,176.35621643066406,175.30872
2018-09-26,176.48068237304688,175.5302
2018-09-27,177.97476196289062,175.70016
2018-09-28,177.93641662597656,176.58624
2018-10-01,178.3004150390625,177.06279
2018-10-02,177.89816284179688,177.43031
2018-10-03,178.08969116210938,177.35597
2018-10-04,174.67062377929688,177.36781
2018-10-05,172.5348358154297,175.51755
2018-10-08,171.48130798339844,173.29553
2018-10-09,172.03684997558594,171.66676
2018-10-10,164.4707794189453,171.30884
2018-10-11,162.43089294433594,167.32265
2018-10-12,166.95132446289062,163.96422
2018-10-15,164.9304962158203,164.7805
2018-10-16,169.7287139892578,164.6979
2018-10-17,169.7957305908203,167.08237
2018-10-18,165.8594970703125,168.56203
2018-10-19,165.70626831054688,167.04901
2018-10-22,166.55860900878906,165.8151
2018-10-23,165.94569396972656,165.67062
2018-10-24,158.35086059570312,165.4378
2018-10-25,163.82907104492188,161.41466
2018-10-26,159.6151123046875,161.80688
2018-10-29,156.3300323486328,160.42387
2018-10-30,158.90638732910156,157.90385
2018-10-31,162.64149475097656,157.81357
2018-11-01,164.78680419921875,159.99736
2018-11-02,162.2201385498047,162.50955
2018-11-05,161.81787109375,162.45096
2018-11-06,163.04373168945312,161.82767
2018-11-07,168.15805053710938,162.02834
2018-11-08,167.08538818359375,164.8708
2018-11-09,164.2696533203125,166.05858
2018-11-12,159.29908752441406,164.94614
2018-11-13,159.43316650390625,161.52142
2018-11-14,158.2167510986328,159.6256
2018-11-15,160.98463439941406,158.30118
2018-11-16,160.41958618164062,159.1799
2018-11-19,155.2095489501953,159.6556
2018-11-20,152.43212890625,157.21255
2018-11-21,153.59100341796875,154.21483
2018-11-23,152.4800262451172,153.19629
2018-11-26,156.00445556640625,152.41515
2018-11-27,156.53118896484375,153.82329
2018-11-28,161.56884765625,155.10603
2018-11-29,161.04208374023438,158.26227
2018-11-30,162.21054077148438,159.8019
2018-12-03,165.04542541503906,160.90355
2018-12-04,158.71481323242188,162.7928
2018-12-06,159.83535766601562,160.55179
2018-12-07,154.55828857421875,159.47897
2018-12-10,156.17684936523438,156.4378
2018-12-11,156.69400024414062,155.52992
2018-12-12,158.0731201171875,155.65562
2018-12-13,158.12106323242188,156.5998
2018-12-14,154.27098083496094,157.2232
2018-12-17,150.7753143310547,155.54839
2018-12-18,151.72344970703125,152.64691
2018-12-19,147.99783325195312,151.46869
2018-12-20,145.85250854492188,149.2949
2018-12-21,141.33203125,147.04514
2018-12-24,137.82728576660156,143.73376
2018-12-26,146.43307495117188,140.24232
2018-12-27,146.999755859375,142.42816
2018-12-28,146.92291259765625,144.71954
2018-12-31,148.16197204589844,145.92287
2019-01-02,148.75746154785156,146.94092
2019-01-03,143.89747619628906,147.67744
2019-01-04,150.05409240722656,145.65088
2019-01-07,151.84054565429688,147.13966
2019-01-08,153.21397399902344,149.28645
2019-01-09,154.46261596679688,151.19366
2019-01-10,154.9044189453125,152.74663
2019-01-11,154.33775329589844,153.68622
2019-01-14,152.97386169433594,153.77661
2019-01-15,155.96092224121094,153.01758
2019-01-16,155.93214416503906,153.99275
2019-01-17,157.16156005859375,154.72427
2019-01-18,158.7174835205078,155.69183
2019-01-22,155.5383758544922,156.98807
2019-01-23,155.74005126953125,156.0784
2019-01-24,156.74851989746094,155.41273
2019-01-25,158.62144470214844,155.60078
2019-01-28,156.66212463378906,156.76228
2019-01-29,155.18295288085938,156.50407
2019-01-30,159.1304931640625,155.44093
2019-01-31,161.51246643066406,156.7623
2019-02-01,160.83053588867188,158.95808
2019-02-04,162.8282928466797,159.83606
2019-02-05,164.26898193359375,161.09438
2019-02-06,163.77914428710938,162.47615
2019-02-07,161.5796661376953,162.90448
2019-02-08,161.89659118652344,161.84401
2019-02-11,161.7429962158203,161.28648
2019-02-12,164.13453674316406,161.00941
2019-02-13,164.24978637695312,162.16635
2019-02-14,164.4515380859375,163.00618
2019-02-15,165.14305114746094,163.48982
2019-02-19,165.46958923339844,164.02457
2019-02-20,165.4407958984375,164.44821
2019-02-21,164.835693359375,164.61684
2019-02-22,166.05551147460938,164.3459
2019-02-25,166.6605682373047,164.78989
2019-02-26,166.8334503173828,165.41664
2019-02-27,166.72781372070312,165.84248
2019-02-28,166.34364318847656,165.96626
2019-03-01,167.49620056152344,165.78166
2019-03-04,167.52496337890625,166.25336
2019-03-05,167.64984130859375,166.58337
2019-03-06,166.69900512695312,166.79544
2019-03-07,164.6531982421875,166.38234
2019-03-08,164.4034881591797,165.03564
2019-03-11,167.82272338867188,164.1413
2019-03-12,168.7447509765625,165.55692
2019-03-13,170.01258850097656,167.04938
2019-03-14,169.72445678710938,168.45836
2019-03-15,171.2996368408203,168.94778
2019-03-18,171.70762634277344,169.86963
2019-03-19,172.28492736816406,170.55684
2019-03-20,172.9680938720703,171.153
2019-03-21,175.6719970703125,171.7823
2019-03-22,171.8134002685547,173.53496
2019-03-25,171.48629760742188,172.42361
2019-03-26,172.28492736816406,171.37328
2019-03-27,171.1783905029297,171.30443
2019-03-28,171.57289123535156,170.82803
2019-03-29,172.87193298339844,170.78873
2019-04-01,175.16195678710938,171.52858
2019-04-02,175.8258819580078,173.21269
2019-04-03,176.8362579345703,174.47824
2019-04-04,176.7688751220703,175.54532
2019-04-05,177.68296813964844,175.9474
2019-04-08,178.13522338867188,176.52478
2019-04-09,177.50979614257812,177.04587
2019-04-10,178.46240234375,176.93686
2019-04-11,178.03895568847656,177.33311
2019-04-12,178.8087615966797,177.35033
2019-04-15,178.8376007080078,177.74559
2019-04-16,179.45347595214844,177.99396
2019-04-17,180.0789031982422,178.43405
2019-04-18,180.30987548828125,179.00237
2019-04-22,180.8198089599609,179.40303
2019-04-23,183.11949157714844,179.84142
2019-04-24,182.54220581054688,181.31358
2019-04-25,183.2830505371093,181.77956
2019-04-26,183.4466247558593,182.27425
2019-04-29,183.8027191162109,182.57384
2019-04-30,182.3785858154297,182.87944
2019-05-01,181.79165649414065,182.22052
2019-05-02,181.00265502929688,181.48781
2019-05-03,183.88926696777344,180.71828
2019-05-06,182.7635040283203,181.99266
2019-05-07,179.2032928466797,182.20406
2019-05-08,178.75106811523438,180.20444
2019-05-09,177.78880310058594,178.77895
2019-05-10,178.0101318359375,177.66951
2019-05-13,171.83270263671875,177.35211
2019-05-14,173.71865844726562,173.96562
2019-05-15,176.17227172851562,173.07758
2019-05-16,177.9427947998047,174.29956
2019-05-17,176.1241455078125,176.13222
2019-05-20,173.15093994140625,176.06956
2019-05-21,174.95986938476562,174.16338
2019-05-22,174.18051147460938,173.9958
2019-05-23,171.5151824951172,173.7034
2019-05-24,171.42860412597656,172.14455
2019-05-28,170.7838897705078,171.22792
2019-05-29,169.37905883789062,170.54417
2019-05-30,170.09107971191406,169.52893
2019-05-31,167.3776092529297,169.40108
2019-06-03,163.69236755371094,168.02472
2019-06-04,168.30140686035156,165.29424
2019-06-05,169.55224609375,166.22035
2019-06-06,170.89935302734375,167.80457
2019-06-07,174.19973754882812,169.38765
2019-06-10,176.2300567626953,171.8793
2019-06-11,176.47061157226562,174.23021
2019-06-12,175.45062255859375,175.40344
2019-06-13,176.4898223876953,175.20056
2019-06-14,175.7393341064453,175.46481
2019-06-17,176.7977752685547,175.23042
2019-06-18,179.3668670654297,175.65384
2019-06-19,180.04042053222656,177.35034
2019-06-20,181.71466064453125,178.67928
2019-06-21,181.4452514648437,180.168
2019-06-24,181.45103454589844,180.69374
2019-06-25,178.33616638183594,180.79353
2019-06-26,179.16551208496094,179.04202
2019-06-27,179.85023498535156,178.47826
2019-06-28,180.0816650390625,178.7495
2019-07-01,182.5118103027344,179.13411
2019-07-02,183.2350616455078,180.68294
2019-07-03,184.61407470703125,181.92711
2019-07-05,184.23797607421875,183.2081
2019-07-08,182.94581604003903,183.54504
2019-07-09,183.8619079589844,182.83122
2019-07-10,185.6941375732422,182.88066
2019-07-11,185.55911254882807,184.02402
2019-07-12,186.62954711914065,184.61037
2019-07-15,187.2274780273437,185.41904
2019-07-16,186.2631072998047,186.13492
2019-07-17,185.34695434570312,185.8883
2019-07-18,185.55911254882807,185.14075
2019-07-19,184.19940185546875,184.8681
2019-07-22,185.66519165039065,184.0495
2019-07-23,186.8803253173828,184.46774
2019-07-24,188.19175720214844,185.5003
2019-07-25,186.4077911376953,186.78928
2019-07-26,188.32681274414065,186.3676
2019-07-29,187.6807098388672,187.04929
2019-07-30,186.8706817626953,187.08961
2019-07-31,184.2862243652344,186.57431
2019-08-01,183.3701019287109,184.81725
2019-08-02,180.66995239257807,183.39185
2019-08-05,174.28594970703125,181.30946
2019-08-06,176.72569274902344,176.8214
2019-08-07,177.6804656982422,175.87886
2019-08-08,181.5474853515625,176.42776
2019-08-09,179.84060668945312,179.04585
2019-08-12,177.7769012451172,179.56192
2019-08-13,181.6728057861328,178.36955
2019-08-14,176.24359130859375,179.7052
2019-08-15,176.04107666015625,177.60078
2019-08-16,178.8665771484375,176.12985
2019-08-19,181.71139526367188,177.06573
2019-08-20,180.303466796875,179.39214
2019-08-21,181.9042510986328,179.87877
2019-08-22,181.3159942626953,180.75082
2019-08-23,175.5782012939453,180.83047
2019-08-26,178.2301483154297,177.59343
2019-08-27,177.8540496826172,177.17456
2019-08-28,178.49049377441406,177.12617
2019-08-29,181.21958923339844,177.54993
2019-08-30,180.7856292724609,179.31976
2019-09-03,179.03053283691406,180.05183
2019-09-04,181.6149444580078,179.26958
2019-09-05,184.9419708251953,180.12195
2019-09-06,184.7587432861328,182.53955
2019-09-09,184.3729858398437,183.72472
2019-09-10,183.84259033203125,183.87405
2019-09-11,185.56881713867188,183.48347
2019-09-12,186.3402557373047,184.19739
2019-09-13,185.67483520507807,185.08766
2019-09-16,184.8455047607422,185.1435
2019-09-17,185.7327423095703,184.60141
2019-09-18,185.65557861328125,184.78473
2019-09-19,185.9641876220703,184.91269
2019-09-20,183.99693298339844,185.14856
2019-09-23,184.0780487060547,184.15799
2019-09-24,181.6333923339844,183.61874
2019-09-25,183.6722106933593,182.06178
2019-09-26,182.99581909179688,182.39948
2019-09-27,180.7250366210937,182.40944
2019-09-30,182.44500732421875,181.1286
2019-10-01,180.9569854736328,181.35205
2019-10-02,177.8455047607422,180.80023
2019-10-03,179.7974090576172,178.75053
2019-10-04,182.44500732421875,178.71777
2019-10-07,181.894287109375,180.41681
2019-10-08,179.1693115234375,181.11954
2019-10-09,180.9183349609375,179.80284
2019-10-10,182.3194122314453,179.9043
2019-10-11,184.66749572753903,180.8834
2019-10-14,184.6481475830078,182.75877
2019-10-15,186.99624633789065,183.70337
2019-10-16,186.53244018554688,185.32068
2019-10-17,187.0252990722656,185.83128
2019-10-18,185.2279510498047,186.1875
2019-10-21,186.87063598632807,185.29167
2019-10-22,185.38259887695312,185.67784
2019-10-23,185.7400817871093,185.16786
2019-10-24,187.54702758789065,185.06308
2019-10-25,189.04481506347656,186.09402
2019-10-28,190.9097137451172,187.54776
2019-10-29,189.43130493164065,189.30469
2019-10-30,190.3492889404297,189.23833
2019-10-31,190.4362945556641,189.48991
2019-11-01,192.1658935546875,189.65515
2019-11-04,193.3544769287109,190.711
2019-11-05,193.4607696533203,191.96283
2019-11-06,193.02593994140625,192.5898
2019-11-07,193.6733245849609,192.52243
2019-11-08,194.4463653564453,192.77467
2019-11-11,194.1854553222656,193.36493
2019-11-12,194.74588012695312,193.51114
2019-11-13,194.79421997070312,193.85327
2019-11-14,194.6396026611328,194.04767
2019-11-15,196.06971740722656,194.02458
2019-11-18,196.22433471679688,194.8259
2019-11-19,196.51422119140625,195.35149
2019-11-20,195.33534240722656,195.71375
2019-11-21,194.9005126953125,195.14531
2019-11-22,195.026107788086,194.5384
2019-11-25,197.3355407714844,194.35068
2019-11-26,197.71240234375,195.6883
2019-11-27,199.0941772460937,196.6673
2019-11-29,198.1859130859375,197.85977
2019-12-02,196.1566619873047,197.82372
2019-12-03,194.6202850341797,196.44966
2019-12-04,195.60592651367188,194.8069
2019-12-05,195.9923858642578,194.67313
2019-12-06,198.0892791748047,195.04837
2019-12-09,197.1906280517578,196.53625
2019-12-10,197.02633666992188,196.76907
2019-12-11,198.06993103027344,196.61609
2019-12-12,199.54833984375,197.09537
2019-12-13,200.2054443359375,198.23238
2019-12-16,202.21530151367188,199.17247
2019-12-17,202.3312530517578,200.73407
2019-12-18,202.48587036132807,201.50319
2019-12-19,203.7517242431641,201.80685
2019-12-20,204.5730743408203,202.62071
2019-12-23,205.11343383789065,203.50037
2019-12-24,205.2199249267578,204.19655
2019-12-26,207.03077697753903,204.52039
2019-12-27,206.8565216064453,205.70605
2019-12-30,205.50079345703125,206.16937
2019-12-31,205.8881225585937,205.44693
2020-01-02,209.3258819580078,205.25139
2020-01-03,207.4084930419922,207.33054
2020-01-06,208.7448272705078,207.25507
2020-01-07,208.7158203125,207.8121
2020-01-08,210.2845764160156,208.05614
2020-01-09,212.06642150878903,209.07947
2020-01-10,211.52410888671875,210.6652
2020-01-13,213.9644470214844,211.00871
2020-01-14,213.1219482421875,212.5098
2020-01-15,213.2091217041016,212.67062
2020-01-16,215.2524261474609,212.63483
2020-01-17,216.3176422119141,213.86453
2020-01-21,216.2207946777344,215.15239
2020-01-22,216.7921142578125,215.60065
2020-01-23,217.48936462402344,216.03062
2020-01-24,215.6591033935547,216.61795
2020-01-27,211.20455932617188,215.69632
2020-01-28,214.44862365722656,212.38942
2020-01-29,214.79725646972656,212.90926
2020-01-30,215.56231689453125,213.7705
2020-01-31,212.14390563964844,214.6814
2020-02-03,215.3492126464844,212.88972
2020-02-04,220.2783203125,213.9001
2020-02-05,221.00460815429688,217.68419
2020-02-06,222.9123077392578,219.91017
2020-02-07,221.95361328125,221.77357
2020-02-10,224.63604736328125,221.7342
2020-02-11,224.6747283935547,223.19687
2020-02-12,226.8633270263672,223.89505
2020-02-13,226.57281494140625,225.50662
2020-02-14,227.2216339111328,226.00146
2020-02-18,227.30877685546875,226.49294
2020-02-19,229.48768615722656,226.71933
2020-02-20,227.35720825195312,228.2079
2020-02-21,222.98977661132807,227.47467
2020-02-24,214.39051818847656,224.13075
2020-02-25,208.56085205078125,217.12862
2020-02-26,209.63580322265625,210.57657
2020-02-27,199.1385498046875,208.9013
2020-02-28,199.29342651367188,202.46672
2020-03-02,209.57766723632807,199.65599
2020-03-03,202.8570709228516,205.13893
2020-03-04,211.3207855224609,204.25507
2020-03-05,204.900390625,208.35693
2020-03-06,201.4432678222656,206.46835
2020-03-09,187.45005798339844,202.90678
2020-03-10,197.6568603515625,192.92723
2020-03-11,189.04795837402344,194.14963
2020-03-12,171.71385192871094,190.97133
2020-03-13,186.2589874267578,179.53133
2020-03-16,163.94741821289062,181.75888
2020-03-17,176.38145446777344,172.10854
2020-03-18,171.0166473388672,173.21921
2020-03-19,172.0430908203125,172.09152
2020-03-20,165.30316162109375,171.92578
2020-03-23,165.42251586914062,168.33023
2020-03-24,178.23243713378906,166.24986
2020-03-25,176.9126434326172,172.1913
2020-03-26,186.2289123535156,175.37012
2020-03-27,179.82398986816406,181.61917
2020-03-30,186.36474609375,181.21008
2020-03-31,184.77322387695312,183.7621
2020-04-01,176.9223175048828,184.28676
2020-04-02,180.5129852294922,179.9077
2020-04-03,177.9509735107422,179.34914
2020-04-06,190.6735382080078,178.17091
2020-04-07,190.595932006836,184.72273
2020-04-08,194.64273071289065,188.6584
2020-04-09,194.9241180419922,192.40897
2020-04-13,197.0299835205078,194.06319
2020-04-14,205.5990447998047,195.6492
2020-04-15,203.2408447265625,201.31203
2020-04-16,206.9479522705078,202.71732
2020-04-17,208.9276733398437,205.0108
2020-04-20,206.4530334472656,207.18222
2020-04-21,198.8350372314453,206.51042
2020-04-22,204.7353515625,201.30138
2020-04-23,204.29864501953125,202.25368
2020-04-24,207.52052307128903,203.10966
2020-04-27,209.189697265625,205.50558
2020-04-28,205.2497100830078,207.6785
2020-04-29,212.52804565429688,206.0801
2020-04-30,212.4407196044922,209.43169
2020-05-01,206.4530334472656,211.21323
2020-05-04,208.85975646972656,208.03516
2020-05-05,211.22764587402344,207.68672
2020-05-06,212.52804565429688,209.3007
2020-05-07,215.26467895507807,211.02364
2020-05-08,218.21484375,213.45071
2020-05-11,220.1654663085937,216.31725
2020-05-12,215.5558319091797,218.67409
2020-05-13,212.85801696777344,216.53499
2020-05-14,215.2743988037109,213.50746
2020-05-15,216.67190551757807,213.76355
2020-05-18,220.7089385986328,215.15869
2020-05-19,220.15577697753903,218.46257
2020-05-20,224.5518798828125,219.59416
2020-05-21,222.1063690185547,222.58122
2020-05-22,222.87301635742188,222.24478
2020-05-26,222.2713317871093,222.22006
2020-05-27,223.48440551757807,221.80978
2020-05-28,223.1932830810547,222.41325
2020-05-29,226.46368408203125,222.57841
2020-06-01,227.1429901123047,224.74242
2020-06-02,228.6665802001953,226.19608
2020-06-03,229.69528198242188,227.64308
2020-06-04,228.0843200683593,228.80106
2020-06-05,232.6065673828125,228.08784
2020-06-08,234.41165161132807,230.59969
2020-06-09,236.10997009277344,233.01959
2020-06-10,238.9436187744141,235.00734
2020-06-11,227.10421752929688,237.52539
2020-06-12,228.9092254638672,230.4428
2020-06-15,231.6943817138672,228.23416
2020-06-16,235.6732482910156,229.79475
2020-06-17,236.4204864501953,233.53307
2020-06-18,237.0609893798828,235.64638
2020-06-19,237.0221405029297,236.60538
2020-06-22,239.8646697998047,236.69106
2020-06-23,241.9061279296875,238.48424
2020-06-24,236.9191131591797,240.62457
2020-06-25,239.1744384765625,237.96474
2020-06-26,233.5263671875,238.10812
2020-06-29,236.07334899902344,234.60588
2020-06-30,240.70071411132807,234.8436
2020-07-01,243.5101623535156,238.4817
2020-07-02,245.16278076171875,242.06448
2020-07-06,251.1900787353516,244.38548
2020-07-07,249.4596099853516,249.118
2020-07-08,252.74546813964844,249.56566
2020-07-09,254.87440490722656,251.4972
2020-07-10,256.6145935058594,253.67397
2020-07-13,251.3358764648437,255.60405
2020-07-14,253.1148834228516,252.3967
2020-07-15,253.630126953125,252.17165
2020-07-16,251.8997344970703,252.77937
2020-07-17,252.1913452148437,251.90985
2020-07-20,259.3463439941406,251.746
2020-07-21,256.6437683105469,256.8721
2020-07-22,257.5477600097656,257.0313
2020-07-23,250.82061767578125,257.19562
2020-07-24,248.4389038085937,252.31848
2020-07-27,252.871810913086,248.65529
2020-07-28,249.6540679931641,250.79955
2020-07-29,252.5316162109375,249.88452
2020-07-30,253.8536834716797,251.42366
2020-07-31,258.3838806152344,253.06227
2020-08-03,261.8738098144531,256.79648
2020-08-04,262.8459167480469,260.60245
2020-08-05,263.49725341796875,262.37192
2020-08-06,266.9872436523437,263.05283
2020-08-07,263.9056091308594,265.61038
2020-08-10,262.77789306640625,264.23697
2020-08-11,257.800537109375,262.65207
2020-08-12,264.28472900390625,258.57358
2020-08-13,264.887451171875,261.94513
2020-08-14,264.5763244628906,264.19693
2020-08-17,267.6483154296875,264.5924
2020-08-18,270.2244567871094,266.72067
2020-08-19,268.40655517578125,269.31714
2020-08-20,272.1297912597656,268.6756
2020-08-21,274.01568603515625,270.877
2020-08-24,275.7266845703125,273.11096
2020-08-25,277.8945617675781,275.0009
2020-08-26,283.8245849609375,277.0722
2020-08-27,282.9399719238281,282.1098
2020-08-28,284.3787841796875,282.97842
2020-08-31,286.6632080078125,283.835
2020-09-01,291.5627746582031,285.7218
2020-09-02,294.32379150390625,290.08502
2020-09-03,279.4013671875,293.5495
2020-09-04,275.6781311035156,282.5673
2020-09-08,262.42791748046875,275.7143
2020-09-09,270.1369934082031,264.47034
2020-09-10,264.7513732910156,267.12103
2020-09-11,262.9140319824219,265.42853
2020-09-14,267.49273681640625,263.42416
2020-09-15,271.2840270996094,266.14847
2020-09-16,266.95806884765625,270.11658
2020-09-17,262.78765869140625,268.03403
2020-09-18,259.4338073730469,263.6525
2020-09-21,260.055908203125,259.65308
2020-09-22,264.887451171875,259.05267
2020-09-23,256.7992858886719,262.8694
2020-09-24,257.9950561523437,258.6528
2020-09-25,263.9930419921875,257.57965
2020-09-28,269.4759521484375,261.8848
2020-09-29,268.2607727050781,267.7745
2020-09-30,270.0981140136719,268.72473
2020-10-01,274.3851928710937,269.74728
2020-10-02,266.6664428710937,273.09137
2020-10-05,272.3533935546875,268.4191
2020-10-06,267.49273681640625,270.6005
2020-10-07,272.1201171875,268.24283
2020-10-08,273.5685729980469,270.71466
2020-10-09,277.748779296875,272.97043
2020-10-12,286.322998046875,276.7456
2020-10-13,286.3133239746094,284.3796
2020-10-14,283.9218444824219,286.61612
2020-10-15,282.0164489746094,284.61407
2020-10-16,280.4707336425781,282.04367
2020-10-19,275.8920288085937,280.11618
2020-10-20,276.4850158691406,276.2901
2020-10-21,276.2711181640625,275.72067
2020-10-22,276.26141357421875,275.83536
2020-10-23,276.80584716796875,276.02158
2020-10-26,272.65478515625,276.49524
2020-10-27,274.78375244140625,273.45938
2020-10-28,264.07086181640625,273.87988
2020-10-29,268.6884765625,266.26648
2020-10-30,261.8738098144531,266.9337
2020-11-02,262.4570617675781,262.9086
2020-11-03,266.9969482421875,261.91693
2020-11-04,278.9153137207031,265.29294
2020-11-05,286.1869506835937,275.62448
2020-11-06,286.4007263183594,284.70917
2020-11-09,280.5484924316406,286.93933
2020-11-10,275.52264404296875,281.97076
2020-11-11,281.6859436035156,275.9852
2020-11-12,280.36383056640625,279.07837
2020-11-13,282.82330322265625,279.9672
2020-11-16,285.0301208496094,282.10425
2020-11-17,284.1260070800781,284.50153
2020-11-18,282.02618408203125,284.40024
2020-11-19,284.23291015625,282.43475
2020-11-20,282.2887268066406,283.39078
2020-11-23,282.2983703613281,282.39038
2020-11-24,286.2646789550781,281.9862
2020-11-25,288.02423095703125,284.99228
2020-11-27,290.6782531738281,287.43805
2020-11-30,291.27117919921875,290.0237
2020-12-01,295.0041809082031,291.0213
2020-12-02,295.38330078125,293.9405
2020-12-03,295.8013000488281,295.02356
2020-12-04,297.0067749023437,295.38153
2020-12-07,298.6885986328125,296.30435
2020-12-08,299.6995849609375,297.90363
2020-12-09,292.9140930175781,299.15128
2020-12-10,294.09039306640625,293.98245
2020-12-11,293.43902587890625,293.15887
2020-12-14,295.56805419921875,292.89493
2020-12-15,298.7274169921875,294.69928
2020-12-16,300.370361328125,297.86697
2020-12-17,302.3341064453125,300.00024
2020-12-18,301.4202575683594,301.84744
2020-12-21,300.8564147949219,301.34955
2020-12-22,301.67449951171875,300.46744
2020-12-23,300.1552429199219,300.85883
2020-12-24,301.4797058105469,299.87814
2020-12-28,304.5182189941406,300.66245
2020-12-29,304.7908935546875,303.49008
2020-12-30,304.8007202148437,304.54404
2020-12-31,305.55059814453125,304.57666
2021-01-04,301.2362670898437,305.0206
2021-01-05,303.7196655273437,301.61795
2021-01-06,299.51239013671875,302.55417
2021-01-07,306.7582397460937,299.80054
2021-01-08,310.7024841308594,304.80176
2021-01-11,306.2127990722656,309.84445
2021-01-12,305.7259216308594,307.21686
2021-01-13,307.7904968261719,305.4082
2021-01-14,306.1446228027344,306.67294
2021-01-15,303.7196655273437,305.92914
2021-01-19,308.1509094238281,303.6848
2021-01-20,315.3186950683594,306.70563
2021-01-21,317.8411560058594,313.752
2021-01-22,316.9256896972656,317.67154
2021-01-25,319.54541015625,317.22495
2021-01-26,320.012939453125,318.68054
2021-01-27,311.092041015625,319.39767
2021-01-28,312.9327392578125,312.03473
2021-01-29,306.3492126464844,311.47354
2021-02-01,314.00396728515625,306.69315
2021-02-02,319.1266784667969,311.86874
2021-02-03,317.8605651855469,318.1937
2021-02-04,321.6198425292969,318.4989
2021-02-05,322.71063232421875,320.9094
2021-02-08,324.8726501464844,322.21875
2021-02-09,324.80450439453125,324.05438
2021-02-10,324.0644226074219,324.2942
2021-02-11,325.8465576171875,323.53265
2021-02-12,327.66778564453125,324.81543
2021-02-16,326.781494140625,326.82483
2021-02-17,325.2135314941406,326.5369
2021-02-18,323.7917175292969,324.93106
2021-02-19,322.3795471191406,323.30267
2021-02-22,314.0234680175781,321.8519
2021-02-23,313.0885314941406,314.66788
2021-02-24,315.6693725585937,312.1551
2021-02-25,304.66424560546875,314.35873
2021-02-26,305.9400939941406,306.2963
2021-03-01,315.1434631347656,304.893
2021-03-02,310.0888977050781,312.74976
2021-03-03,301.090087890625,311.13858
2021-03-04,296.16217041015625,302.5174
2021-03-05,300.6226501464844,296.00974
2021-03-08,292.1108093261719,298.45987
2021-03-09,303.6319274902344,293.2717
2021-03-10,302.7651672363281,300.817
2021-03-11,309.7383117675781,303.02237
2021-03-12,307.22564697265625,308.65533
2021-03-15,310.50762939453125,307.9053
2021-03-16,312.21209716796875,309.6639
2021-03-17,313.4975280761719,311.52533
2021-03-18,303.8949890136719,312.9771
2021-03-19,304.9663391113281,305.35742
2021-03-22,310.68536376953125,303.9143
2021-03-23,309.32989501953125,308.95023
2021-03-24,304.1130065917969,309.7059
2021-03-25,303.5863952636719,305.23416
2021-03-26,308.1402893066406,303.2978
2021-03-29,308.052490234375,306.78708
2021-03-30,306.5021057128906,308.01062
2021-03-31,311.1924743652344,306.7737
2021-04-01,316.4970703125,310.00943
2021-04-05,322.81591796875,315.38177
2021-04-06,322.5917053222656,321.8609
2021-04-07,323.3717346191406,322.85654
2021-04-08,326.74566650390625,322.95905
2021-04-09,328.7252197265625,325.5722
2021-04-12,328.296142578125,327.93826
2021-04-13,332.1284484863281,327.99255
2021-04-14,328.14019775390625,331.0446
2021-04-15,333.11328125,328.4159
2021-04-16,333.5033874511719,331.6966
2021-04-19,330.4511413574219,333.10635
2021-04-20,328.0425720214844,330.55103
2021-04-21,330.8509216308594,327.63025
2021-04-22,326.8627319335937,329.48752
2021-04-23,330.9777526855469,326.89905
2021-04-26,333.1328125,329.6172
2021-04-27,331.6895751953125,332.38544
2021-04-28,330.568115234375,331.58145
2021-04-29,331.7578430175781,330.03546
2021-04-30,329.5833435058594,330.64096
2021-05-03,327.8281555175781,329.09
2021-05-04,321.9285888671875,327.191
2021-05-05,320.8461303710937,321.87866
2021-05-06,323.2644958496094,319.8473
2021-05-07,325.8876037597656,321.96112
2021-05-10,317.6575012207031,325.09714
2021-05-11,317.2186889648437,318.8305
2021-05-12,309.0081481933594,316.4102
2021-05-13,311.3972473144531,309.45563
2021-05-14,318.2718811035156,309.8515
2021-05-17,316.3410949707031,316.4463
2021-05-18,314.20556640625,316.8554
2021-05-19,314.5663452148437,314.51428
2021-05-20,320.6510925292969,313.9304
2021-05-21,318.87646484375,318.99475
2021-05-24,324.23956298828125,319.0464
2021-05-25,324.6882019042969,323.08286
2021-05-26,325.8193359375,324.485
2021-05-27,324.6004333496094,325.39935
2021-05-28,325.62420654296875,324.40738
2021-06-01,324.5419311523437,324.908
2021-06-02,325.1757202148437,324.2487
2021-06-03,321.79205322265625,324.62317
2021-06-04,327.2527770996094,321.9573
2021-06-07,328.2279357910156,325.84845
2021-06-08,328.38397216796875,327.98087
2021-06-09,328.4619445800781,328.29977
2021-06-10,331.8846435546875,328.11008
2021-06-11,332.75244140625,330.8399
2021-06-14,335.941162109375,332.26212
2021-06-15,333.7471008300781,335.0739
2021-06-16,332.52813720703125,333.68204
2021-06-17,336.7505187988281,331.9531
2021-06-18,334.10791015625,335.24835
2021-06-21,336.1844177246094,334.0203
2021-06-22,339.31817626953125,335.23807
2021-06-23,339.4841613769531,338.33264
2021-06-24,341.5831604003906,339.12442
2021-06-25,341.163330078125,340.78665
2021-06-28,345.3124084472656,340.64902
2021-06-29,346.56201171875,344.02917
2021-06-30,346.0152893066406,345.90714
2021-07-01,346.1520080566406,345.5153
2021-07-02,350.1253662109375,345.2856
2021-07-06,351.6385498046875,348.73935
2021-07-07,352.3805847167969,350.92212
2021-07-08,350.2522888183594,351.7374
2021-07-09,352.4390869140625,349.72845
2021-07-12,353.815673828125,351.0797
2021-07-13,353.815673828125,352.80106
2021-07-14,354.4501953125,353.09973
2021-07-15,351.9607238769531,353.53946
2021-07-16,349.1100769042969,351.33612
2021-07-19,346.2496337890625,348.25793
2021-07-20,350.2718200683594,345.2739
2021-07-21,352.9761047363281,348.54532
2021-07-22,355.309326171875,352.087
2021-07-23,359.4584655761719,354.6793
2021-07-26,359.7415771484375,358.47614
2021-07-27,355.7779541015625,359.11197
2021-07-28,357.14459228515625,355.1607
2021-07-29,357.779296875,355.39783
2021-07-30,355.91455078125,356.46002
2021-08-02,355.94390869140625,355.15982
2021-08-03,358.1014709472656,354.88458
2021-08-04,358.6188659667969,356.91196
2021-08-05,360.8935241699219,357.87177
2021-08-06,359.3119506835937,359.90704
2021-08-09,359.975830078125,358.73276
2021-08-10,358.13067626953125,358.8115
2021-08-11,357.51568603515625,357.2252
2021-08-12,358.8042907714844,356.36002
2021-08-13,360.0636291503906,357.52902
2021-08-16,360.2198486328125,359.057
2021-08-17,357.0470275878906,359.4274
2021-08-18,353.6106872558594,356.4508
2021-08-19,355.319091796875,352.6559
2021-08-20,358.9996032714844,353.67816
2021-08-23,364.3690490722656,357.67557
2021-08-24,365.4818420410156,363.3747
2021-08-25,365.9017639160156,365.12378
2021-08-26,363.5783081054688,365.1016
2021-08-27,367.1123046875,362.60522
2021-08-30,371.232177734375,365.2563
2021-08-31,370.929443359375,369.86017
2021-09-01,371.5444641113281,370.3402
2021-09-02,371.3687744140625,370.5009
2021-09-03,372.5110473632813,370.22144
2021-09-07,373.0381774902344,371.18396
2021-09-08,371.73974609375,371.89957
2021-09-09,370.46087646484375,370.76544
2021-09-10,367.6492004394531,369.2871
2021-09-13,367.3953857421875,366.52798
2021-09-14,366.3507995605469,365.94257
2021-09-15,369.0745239257813,365.19913
2021-09-16,369.3283386230469,367.65353
2021-09-17,364.9547424316406,368.43338
2021-09-20,357.41357421875,364.29352
2021-09-21,357.8533935546875,356.46255
2021-09-22,361.1958923339844,355.6901
2021-09-23,364.5286560058594,359.46915
2021-09-24,364.8706665039063,363.58057
2021-09-27,361.9582214355469,364.3784
2021-09-28,351.7156982421875,361.3189
2021-09-29,351.1390380859375,351.2241
2021-09-30,349.8489074707031,348.93185
2021-10-01,352.01861572265625,348.46634
2021-10-04,344.6299743652344,350.85956
2021-10-05,349.2821044921875,345.02292
2021-10-06,351.520263671875,347.60083
2021-10-07,354.7454528808594,350.66522
2021-10-08,352.9764404296875,354.0165
2021-10-11,350.26922607421875,352.7699
2021-10-12,349.047607421875,349.61597
2021-10-13,351.8427124023437,347.87946
2021-10-14,358.3225402832031,350.35974
2021-10-15,360.5801696777344,357.01947
2021-10-18,364.2061462402344,360.35907
2021-10-19,366.9621887207031,363.59106
2021-10-20,366.48333740234375,366.21353
2021-10-21,368.7213439941406,365.8359
2021-10-22,365.623291015625,367.44196
2021-10-25,369.3664245605469,364.95282
2021-10-26,370.5294799804688,367.76825
2021-10-27,371.3895568847656,369.68045
2021-10-28,375.5139465332031,370.62482
2021-10-29,377.3610534667969,374.32874
2021-11-01,378.6511535644531,376.53992
2021-11-02,380.23443603515625,377.6607
2021-11-03,384.2708435058594,378.95422
2021-11-04,389.1966857910156,382.71973
2021-11-05,389.5681457519531,387.80637
2021-11-08,389.0402221679688,388.58835
2021-11-09,386.3623962402344,387.56976
2021-11-10,380.68402099609375,384.67163
2021-11-11,381.7396240234375,378.98447
2021-11-12,385.7565002441406,379.40732
2021-11-15,385.6684875488281,383.97516
2021-11-16,388.4148559570313,384.80664
2021-11-17,388.6200866699219,386.99103
2021-11-18,392.646728515625,387.24768
2021-11-19,394.83599853515625,390.70197
2021-11-22,390.2522277832031,393.1959
2021-11-23,388.4734802246094,388.85596
2021-11-24,389.7244567871094,386.15973
2021-11-26,382.3357238769531,387.35745
2021-11-29,390.6334228515625,381.08276
2021-11-30,384.89642333984375,387.85718
2021-12-01,378.3482360839844,384.30374
2021-12-02,381.0750732421875,376.99634
2021-12-03,374.4485778808594,378.5116
2021-12-06,377.4490356445313,373.4254
2021-12-07,388.8155212402344,375.32047
2021-12-08,390.5551452636719,386.75174
2021-12-09,384.8084411621094,390.2811
2021-12-10,388.991455078125,384.11584
2021-12-13,383.3717346191406,386.27905
2021-12-14,379.4037170410156,381.9038
2021-12-15,388.05322265625,377.46692
2021-12-16,378.0746154785156,385.3591
2021-12-17,376.1882019042969,378.09085
2021-12-20,372.5391540527344,374.4373
2021-12-21,380.8766784667969,371.0314
2021-12-22,385.5152282714844,378.62683
2021-12-23,388.4216918945313,384.79236
2021-12-27,394.8411560058594,387.81094
2021-12-28,393.0112609863281,393.40854
2021-12-29,392.9525146484375,391.98602
2021-12-30,391.7782287597656,390.9512
2021-12-31,389.3317565917969,389.74088
2022-01-03,393.0796508789063,387.48724
2022-01-04,387.9812622070313,390.96384
2022-01-05,376.06201171875,387.10406
2022-01-06,375.7978210449219,375.04352
2022-01-07,371.7268676757813,373.14282
2022-01-10,371.9715576171875,370.3796
2022-01-11,377.5592651367188,370.57834
2022-01-12,379.0565490722656,376.08295
2022-01-13,369.573974609375,378.40668
2022-01-14,371.8736572265625,369.3043
2022-01-18,362.61627197265625,369.26053
2022-01-19,358.6333923339844,361.6095
2022-01-20,353.97528076171875,356.79596
2022-01-21,344.1600341796875,352.57443
2022-01-24,345.73553466796875,343.71402
2022-01-25,337.7209167480469,343.8405
2022-01-26,337.1925354003906,337.8521
2022-01-27,333.7967834472656,336.20093
2022-01-28,344.2677001953125,333.44733
2022-01-31,355.2768249511719,342.10342
2022-02-01,357.6938781738281,354.17188
2022-02-02,360.6003112792969,358.208
2022-02-03,345.9801025390625,360.1281
2022-02-04,350.3447570800781,346.66602
2022-02-07,347.5263977050781,347.39307
2022-02-08,351.43096923828125,346.57306
2022-02-09,358.87799072265625,350.29333
2022-02-10,350.7556457519531,358.06522
2022-02-11,339.629150390625,352.18585
2022-02-14,340.04998779296875,340.13065
2022-02-15,348.5050048828125,338.19083
2022-02-16,348.4168701171875,346.4469
2022-02-17,338.0536193847656,348.80698
2022-02-18,334.1979675292969,339.4088
2022-02-22,330.8414306640625,333.39688
2022-02-23,322.3669128417969,329.84888
2022-02-24,333.1997985839844,322.5035
2022-02-25,338.3667907714844,330.40717
2022-02-28,339.3747253417969,337.7578
2022-03-01,334.17840576171875,339.78226
2022-03-02,339.7857971191406,334.74728
2022-03-03,334.9319763183594,337.8688
2022-03-04,330.0781555175781,334.83432
2022-03-07,317.90447998046875,329.7441
2022-03-08,316.42681884765625,318.49142
2022-03-09,327.8175964355469,315.0632
2022-03-10,324.17724609375,325.04242
2022-03-11,317.4543762207031,325.34738
2022-03-14,311.35772705078125,318.82202
2022-03-15,321.1240234375,311.68445
2022-03-16,333.03350830078125,318.35455
2022-03-17,337.0652770996094,331.09546
2022-03-18,343.9642944335937,337.49817
2022-03-21,343.0080871582031,343.6077
2022-03-22,349.7491455078125,343.2124
2022-03-23,344.7226867675781,348.13718
2022-03-24,352.3847045898437,344.80176
2022-03-25,352.0907592773437,350.37497
2022-03-28,357.5384521484375,351.80203
2022-03-29,363.6916198730469,356.57028
2022-03-30,359.6744079589844,362.96463
2022-03-31,355.21636962890625,360.1593
2022-04-01,354.5403137207031,354.74268
2022-04-04,361.83978271484375,353.10995
2022-04-05,353.80548095703125,359.91238
2022-04-06,346.12384033203125,354.4641
2022-04-07,346.9468994140625,345.79672
2022-04-08,342.0967712402344,345.01962
2022-04-11,334.0037536621094,341.5004
2022-04-12,332.5928039550781,333.88754
2022-04-13,339.3534240722656,331.26157
2022-04-14,331.5934143066406,337.262
2022-04-18,331.8481140136719,332.39597
2022-04-19,339.2652587890625,330.82504
2022-04-20,334.31719970703125,337.12878
2022-04-21,327.3998718261719,334.60205
2022-04-22,318.8266296386719,327.4244
2022-04-25,322.92218017578125,318.5266
2022-04-26,310.73345947265625,320.50577
2022-04-27,310.3611145019531,311.9807
2022-04-28,321.3839111328125,309.49557
2022-04-29,306.9220275878906,318.8277
2022-05-02,312.0463562011719,309.86588
2022-05-03,312.3795166015625,310.69107
2022-05-04,322.9417419433594,311.85376
2022-05-05,306.6770935058594,320.97006
2022-05-06,303.0028381347656,309.89362
2022-05-09,291.1473083496094,302.86945
2022-05-10,294.6843566894531,292.22888
2022-05-11,285.944580078125,292.77386
2022-05-12,285.2684936523437,287.34818
2022-05-13,295.84051513671875,285.32892
2022-05-16,292.4112548828125,293.4963
2022-05-17,299.985107421875,293.71997
2022-05-18,285.2586669921875,298.91785
2022-05-19,283.7301940917969,288.60757
2022-05-20,282.84832763671875,283.52618
2022-05-23,287.55145263671875,282.07425
2022-05-24,281.4374389648437,285.95444
2022-05-25,285.37628173828125,282.87662
2022-05-26,293.2832336425781,284.575
2022-05-27,302.8558959960937,291.54266
2022-05-31,302.0523681640625,301.31766
2022-06-01,299.81854248046875,303.06686
2022-06-02,308.0292053222656,300.5925
2022-06-03,300.01446533203125,305.9995
2022-06-06,301.013916015625,301.3788
2022-06-07,303.6102905273437,300.3354
2022-06-08,301.4253845214844,302.56116
2022-06-09,293.35186767578125,301.73557
2022-06-10,283.00518798828125,294.86765
2022-06-13,269.84649658203125,284.66034
2022-06-14,270.3363342285156,271.9911
2022-06-15,277.087158203125,269.23883
2022-06-16,265.90771484375,274.77094
2022-06-17,269.1409606933594,268.84967
2022-06-21,275.9312438964844,268.59558
2022-06-22,275.5288391113281,273.94397
2022-06-23,279.6322631835937,275.57898
2022-06-24,289.2134704589844,278.65225
2022-06-27,287.093017578125,286.77176
2022-06-28,278.34625244140625,287.57104
2022-06-29,278.6014404296875,280.1903
2022-06-30,275.1460266113281,277.70868
2022-07-01,276.9620666503906,275.01694
2022-07-05,281.70361328125,275.95865
2022-07-06,283.5098571777344,280.3618
2022-07-07,289.57672119140625,283.33398
2022-07-08,289.9399108886719,288.59946
2022-07-11,283.7455139160156,290.24127
2022-07-12,280.9967346191406,285.27554
2022-07-13,280.41754150390625,281.17783
2022-07-14,281.4189453125,279.79065
2022-07-15,286.5236511230469,280.61374
2022-07-18,284.0989074707031,285.11075
2022-07-19,292.8358154296875,284.76007
2022-07-20,297.4792175292969,290.94058
2022-07-21,301.7496032714844,296.59186
2022-07-22,296.458251953125,301.14493
2022-07-25,294.76983642578125,297.60757
2022-07-26,288.97784423828125,294.5311
2022-07-27,301.19000244140625,289.25723
2022-07-28,304.1350402832031,297.6478
2022-07-29,309.6815490722656,303.45007
2022-08-01,309.4949645996094,309.0783
2022-08-02,308.572265625,309.88464
2022-08-03,316.9754943847656,308.57712
2022-08-04,318.4577941894531,314.8276
2022-08-05,315.8562927246094,317.99762
2022-08-08,314.8353271484375,316.14252
2022-08-09,311.2718505859375,314.35928
2022-08-10,319.9598083496094,311.04742
2022-08-11,318.1436767578125,317.55444
2022-08-12,324.33807373046875,318.3372
2022-08-15,326.9591369628906,323.1655
2022-08-16,326.19342041015625,326.48785
2022-08-17,322.4728698730469,326.13577
2022-08-18,323.2484130859375,322.39554
2022-08-19,316.9460144042969,321.99332
2022-08-22,308.6016540527344,316.99603
2022-08-23,308.3464660644531,308.89868
2022-08-24,309.2397766113281,307.03458
2022-08-25,314.7076721191406,308.18677
2022-08-26,301.8084411621094,313.40942
2022-08-29,298.8340148925781,304.24014
2022-08-30,295.50604248046875,298.5871
2022-08-31,293.7880859375,294.96082
2022-09-01,293.915771484375,293.1727
2022-09-02,289.7632141113281,293.22797
2022-09-06,287.6820068359375,290.24387
2022-09-07,293.4935913085937,287.68982
2022-09-08,295.01519775390625,291.7005
2022-09-09,301.4648742675781,294.5143
2022-09-12,305.0480041503906,300.1977
2022-09-13,288.3201904296875,304.5189
2022-09-14,290.607421875,291.7866
2022-09-15,285.7677307128906,289.13882
2022-09-16,284.0204162597656,285.7163
2022-09-19,286.23211669921875,283.83704
2022-09-20,283.9505615234375,285.4636
2022-09-21,278.8661193847656,284.55185
2022-09-22,275.43389892578125,280.193
2022-09-23,270.9493713378906,276.1112
2022-09-26,269.8282165527344,271.69568
2022-09-27,269.9364929199219,269.7432
2022-09-28,275.3060913085937,269.6197
2022-09-29,267.36962890625,273.85995
2022-09-30,262.8359680175781,269.47488
2022-10-03,269.002197265625,264.06885
2022-10-04,277.4598388671875,266.938
2022-10-05,277.31231689453125,274.91974
2022-10-06,275.1290588378906,277.59033
2022-10-07,264.6454772949219,276.02527
2022-10-10,262.0000305175781,267.15738
2022-10-11,258.400634765625,262.1154
2022-10-12,258.3121337890625,258.55804
2022-10-13,264.37017822265625,257.87454
2022-10-14,256.4238586425781,262.5409
2022-10-17,264.8913879394531,258.72952
2022-10-18,266.986083984375,262.91763
2022-10-19,266.0124816894531,266.32156
2022-10-20,264.65533447265625,266.45065
2022-10-21,270.86083984375,265.0261
2022-10-24,273.8406982421875,268.9435
2022-10-25,279.50537109375,272.772
2022-10-26,273.3293151855469,278.09848
2022-10-27,268.35308837890625,274.91678
2022-10-28,276.5648803710937,269.43692
2022-10-31,273.3489990234375,273.83652
2022-11-01,270.5559997558594,273.67038
2022-11-02,261.2821350097656,271.2254
2022-11-03,256.1779479980469,263.44537
2022-11-04,260.2986145019531,257.1209
2022-11-07,263.1604309082031,258.51514
2022-11-08,265.0782165527344,261.91568
2022-11-09,258.9611511230469,264.61703
2022-11-10,278.0696105957031,260.76797
2022-11-11,283.1932678222656,272.94113
2022-11-14,280.7149963378906,281.7731
2022-11-15,284.599609375,281.81195
2022-11-16,280.7149963378906,283.6226
2022-11-17,280.0954284667969,281.0471
2022-11-18,280.10528564453125,279.51462
2022-11-21,277.2237548828125,279.32013
2022-11-22,281.2165832519531,277.37
2022-11-23,284.0390319824219,279.88495
2022-11-25,282.1705627441406,283.19995
2022-11-28,278.0301818847656,282.70337
2022-11-29,275.9256286621094,278.94684
2022-11-30,288.5038757324219,275.9848
2022-12-01,288.85791015625,284.91083
2022-12-02,287.7073059082031,288.69855
2022-12-05,282.87860107421875,288.21646
2022-12-06,277.0172119140625,283.71948
2022-12-07,275.8862609863281,277.62772
2022-12-08,279.1513366699219,275.1485
2022-12-09,277.3713073730469,277.50586
2022-12-12,280.85272216796875,277.42053
2022-12-13,283.8719177246094,279.90146
2022-12-14,281.7673034667969,283.04764
2022-12-15,272.3065795898437,282.21494
2022-12-16,269.7102355957031,274.29395
2022-12-19,265.9198608398437,269.60663
2022-12-20,265.7128295898437,265.9194
2022-12-21,269.5672607421875,265.07965
2022-12-22,262.9723205566406,268.1457
2022-12-23,263.56378173828125,264.5926
2022-12-27,259.8374938964844,263.4026
2022-12-28,256.4068908691406,260.4879
2022-12-29,262.6568908691406,257.0292
2022-12-30,262.4991455078125,260.5229
2023-01-03,260.7247009277344,262.17255
2023-01-04,261.966796875,261.22177
2023-01-05,257.8658447265625,261.52548
2023-01-06,264.9833374023437,258.7027
2023-01-09,266.6986083984375,262.7583
2023-01-10,268.9560546875,265.89612
2023-01-11,273.6091003417969,268.4115
2023-01-12,275.0877990722656,272.44278
2023-01-13,276.98052978515625,274.72214
2023-01-17,277.5423889160156,276.5056
2023-01-18,273.9344177246094,277.26508
2023-01-19,271.2431640625,274.58908
2023-01-20,278.666259765625,271.53024
2023-01-23,284.8570556640625,276.30878
2023-01-24,284.27545166015625,283.17303
2023-01-25,283.64453125,284.75934
2023-01-26,289.1748962402344,284.00793
2023-01-27,292.05340576171875,287.67413
2023-01-30,286.1484680175781,291.16104
2023-01-31,290.43670654296875,287.32782
2023-02-01,296.64727783203125,288.98694
2023-02-02,307.2938842773437,294.75546
2023-02-03,301.83258056640625,305.08835
2023-02-06,299.2793273925781,303.38364
2023-02-07,305.48004150390625,299.59177
2023-02-08,300.0482788085937,303.34302
2023-02-09,297.3964233398437,300.52435
2023-02-10,295.444580078125,297.28894
2023-02-13,300.17645263671875,295.01797
2023-02-14,302.3944702148437,298.48962
2023-02-15,304.7111511230469,301.6955
2023-02-16,298.9934997558594,304.258
2023-02-17,296.88385009765625,299.99213
2023-02-21,289.8550720214844,296.60706
2023-02-22,290.0719909667969,290.3139
2023-02-23,292.60552978515625,288.93124
2023-02-24,287.7060241699219,291.2269
2023-02-27,289.7663269042969,288.43423
2023-02-28,289.39178466796875,288.9648
2023-03-01,287.06524658203125,289.06125
2023-03-02,289.4410400390625,287.22833
2023-03-03,295.4248352050781,288.44263
2023-03-06,295.76007080078125,293.7166
2023-03-07,292.13232421875,295.6304
2023-03-08,293.5912780761719,292.81628
2023-03-09,288.5045471191406,292.76923
2023-03-10,284.452880859375,288.99857
2023-03-13,286.5625,284.72058
2023-03-14,293.14764404296875,285.40338
2023-03-15,294.6855163574219,291.33432
2023-03-16,302.45361328125,294.58865
2023-03-17,301.0242004394531,301.21237
2023-03-20,302.0925598144531,301.67773
2023-03-21,306.4071044921875,301.84018
2023-03-22,302.2406005859375,305.14355
2023-03-23,305.8246459960937,302.7434
2023-03-24,306.9501342773437,304.61612
2023-03-27,304.84716796875,306.3411
2023-03-28,303.2279663085937,305.04883
2023-03-29,308.7569274902344,303.1795
2023-03-30,311.6794738769531,307.21063
2023-03-31,316.8629455566406,311.03458
2023-04-03,316.09283447265625,316.05945
2023-04-04,315.0264892578125,316.3741
2023-04-05,311.9164428710937,314.91107
2023-04-06,314.0194396972656,311.73907
2023-04-10,313.8416748046875,312.70624
2023-04-11,311.8275756835937,313.23203
2023-04-12,309.0729064941406,311.73975
2023-04-13,315.1252136230469,309.0133
2023-04-14,314.5328369140625,313.35107
2023-04-17,314.79937744140625,314.41486
2023-04-18,314.8191223144531,314.53308
2023-04-19,314.6710510253906,314.36154
2023-04-20,312.2718811035156,314.1071
2023-04-21,312.59765625,312.0483
2023-04-24,311.946044921875,311.7753
2023-04-25,306.0615539550781,311.40176
2023-04-26,307.917724609375,306.56046
2023-04-27,316.290283203125,306.75714
2023-04-28,318.4722900390625,314.20685
2023-05-01,318.10693359375,318.2922
2023-05-02,315.3326110839844,318.36957
2023-05-03,313.26904296875,315.4544
2023-05-04,312.16326904296875,312.77533
2023-05-05,318.7981262207031,311.40283
2023-05-08,319.58795166015625,316.90063
2023-05-09,317.5639343261719,319.40698
2023-05-10,321.0196228027344,317.92145
2023-05-11,322.0661315917969,320.02438
2023-05-12,320.91094970703125,321.54047
2023-05-15,322.648681640625,320.77774
2023-05-16,323.01397705078125,321.8416
2023-05-17,326.9237670898437,322.48914
2023-05-18,332.9958801269531,325.88184
2023-05-19,332.2454833984375,331.88864
2023-05-22,333.3611755371094,332.45572
2023-05-23,329.13543701171875,332.83804
2023-05-24,327.4470520019531,329.09656
2023-05-25,335.414794921875,326.6463
2023-05-26,343.9847717285156,333.24808
2023-05-30,345.54473876953125,342.7619
2023-05-31,343.5799865722656,345.90213
2023-06-01,347.54901123046875,343.74368
2023-06-02,350.15557861328125,346.08743
2023-06-05,350.40240478515625,349.02615
2023-06-06,350.3431701660156,349.7419
2023-06-07,344.39947509765625,349.55807
2023-06-08,348.67462158203125,344.1639
2023-06-09,350.00750732421875,346.75208
2023-06-12,355.92156982421875,349.12744
2023-06-13,358.656494140625,354.7919
2023-06-14,361.2630310058594,358.1968
2023-06-15,365.5677795410156,360.5438
2023-06-16,363.267333984375,364.34933
2023-06-20,362.7472839355469,362.6529
2023-06-21,357.8038635253906,361.36475
2023-06-22,362.0255126953125,356.77216
2023-06-23,358.4366455078125,359.87775
2023-06-26,353.6316223144531,357.8942
2023-06-27,359.7120361328125,353.00745
2023-06-28,360.4139709472656,357.60287
2023-06-29,359.6922302246094,359.73563
2023-06-30,365.23876953125,359.11798
2023-07-03,366.0989685058594,363.62552
2023-07-05,366.0889892578125,365.2669
2023-07-06,363.3009033203125,365.06873
2023-07-07,362.0947265625,362.2124
2023-07-10,362.2133483886719,360.54617
2023-07-11,364.0028991699219,360.68448
2023-07-12,368.6002502441406,362.65854
2023-07-13,374.8585815429688,367.33603
2023-07-14,374.7795104980469,373.81067
2023-07-17,378.2794189453125,374.42206
2023-07-18,381.37396240234375,376.8954
2023-07-19,381.2850036621094,379.9505
2023-07-20,372.4956665039063,380.12872
2023-07-21,371.37841796875,371.67963
2023-07-24,371.9716491699219,369.12885
2023-07-25,374.4928283691406,370.17767
2023-07-26,373.24700927734375,373.24802
2023-07-27,372.3572692871094,372.68866
2023-07-28,379.13958740234375,371.36743
2023-07-31,379.3373718261719,377.25256
2023-08-01,378.4574279785156,378.57452
2023-08-02,370.1524963378906,377.3217
2023-08-03,369.5592956542969,369.10236
2023-08-04,367.82904052734375,367.15363
2023-08-07,370.94342041015625,366.15457
2023-08-08,367.7895202636719,369.29932
2023-08-09,363.7458190917969,367.2524
2023-08-10,364.4181823730469,362.8554
2023-08-11,362.0947265625,362.71164
2023-08-14,366.15826416015625,361.0288
2023-08-15,362.2726745605469,364.48743
2023-08-16,358.4366455078125,361.84143
2023-08-17,354.5213928222656,357.501
2023-08-18,354.0765380859375,353.29645
2023-08-21,359.7811889648437,352.53824
2023-08-22,359.26708984375,358.07288
2023-08-23,364.9322509765625,359.01324
2023-08-24,357.13153076171875,363.76056
2023-08-25,359.8998413085937,357.41705
2023-08-28,362.6088562011719,358.03174
2023-08-29,370.5281372070313,361.16434
2023-08-30,372.5945129394531,369.11127
2023-08-31,373.7117004394531,372.34756
2023-09-01,373.3162536621094,373.08713
2023-09-05,373.7908630371094,372.3068
2023-09-06,370.49847412109375,372.4204
2023-09-07,367.8488464355469,369.52686
2023-09-08,368.3629455566406,366.6424
2023-09-11,372.7032775878906,366.94324
2023-09-12,368.5705871582031,371.38736
2023-09-13,369.97454833984375,368.49323
2023-09-14,372.9999084472656,368.6962
2023-09-15,366.613037109375,371.6212
2023-09-18,366.9952087402344,366.26895
2023-09-19,366.2129821777344,365.24475
2023-09-20,360.9356994628906,364.80444
2023-09-21,354.3217163085937,360.13864
2023-09-22,354.3712158203125,353.35355
2023-09-25,356.05438232421875,352.52902
2023-09-26,350.70782470703125,354.68
2023-09-27,351.5296936035156,350.60968
2023-09-28,354.4703063964844,350.25925
2023-09-29,354.7276916503906,353.12067
2023-10-02,357.6881408691406,354.03903
2023-10-03,351.41082763671875,356.57324
2023-10-04,356.19305419921875,351.31598
2023-10-05,355.1435546875,354.16595
2023-10-06,361.0941162109375,354.3733
2023-10-09,362.9357299804688,359.62772
2023-10-10,364.9457092285156,362.40683
2023-10-11,367.5496826171875,364.26016
2023-10-12,366.27239990234375,366.59558
2023-10-13,361.66839599609375,365.63058
2023-10-16,365.7575378417969,360.98578
2023-10-17,364.55950927734375,363.86295
2023-10-18,359.7772521972656,363.92365
2023-10-19,356.41094970703125,359.4536
2023-10-20,351.093994140625,355.47818
2023-10-23,352.1534423828125,350.33102
2023-10-24,355.5791931152344,350.6766
2023-10-25,346.8760681152344,354.41946
2023-10-26,340.2621459960937,347.51047
2023-10-27,341.8958435058594,339.7219
2023-10-30,345.7474060058594,339.94818
2023-10-31,347.4008178710937,344.2648
2023-11-01,353.4306640625,346.8886
2023-11-02,359.8465270996094,352.3696
2023-11-03,364.0743713378906,358.89478
2023-11-06,365.55950927734375,363.4014
2023-11-07,369.0150451660156,364.8285
2023-11-08,369.2526550292969,367.62943
2023-11-09,366.4110107421875,368.21472
2023-11-10,374.6488037109375,365.52585
2023-11-13,373.48046875,372.5461
2023-11-14,381.5201416015625,373.24796
2023-11-15,381.8073120117188,380.18375
2023-11-16,382.134033203125,381.53302
2023-11-17,382.2231140136719,381.24094
2023-11-20,386.8766784667969,380.91052
2023-11-21,384.6290893554688,385.13715
2023-11-22,386.203369140625,383.80515
2023-11-24,385.6587829589844,384.5997
2023-11-27,385.32220458984375,384.2548
2023-11-28,386.33209228515625,383.78415
2023-11-29,385.955810546875,384.64972
2023-11-30,384.9855346679688,384.47256
2023-12-01,386.0845642089844,383.4198
2023-12-04,382.5003356933594,384.23703
2023-12-05,383.4607238769531,381.1041
2023-12-06,381.2428894042969,381.38812
2023-12-07,386.56976318359375,379.6793
2023-12-08,388.2925109863281,384.39465
2023-12-11,391.609375,387.00992
2023-12-12,394.7282409667969,390.0765
2023-12-13,399.7481384277344,393.1047
2023-12-14,399.4015808105469,397.91174
2023-12-15,401.332275390625,397.93152
2023-12-18,403.860107421875,399.2062
2023-12-19,405.9237060546875,401.7623
2023-12-20,399.8917541503906,404.0594
2023-12-21,404.5447082519531,398.39975
2023-12-22,405.14984130859375,401.7938
2023-12-26,407.630126953125,403.4839
2023-12-27,408.45989990234375,405.89502
2023-12-28,408.2613830566406,406.77777
2023-12-29,406.4945068359375,406.33246
2024-01-02,399.61572265625,404.34436
2024-01-03,395.38720703125,397.44534
2024-01-04,393.3523864746094,392.66306
2024-01-05,393.8189086914063,390.84976
2024-01-08,401.9583129882813,391.72858
2024-01-09,402.75238037109375,399.91885
2024-01-10,405.4821166992188,401.82172
2024-01-11,406.3258361816406,403.6582
2024-01-12,406.53424072265625,404.18478
2024-01-16,406.4945068359375,404.1146
2024-01-17,404.20159912109375,403.99527
2024-01-18,409.93890380859375,401.87485
2024-01-19,418.06842041015625,407.23727
2024-01-22,418.6143493652344,416.2046
2024-01-23,420.3514099121094,417.47717
2024-01-24,422.6840515136719,418.20465
2024-01-25,423.2002258300781,420.16623
2024-01-26,420.6789855957031,420.7811
2024-01-29,424.9869079589844,418.21265
2024-01-30,422.1580200195313,422.07913
2024-01-31,413.8895263671875,420.1001
2024-02-01,418.7632751464844,411.43903
2024-02-02,425.8405456542969,415.27142
2024-02-05,425.2846984863281,423.63443
2024-02-06,424.4310302734375,423.86084
2024-02-07,428.7985534667969,421.93564
2024-02-08,429.5926818847656,425.6149
2024-02-09,433.8211364746094,426.91824
2024-02-12,432.123779296875,430.86392
2024-02-13,425.3839416503906,429.4239
2024-02-14,430.01947021484375,422.1636
2024-02-15,431.2999572753906,426.0625
2024-02-16,427.3890380859375,428.68307
2024-02-20,424.1630859375,424.92804
2024-02-21,422.4656677246094,420.9887
2024-02-22,434.8336181640625,419.18884
2024-02-23,433.5531311035156,431.6293
2024-02-26,433.3248596191406,432.08685
2024-02-27,434.3670959472656,430.4862
2024-02-28,432.0543212890625,430.90063
2024-02-29,435.7567443847656,428.73914
2024-03-01,442.3179016113281,432.2228
2024-03-04,440.73968505859375,439.4393
2024-03-05,432.8285217285156,438.33636
2024-03-06,435.5483093261719,429.47632
2024-03-07,442.1591491699219,431.249
2024-03-08,435.7765808105469,439.0471
2024-03-11,434.1586608886719,433.5772
2024-03-12,440.38232421875,430.54605
2024-03-13,436.9975280761719,436.78918
2024-03-14,435.895751953125,434.46832
2024-03-15,430.7143249511719,432.5034
2024-03-18,434.82220458984375,427.2479
2024-03-19,435.9055480957031,431.00763
2024-03-20,441.0739440917969,433.13245
2024-03-21,443.1612243652344,438.19412
2024-03-22,443.6681213378906,440.42734
2024-03-25,442.0579833984375,440.43872
2024-03-26,440.6267395019531,438.4078
2024-03-27,442.1275024414063,436.74533
2024-03-28,441.3125,438.4017
2024-04-01,442.2467956542969,438.1007
2024-04-02,438.43011474609375,438.94467
2024-04-03,439.41412353515625,435.23962
2024-04-04,432.6951904296875,435.7572
2024-04-05,437.79400634765625,429.49777
2024-04-08,437.9232482910156,433.9484
2024-04-09,439.5433349609375,435.2134
2024-04-10,435.7068176269531,436.55246
2024-04-11,442.6642456054688,432.5628
2024-04-12,435.60736083984375,438.81537
2024-04-15,428.4411926269531,432.7977
2024-04-16,428.48095703125,424.50372
2024-04-17,423.2528991699219,424.28485
2024-04-18,420.8376770019531,420.23068
2024-04-19,412.1308288574219,417.72693
2024-04-22,416.2755737304688,409.42072
2024-04-23,422.4875793457031,412.78436
2024-04-24,423.9188537597656,420.1794
2024-04-25,421.8713989257813,422.24527
2024-04-26,428.3815612792969,419.48016
2024-04-29,430.1209411621094,424.9918
2024-04-30,422.0104675292969,427.55365
2024-05-01,418.9591369628906,419.3753
2024-05-02,424.3064575195313,415.18652
2024-05-03,432.8343505859375,420.90402
2024-05-06,437.5753479003906,430.78677
2024-05-07,437.6449279785156,436.20566
2024-05-08,437.3865051269531,435.5796
2024-05-09,438.3406982421875,434.27716
2024-05-10,439.3743591308594,434.952
2024-05-13,440.38812255859375,436.25253
2024-05-14,443.2208557128906,437.45773
2024-05-15,450.1485290527344,440.3189
2024-05-16,449.2341003417969,447.3662
2024-05-17,449.0154113769531,446.71478
2024-05-20,452.1463012695313,445.4862
2024-05-21,453.0308837890625,448.35727
2024-05-22,452.94140625,449.6186
2024-05-23,450.9039306640625,449.35843
2024-05-24,455.1678161621094,447.08194
2024-05-28,456.8873291015625,451.1676
2024-05-29,453.6669921875,453.49597
2024-05-30,448.80670166015625,449.9905
2024-05-31,447.9718017578125,444.40033
2024-06-03,450.3771362304688,443.39658
2024-06-04,451.6095581054688,446.44397
2024-06-05,460.71392822265625,448.21704
2024-06-06,460.5549011230469,457.18945
2024-06-07,460.1473693847656,457.39014
2024-06-10,462.0060119628906,455.79062
2024-06-11,465.1766357421875,457.25687
2024-06-12,471.2694091796875,460.78635
2024-06-13,473.8237915039063,467.2353
2024-06-14,476.27880859375,469.96793
2024-06-17,482.1131286621094,471.8809
2024-06-18,482.26220703125,477.53314
2024-06-20,478.5449523925781,477.76303
2024-06-21,477.2627868652344,473.30878
2024-06-24,471.8293151855469,471.66797
2024-06-25,477.2249450683594,466.5826
2024-06-26,478.2104797363281,472.19714
2024-06-27,479.4449157714844,474.1848
2024-06-28,476.9561462402344,474.93674
2024-07-01,479.7535400390625,471.88535
2024-07-02,484.790771484375,474.26538
2024-07-03,488.8325500488281,479.80844
2024-07-05,493.9295043945313,484.02536
2024-07-08,495.1041870117188,488.77487
2024-07-09,495.5322570800781,489.5511
2024-07-10,500.698974609375,489.37817
2024-07-11,489.7185363769531,494.61792
2024-07-12,492.5955505371094,483.53412
2024-07-15,493.9195556640625,485.66104
2024-07-16,494.1087036132813,488.42075
2024-07-17,479.6041870117188,488.79993
2024-07-18,477.3344421386719,473.3775
2024-07-19,473.1035461425781,470.1868
2024-07-22,480.1517333984375,467.36172
2024-07-23,478.4593811035156,475.13254
2024-07-24,461.2969055175781,474.15833
2024-07-25,456.2098388671875,455.4259
2024-07-26,460.88873291015625,448.9366
2024-07-29,461.8145446777344,455.3192
2024-07-30,455.4731750488281,457.98074
2024-07-31,468.9523010253906,451.2338
2024-08-01,457.5935974121094,463.87262
2024-08-02,446.7326354980469,453.84802
2024-08-05,433.4128112792969,440.85056
2024-08-06,437.5540771484375,427.45142
2024-08-07,432.8154602050781,432.26935
2024-08-08,446.05572509765625,430.0915
2024-08-09,448.38519287109375,442.97226
2024-08-12,449.350830078125,446.66428
2024-08-13,460.5004577636719,446.3169
2024-08-14,460.64984130859375,456.56326
2024-08-15,472.2872619628906,457.4342
2024-08-16,472.8945007324219,468.20016
2024-08-19,479.1064453125,469.45306
2024-08-20,478.10101318359375,474.79132
2024-08-21,480.3309020996094,473.91586
2024-08-22,472.7153015136719,475.68958
2024-08-23,477.8421325683594,468.13446
2024-08-26,473.2030944824219,472.90915
2024-08-27,474.6167297363281,469.32755
2024-08-28,469.2310485839844,470.15244
2024-08-29,468.5441589355469,464.85492
2024-08-30,474.1289367675781,463.60468
2024-09-03,459.7339477539063,469.62726
2024-09-04,458.539306640625,455.354
2024-09-05,458.9674072265625,452.42624
2024-09-06,446.67291259765625,454.01404
2024-09-09,452.4169921875,442.2771
2024-09-10,456.5981140136719,447.0642
2024-09-11,466.5133361816406,452.90594
2024-09-12,471.0926513671875,463.05463
2024-09-13,473.2030944824219,467.6221
2024-09-16,471.112548828125,468.6343
2024-09-17,471.3614196777344,465.74997
2024-09-18,469.3206481933594,465.72006
2024-09-19,481.1870727539063,464.226
2024-09-20,480.2711791992188,476.65173
2024-09-23,481.5442504882813,476.9083
2024-09-24,483.8670043945313,476.90347
2024-09-25,484.3156127929688,478.95255
2024-09-26,487.9543151855469,479.46017
2024-09-27,485.2427368164063,483.0154
2024-09-30,486.5586853027344,480.29236
2024-10-01,479.7796936035156,481.0743
2024-10-02,480.4576110839844,474.31253
2024-10-03,480.0987243652344,474.62476
2024-10-04,485.81097412109375,475.01544
2024-10-07,480.6071472167969,480.98022
2024-10-08,487.7848510742188,475.7681
2024-10-09,491.6229248046875,482.04492
2024-10-10,491.0646667480469,486.6537
2024-10-11,491.832275390625,485.5908
2024-10-14,495.9594421386719,485.64264
2024-10-15,489.3300476074219,489.95087
2024-10-16,489.3898620605469,483.35602
2024-10-17,489.7287902832031,482.77957
2024-10-18,492.9388427734375,483.88858
2024-10-21,493.8859252929688,487.56027
2024-10-22,494.4242248535156,488.6203
2024-10-23,486.84771728515625,488.70197
2024-10-24,490.7955017089844,480.53543
2024-10-25,493.7862243652344,484.20898
2024-10-28,493.865966796875,488.42883
2024-10-29,498.6112365722656,488.47372
2024-10-30,494.8429260253906,492.80392
2024-10-31,482.3517456054688,488.86777
2024-11-01,485.9206237792969,475.19498
2024-11-04,484.5050354003906,478.7596
2024-11-05,490.6858520507813,479.23886
2024-11-06,504.014404296875,485.64825
2024-11-07,511.9497375488281,499.57852
2024-11-08,512.5479736328125,507.45438
2024-11-11,512.2489013671875,506.3356
2024-11-12,511.32171630859375,504.62537
2024-11-13,510.6637878417969,503.65567
2024-11-14,507.1148376464844,503.46747
2024-11-15,495.0323486328125,500.23828
2024-11-18,498.4716491699219,487.77814
2024-11-19,501.9010009765625,491.49985
2024-11-20,501.6119079589844,496.7008
2024-11-21,503.4163208007813,496.286
2024-11-22,504.2237854003906,497.20096
2024-11-25,505.0213012695313,497.6693
2024-11-26,507.7328796386719,498.19287
2024-11-27,503.73529052734375,500.8871
2024-11-29,508.1615295410156,496.72403
2024-12-02,513.6943359375,500.9728
2024-12-03,515.2694702148438,507.39865
2024-12-04,521.6397094726562,508.89398
2024-12-05,520.1942138671875,514.8061
2024-12-06,524.8497314453125,513.0948
2024-12-09,520.762451171875,517.2785
2024-12-10,518.9879150390625,513.21106
2024-12-11,528.279052734375,510.95163
2024-12-12,524.86962890625,521.2066
2024-12-13,528.88720703125,518.1746
2024-12-16,536.5035400390625,521.1935
2024-12-17,534.1408081054688,529.28876
2024-12-18,514.8706665039062,526.441
2024-12-19,512.5778198242188,504.90173
2024-12-20,517.053955078125,502.54578
2024-12-23,522.0914306640625,509.90854
2024-12-24,529.1708984375,516.19434
2024-12-26,528.8114013671875,522.82416
2024-12-27,521.7818603515625,521.25977
2024-12-30,514.8422241210938,512.55237
2024-12-31,510.4687805175781,505.08932
2025-01-02,509.4702453613281,501.5914
2025-01-03,517.8078002929688,501.80487
2025-01-06,523.7589111328125,511.30618
2025-01-07,514.412841796875,517.801
2025-01-08,514.5027465820312,506.76523
2025-01-10,506.4347839355469,505.54013
2025-01-13,504.8071899414063,498.1559
2025-01-14,504.3279113769531,496.84286
2025-01-15,515.9306030273438,497.40607
2025-01-16,512.3160400390625,509.94882
2025-01-17,520.9630737304688,506.4163
2025-01-21,524.0185546875,513.7641
2025-01-22,530.7185668945312,517.12415
2025-01-23,531.8468627929688,523.40283
2025-01-24,528.8413696289062,524.216
2025-01-27,513.4443359375,520.3686
2025-01-28,521.0330200195312,504.0245
2025-01-29,520.0545043945312,512.55945
2025-01-30,522.2711181640625,513.90283
2025-01-31,521.5122680664062,515.6856
2025-02-03,517.3385009765625,514.40985
2025-02-04,523.6890258789062,509.44382
2025-02-05,526.0654907226562,515.9508
2025-02-06,528.8114013671875,519.04553
2025-02-07,522.141357421875,521.25006
2025-02-10,528.4619140625,513.6522
2025-02-11,527.2037963867188,519.89246
2025-02-12,527.5133056640625,519.5545
2025-02-13,535.10205078125,519.4132
2025-02-14,537.3486938476562,527.3999
2025-02-18,538.5668334960938,529.8635
2025-02-19,538.7166748046875,530.2115
2025-02-20,536.4299926757812,529.8947
2025-02-21,525.296630859375,527.40546
2025-02-24,519.0958862304688,515.71967
2025-02-25,512.5556640625,509.56644
2025-02-26,513.7938232421875,504.14832
2025-02-27,499.5250549316406,506.38605
2025-02-28,507.413330078125,492.07892
2025-03-03,496.3098449707031,499.6614
2025-03-04,494.8121032714844,489.5796
2025-03-05,501.2624816894531,486.938
2025-03-06,487.4730529785156,494.41776
2025-03-07,491.0577087402344,480.72632
2025-03-10,472.0260925292969,483.17203
2025-03-11,470.8977661132813,465.00244
2025-03-12,476.2098693847656,463.20978
2025-03-13,467.6426086425781,470.78796
2025-03-14,478.9457702636719,463.18762
2025-03-17,482.0511169433594,473.5431
2025-03-18,473.8334045410156,477.95502
2025-03-19,480.1739501953125,468.61893
2025-03-20,478.5463562011719,473.8886
2025-03-21,480.1239929199219,473.56473
2025-03-24,490.6600036621094,474.97803
2025-03-25,493.4599914550781,486.03235
2025-03-26,484.3800048828125,489.45596
2025-03-27,481.6199951171875,478.9432
2025-03-28,468.9400024414063,475.0225
2025-03-31,468.9200134277344,462.9919
2025-04-01,472.7000122070313,463.2114
2025-04-02,476.1499938964844,468.70142
2025-04-03,450.6600036621094,472.7876
2025-04-04,422.6700134277344,446.07712
2025-04-07,423.6900024414063,415.34354
2025-04-08,416.05999755859375,416.59323
2025-04-09,466.0,413.19186
2025-04-10,446.1799926757813,462.73026
2025-04-11,454.3999938964844,448.45764
2025-04-14,457.4800109863281,449.2771
2025-04-15,457.989990234375,452.40253
2025-04-16,444.1799926757813,453.1982
2025-04-17,444.1000061035156,439.3516
2025-04-21,433.1099853515625,438.4741
2025-04-22,444.4800109863281,429.40332
